# Supplementary Qt resources - icons added after the original resources.py
# was generated (its generator, Qt's rcc 6.4.3 with python output, is not
# part of the dev environment; PyQt5's pyrcc5 regenerates the whole file at
# double size).  Qt merges every registered resource, so additions live here:
#     py -m PyQt5.pyrcc_main resources_extra.qrc -o resources_extra.py
# then change the import to PyQt6.  Imported by main.py beside resources.
# -*- coding: utf-8 -*-

# Resource object code
#
# Created by: The Resource Compiler for PyQt5 (Qt v5.15.2)
#
# WARNING! All changes made in this file will be lost!

from PyQt6 import QtCore

qt_resource_data = b"\
\x00\x00\xc2\x78\
\x89\
\x50\x4e\x47\x0d\x0a\x1a\x0a\x00\x00\x00\x0d\x49\x48\x44\x52\x00\
\x00\x01\x00\x00\x00\x01\x00\x08\x06\x00\x00\x00\x5c\x72\xa8\x66\
\x00\x00\x01\x85\x69\x43\x43\x50\x49\x43\x43\x20\x50\x72\x6f\x66\
\x69\x6c\x65\x00\x00\x78\x9c\x7d\x91\x3d\x48\xc3\x40\x1c\xc5\x5f\
\x53\xa5\x22\x15\x07\xab\x88\x38\x64\xa8\x0e\x62\x41\x54\xc4\x51\
\xaa\x58\x04\x0b\xa5\xad\xd0\xaa\x83\xc9\xa5\x5f\xd0\xa4\x21\x49\
\x71\x71\x14\x5c\x0b\x0e\x7e\x2c\x56\x1d\x5c\x9c\x75\x75\x70\x15\
\x04\xc1\x0f\x10\x77\xc1\x49\xd1\x45\x4a\xfc\x5f\x52\x68\x11\xe3\
\xc1\x71\x3f\xde\xdd\x7b\xdc\xbd\x03\x84\x7a\x99\xa9\x66\xc7\x04\
\xa0\x6a\x96\x91\x8c\x45\xc5\x4c\x76\x55\x0c\xbc\x22\x80\x01\xf4\
\x63\x06\x63\x12\x33\xf5\x78\x6a\x31\x0d\xcf\xf1\x75\x0f\x1f\x5f\
\xef\x22\x3c\xcb\xfb\xdc\x9f\xa3\x47\xc9\x99\x0c\xf0\x89\xc4\x73\
\x4c\x37\x2c\xe2\x0d\xe2\x99\x4d\x4b\xe7\xbc\x4f\x1c\x62\x45\x49\
\x21\x3e\x27\x1e\x37\xe8\x82\xc4\x8f\x5c\x97\x5d\x7e\xe3\x5c\x70\
\x58\xe0\x99\x21\x23\x9d\x9c\x27\x0e\x11\x8b\x85\x36\x96\xdb\x98\
\x15\x0d\x95\x78\x9a\x38\xac\xa8\x1a\xe5\x0b\x19\x97\x15\xce\x5b\
\x9c\xd5\x72\x95\x35\xef\xc9\x5f\x18\xcc\x69\x2b\x29\xae\xd3\x1c\
\x46\x0c\x4b\x88\x23\x01\x11\x32\xaa\x28\xa1\x0c\x0b\x11\x5a\x35\
\x52\x4c\x24\x69\x3f\xea\xe1\x1f\x72\xfc\x09\x72\xc9\xe4\x2a\x81\
\x91\x63\x01\x15\xa8\x90\x1c\x3f\xf8\x1f\xfc\xee\xd6\xcc\x4f\x4d\
\xba\x49\xc1\x28\xd0\xf9\x62\xdb\x1f\x23\x40\x60\x17\x68\xd4\x6c\
\xfb\xfb\xd8\xb6\x1b\x27\x80\xff\x19\xb8\xd2\x5a\xfe\x4a\x1d\x98\
\xfd\x24\xbd\xd6\xd2\xc2\x47\x40\xef\x36\x70\x71\xdd\xd2\xe4\x3d\
\xe0\x72\x07\x18\x7c\xd2\x25\x43\x72\x24\x3f\x4d\x21\x9f\x07\xde\
\xcf\xe8\x9b\xb2\x40\xdf\x2d\xd0\xbd\xe6\xf6\xd6\xdc\xc7\xe9\x03\
\x90\xa6\xae\x96\x6f\x80\x83\x43\x60\xb4\x40\xd9\xeb\x1e\xef\xee\
\x6a\xef\xed\xdf\x33\xcd\xfe\x7e\x00\x03\xa8\x72\xe1\xa9\x44\x17\
\x42\x00\x00\xc0\xae\x49\x44\x41\x54\x78\xda\xec\x7d\x77\x9c\x9c\
\x55\xf5\xfe\x73\xee\xbd\xef\x3b\x75\x4b\x36\xd9\x14\x08\x09\x1d\
\x4c\x02\x02\x29\x24\xa1\x6c\x16\x50\x8a\x74\x98\x91\x14\xaa\x40\
\x50\x41\xec\xfa\x45\xbf\xbf\xd9\xb1\xfb\x45\xd4\x08\xa2\xa1\x85\
\x74\x98\xa1\x83\x14\x81\x6c\x96\x12\x52\xe9\x09\xbd\x04\xd2\xfb\
\x96\x69\xef\x7b\xef\x3d\xbf\x3f\xde\x99\x10\x90\x92\x06\x82\xce\
\xd1\x7c\xf8\xa0\xbb\xd9\x9d\x99\xf7\x9e\x7b\xce\x73\x9e\xf3\x3c\
\x40\x35\xaa\x51\x8d\x6a\x54\xa3\x1a\xd5\xa8\x46\x35\xaa\x51\x8d\
\x6a\x54\xa3\x1a\xd5\xa8\x46\x35\xaa\x51\x8d\x6a\x54\xa3\x1a\xd5\
\xa8\x46\x35\xaa\x51\x8d\x6a\x54\xa3\x1a\xd5\xa8\x46\x35\xaa\x51\
\x8d\x6a\x54\xa3\x1a\xd5\xa8\x46\x35\xaa\x51\x8d\x6a\x54\xa3\x1a\
\xd5\xa8\x46\x35\xaa\x51\x8d\x6a\x54\xa3\x1a\xd5\xa8\x46\x35\xaa\
\x51\x8d\x6a\x54\xa3\x1a\xd5\xa8\x46\x35\xaa\x51\x8d\x6a\x54\xa3\
\x1a\xd5\xf8\xf7\x07\xfd\x27\xbe\x28\x06\x13\x52\xa0\xec\x92\x2c\
\x01\x09\x2c\x5e\x33\x9b\x00\x60\x60\xcf\xb5\x0c\x00\x89\x6c\xc2\
\x12\x88\xab\x1f\x7f\x35\xaa\xf1\x1f\x74\xe8\x53\x4d\xad\x2a\x83\
\x8c\xdc\xca\xef\x08\xbe\x3e\x91\x91\xff\xa9\x89\xb0\x1a\xd5\xf8\
\xa4\x50\x5f\xf4\x17\x90\x42\x4a\x0c\xc4\x40\x22\x90\x41\x1b\x34\
\x00\x64\xbe\x77\x55\x44\x2f\xe8\xb7\x8f\x9f\x57\x7d\x42\xd1\x58\
\xad\x72\x9c\xb0\x65\xb6\x5e\xbe\xd4\x25\x54\x69\x79\x38\xf2\xee\
\x5b\xa7\x3f\x4a\xeb\xd3\xe5\xaf\x07\x80\x54\x53\xab\x6a\x69\x1b\
\x65\xaa\x95\x41\x35\xaa\x2d\xc0\x17\xe4\xc6\xcf\x22\x2b\x92\x48\
\x1a\x00\x98\x71\xd2\xf5\xbd\x78\xdd\x6e\x27\x48\x1d\x39\x81\x20\
\x87\x12\xb9\xbb\xb9\x14\x13\x42\x48\x80\x08\x04\x82\x65\x0b\xcf\
\xe6\x60\xc8\x5b\x0f\xab\x5f\x31\xb6\x34\x4b\x87\x3b\x1e\xe9\xf7\
\xcb\x09\x4f\x36\x37\xb7\x05\xc9\x23\xc1\x32\x91\x45\xb5\x45\xa8\
\x46\x35\x01\x7c\x5e\x23\x93\x60\x99\xcc\x92\x01\x80\x29\x4d\x53\
\x06\x39\xc5\xbe\xdf\x96\x36\x7a\x46\x44\x74\x6f\x14\x42\xc2\x67\
\x1f\x1a\x9a\x19\x30\x00\x97\x5f\x26\x03\x04\x30\x93\x10\x52\x0a\
\x97\x1d\x28\x96\x28\xda\x0d\xd0\xb6\xf4\x9c\xa1\x52\x46\xc6\xdf\
\x9e\x9c\x9c\x75\xde\xf2\xe0\x67\x64\x64\x32\x1b\x24\x97\x6a\x54\
\xa3\x9a\x00\x3e\x27\xe5\x7e\x0b\x5a\x98\x40\x7c\xdd\x71\x13\xfa\
\xd6\xb4\x7f\xf9\xc7\xca\xd4\x5c\x18\x55\x0d\x91\x92\x2d\x41\xb3\
\x6f\x08\x60\xc0\x12\x07\x07\x9f\x09\x82\x29\x80\x05\xc1\x96\x89\
\x50\xfe\x37\x22\x00\xc4\x02\x24\x1c\x19\x12\x0e\x14\x72\x66\xed\
\x3a\x46\x6e\xc2\xbb\xfd\x9e\xbe\xea\x07\xd9\x1f\x14\x32\xc8\xc8\
\x4a\x85\x51\x8d\x6a\x54\x13\xc0\xbf\xf5\xd6\x2f\xdf\xc8\x04\x4c\
\x1f\xf6\xf0\xb7\xa4\xa9\xff\x7f\x35\x4e\xcf\x5e\x05\xce\xc3\x42\
\x6b\x62\x2b\x00\x62\x40\xb0\x10\x42\x39\x1c\x82\x64\x0a\x5e\x21\
\x01\xcc\x00\x98\x60\xc9\x42\x93\x0f\xcb\xda\x80\xd8\x32\x5b\x11\
\xb4\x07\xc4\x52\x2a\x15\x11\x21\x74\x78\xab\x9f\x2d\x39\x6b\x2f\
\x3b\xf7\xc9\x93\x9f\x28\x27\x01\x1b\x94\x10\xd5\xa8\x46\x35\x01\
\x7c\xf6\x37\x7f\x53\xab\x4a\xb7\x35\xeb\xeb\x86\x4d\xd9\xa3\x9e\
\xf7\x9a\x18\x77\x7a\x7d\xa5\x64\x35\xb4\xf5\x34\x04\x0b\x30\xb1\
\x24\x09\x87\xc2\x92\xd8\xa0\xd3\x6c\x28\x02\xfa\x79\x08\xfd\x92\
\x36\xde\x9b\xc2\x58\xc3\x42\x84\xc8\x71\x7a\xc1\xa8\x2f\x09\x38\
\xfb\x86\x44\xac\x57\x58\xc5\x51\xe2\x12\xb4\xf1\x0d\x60\x29\xc0\
\x16\x84\x0d\xcb\xb0\xf2\x4c\x97\x2e\x60\xfd\x0f\xcf\x9e\x77\xcc\
\x04\x06\x8b\x32\x26\x50\x4d\x02\xd5\xa8\x26\x00\x7c\x96\xf3\xfc\
\x00\xc2\xb3\x53\x87\xdd\xf7\x35\xd7\xf6\xbe\x3e\x16\xea\xd1\xa7\
\x60\x73\x3e\x5b\x5f\x11\x88\x41\x92\xc3\x22\x22\x7d\x93\x43\x49\
\x6f\x7a\x0a\x4e\x71\x46\x49\xac\x78\xe0\xbc\x39\xe7\xbd\xf1\x51\
\xaf\xf8\xfa\xaf\x5c\xdf\x10\xee\xda\x75\x88\x28\x86\x4f\x53\x32\
\x76\x62\x4c\x75\xef\x6b\x01\x14\xb9\xa0\x01\x2b\x09\xb0\x44\x8a\
\x5c\x76\x44\x97\x7d\xf7\xf7\x63\xe6\x1f\xfd\xd3\x72\x12\x32\xd5\
\x24\x50\x8d\x6a\x02\xf8\x8c\xfb\xfd\xa9\xc3\xee\xf9\x51\x8c\xfb\
\xfd\x1f\xa9\x30\x3c\x5b\xd2\x02\x50\x20\xd2\x92\x42\xca\x61\xa0\
\x68\xd7\xb6\xf9\x4e\xfb\xaf\xc7\xcc\xf9\xda\xc3\xef\x1d\x4f\x42\
\x06\xb7\xca\xc5\x4d\x8d\x34\x0a\xc0\x6c\x00\x03\xdb\x46\x71\x02\
\xef\x47\xf8\xa7\x1f\x7e\x6d\x37\x59\xda\xf7\x0c\x41\xf5\x97\xc7\
\x55\xf7\x41\x45\x2e\xc0\x58\xdf\x32\x81\xa4\x70\x74\x8c\xc2\xce\
\x9a\xc2\x2b\xbf\x3e\xe7\xe9\xe3\x7f\x5e\x05\x06\xab\x51\x4d\x00\
\x9f\xd1\xe1\x4f\x23\x6d\x53\x29\x88\xfd\x1e\x7c\x78\x62\x0d\xf5\
\xbb\xb0\x04\x63\xac\xf5\x89\x09\x44\x24\x4c\x84\xa3\xaa\x88\x8d\
\xcb\xd8\x5d\xff\xbf\xc9\x27\x8e\xbd\x19\x1c\x54\x0c\x2d\x4d\xb3\
\x25\xda\x66\xdb\x34\xd2\xf6\x63\x47\x88\x89\xac\x00\x12\xa8\x4c\
\x13\x52\x27\xa6\xa2\x03\xd7\x7d\xe5\xdb\x52\x47\x7e\xae\x9c\xda\
\x5a\x8f\x0b\x06\x80\x90\xe4\x68\x32\xd6\xe9\xa2\x37\x4f\x39\x7b\
\xde\x49\xf7\x54\x81\xc1\x6a\x54\x13\x00\x3e\x7d\xb0\x6f\xca\xb8\
\x1f\xc4\xd4\x2b\x27\x4c\xaf\x73\xf6\x3c\x25\x6f\x72\x9a\x61\x24\
\x98\x58\x08\xc1\x11\x44\x64\x67\x71\x69\xb6\xbd\xe6\xb5\xcb\xc7\
\x3f\x3e\x7e\x65\xe5\x40\x6f\xcf\xed\x5c\x49\x1a\xe9\xb6\xe6\x80\
\x07\x30\xec\xae\x01\x84\x9e\xb7\x87\x55\xcf\xfd\x0b\xb6\x60\x05\
\x98\x1d\x11\x16\x45\x7f\xcd\xd2\x52\xfd\x9b\x83\xce\x7e\xf8\xec\
\x3c\xa1\x0c\x17\x54\xa3\x1a\xa8\x32\x01\x77\xfa\xe1\xbf\xfe\xd0\
\xeb\x7b\x85\x5f\x1b\x78\x47\xcc\xe9\x35\x32\x67\xf3\x3e\xc8\x3a\
\xb0\x30\x8a\x5c\x69\xb9\xc0\x9b\x78\x4d\x6a\xec\xb3\x47\xfd\x02\
\x00\x5a\x9b\x5a\x15\xb5\x91\x46\x16\x66\xfb\x32\x20\x71\xc0\x20\
\x64\x9a\x38\x78\x91\x4a\xce\x1f\xb2\x64\xda\x09\xd3\x8e\xa3\xf5\
\xce\x13\xae\xa8\xdd\xc5\xe7\x12\x79\xb6\x68\xe2\x4e\xef\xdd\x8b\
\x9b\xba\xc6\x10\xe8\xfa\xd6\xa6\x56\xd5\x5c\x4e\x18\xd5\xa8\x46\
\xb5\x02\xd8\x19\x87\xbf\x5c\x5a\x5f\x37\xec\xba\xbe\xf5\xe6\xcb\
\x0f\xc4\x22\xbd\x06\xe5\x74\x87\x0f\x66\x05\x90\x09\x53\x5c\x95\
\xf4\x86\x75\x25\xb9\xfa\x9c\x71\xf3\xbe\xf6\x40\x0a\x2c\x80\x16\
\x7c\x5c\xa9\xbf\x3d\x31\x71\xf0\x42\x67\xfc\xa2\x21\xfe\x94\x43\
\x6f\x3b\xa3\x4e\xec\x7f\x9b\xcf\x30\x80\xe5\x90\x88\xca\x76\x6f\
\xe5\x22\x77\x8f\xbf\x0c\x4f\x64\x33\x55\xa6\x60\x35\xfe\x23\x42\
\x7c\x9e\x0e\xff\xc4\xc1\x93\xfb\x75\x33\x87\x3c\x12\x0d\xf5\x1a\
\xd4\xe5\x77\x68\x00\x8a\x41\x26\x42\x31\x55\xf4\xd7\xbe\xd6\x19\
\x7d\xf9\xa8\x71\xf3\xbe\xf6\x40\x6b\x13\xab\x34\xc8\xee\xec\xc3\
\x0f\x00\xe3\x17\x0d\xf1\x39\xc5\xe2\xec\xb9\x67\xde\x51\x40\xfb\
\xc2\x90\x0c\x4b\x80\x50\xb2\x25\x38\x08\x1f\xd4\xb1\xe6\x8c\x2f\
\x11\x88\x53\xa9\x94\xa8\x3e\x3e\xd5\xa8\x26\x80\x1d\x0c\x4e\xb1\
\x08\x6e\xfe\x09\x7d\xeb\x69\xbf\x87\xa3\xe1\xee\xfb\x15\xb8\xd3\
\x17\x44\x0a\x20\x1d\x13\xb5\x2a\xe7\xaf\x99\xb3\x11\x8f\x8f\xbc\
\xe0\xb1\x71\x2f\xa4\x9a\x5a\x55\x73\x1b\x7d\xaa\xe5\x77\xcb\xec\
\xd9\x82\x08\x0c\x2e\xde\x21\x41\x00\x11\x03\x6c\xc2\x32\xa6\x22\
\x5e\xe4\x4b\x00\x30\x70\xc9\xc0\xea\x06\x61\x35\xaa\x18\x00\x76\
\x10\xed\xa7\x34\xd9\xab\x0f\xbe\x61\x97\x1a\x1e\xf0\x50\x34\xd4\
\x67\xdf\x9c\x69\xd7\x04\x72\x40\xe4\xc7\xa9\xc6\xd9\x98\x7f\x77\
\xd6\xba\xde\x0f\x9f\x76\xf9\x83\xe9\x8e\x00\x23\x08\x7a\xef\x0a\
\xf0\xb7\x78\x4d\x23\x0d\xec\x39\x8a\x2b\x3b\xff\x9f\x34\x01\xd8\
\x9a\x18\xd8\x73\x14\x03\x80\x08\x7b\xcf\xfb\x5e\x11\x60\x08\x00\
\x2c\x84\x0b\xa8\xf8\xee\x00\xb0\x78\x4d\x63\x35\x01\x54\xa3\x9a\
\x00\x76\x6c\xd4\xd7\xc2\x13\x13\x91\xba\xfa\x77\xf6\xbf\x3f\x2e\
\xfb\x0c\xc8\x99\x76\x9f\x00\x87\x99\xfc\x08\x6a\x9c\x76\x7f\xd9\
\xc3\x5d\xf2\xe1\x53\x2f\x7f\x30\x9d\xe7\x14\x0b\x4a\x07\x23\xbb\
\x4c\x22\x23\x29\x4b\xe6\xa3\x80\xbf\x0c\x32\x32\x81\xed\x17\xfd\
\x58\x9c\x6d\x61\x00\x30\x05\xf3\x66\xde\xe4\x8d\xa3\xa2\x92\x61\
\x7d\x01\x01\xc1\xe8\x55\x7d\x6c\xaa\x51\x4d\x00\x3b\x16\x34\x30\
\xd1\x42\xa9\x01\x84\x9a\x07\x5a\xa7\xd6\xb8\xfd\xbe\xdc\xa9\x37\
\x69\xc1\xe4\x30\x43\xc7\x64\xdc\xd9\x54\x5c\x3a\xab\x6b\xd7\x47\
\x4f\x1d\x7f\xdf\xe6\xc3\x6f\x01\x50\x0a\x4c\xc9\x2c\x99\x4c\x22\
\xe5\xfa\xab\x86\x34\x3b\x5c\x73\x98\x31\x68\xb4\xc6\xfa\x0e\x89\
\x17\x43\x3d\x4b\x0f\x9f\x72\xef\xb1\x6f\x55\xaa\x84\xed\x49\x02\
\x2d\xa9\x16\xa4\xd3\x69\xb8\x61\xb7\xce\x16\xa4\x60\x58\x26\x00\
\x20\x06\x43\x54\xd1\xff\x6a\x54\x13\xc0\x0e\x72\xfb\x65\x32\x4b\
\x7a\xea\x90\x7f\x5c\x5b\xe7\xec\x71\x52\x97\xee\xf0\x05\xc3\x01\
\xc8\x8f\xc9\x5a\xa7\xd3\x7f\xf7\x89\x15\xe6\xee\x93\x7f\x74\xdf\
\x55\x9b\x0f\x7f\x99\x16\x0c\x02\xd9\xe9\x43\xff\x71\xa1\x78\xbb\
\xf1\x7b\x51\x19\x1d\xe0\x50\x04\x04\x01\x16\x00\xd8\xa0\xb8\xba\
\xb3\x3d\x3b\x7c\xce\xdf\x76\x1d\x81\x5f\xd0\x9f\xa8\xb0\x3d\x49\
\xa0\x65\xf6\x6c\x01\x80\x3d\x9f\xf7\xaf\x51\x71\x2a\x5a\x5f\x83\
\x2d\x59\xb6\x90\x24\xde\xad\x3e\x36\xd5\xa8\x26\x00\xec\xc8\xac\
\xbf\x59\xdf\x7c\xd8\x9d\xe3\xeb\xb1\xcf\x37\xf3\x26\xef\x13\x5b\
\xc5\x80\x89\x88\xb0\xd3\xe5\xbd\xfb\x5c\x67\xf7\xb9\xa7\xfc\xe8\
\x9f\x57\xe5\xb6\xbc\xf9\x5b\x00\x42\x8a\x30\xfd\xfe\x47\x6e\xa8\
\x77\xf7\xb8\xc0\x37\x0c\xcd\x45\x63\x50\xb0\x15\x4e\x0e\x03\x24\
\xa4\x5b\x57\x27\x7a\xfe\xf4\x9d\xc7\xdf\x1c\x96\x49\x64\x4e\x44\
\x16\x25\x06\x63\x5b\x92\x40\x19\x03\x60\x69\xa3\x23\x84\x74\xc0\
\x28\x81\x40\x64\xd8\x07\x7b\xb9\xb7\xb6\xd4\x17\xac\x46\x35\x50\
\x9d\x02\x6c\x5d\x24\xca\x44\x9f\xc9\x43\xb2\x07\xc7\xbc\xfe\x7f\
\xf6\x8c\x35\x16\xbe\xe2\x80\x6d\x27\x73\xfe\xda\xe5\xf9\xf8\xab\
\xa7\x5e\xf4\xcf\x1f\x6c\xc8\x24\x32\xb2\x7c\xf8\x91\x49\x64\x44\
\x1a\x64\xf7\xbe\xfb\xc1\xbf\xf6\x70\xf7\xbf\xa0\x60\x7d\xcf\xb7\
\x05\xc3\xb0\x60\x0b\x02\x0b\x87\x99\x14\x98\xc9\x5a\x6d\x37\xd9\
\x8d\xa5\x7a\xa7\xdf\x51\xde\x9b\x0d\x57\x11\xc8\x06\xb4\x5f\x6c\
\x35\x33\x30\x99\x25\xf3\xd0\xb8\x29\x31\xd8\xd0\x71\x9e\xf5\x00\
\x58\x22\x21\x64\xd1\xef\x2c\x14\xe5\x9a\x57\x02\x9c\x60\x71\x35\
\x01\x54\xa3\x9a\x00\xb6\xe5\x60\x25\xb2\xc0\x94\x03\xa7\xc4\x14\
\xf7\x9e\x12\x72\xeb\xc3\x06\x1e\x0b\x80\x15\x5c\xd6\xba\xb3\x58\
\x8c\xac\x3c\xfd\xfc\xb6\xf3\xdf\x4e\x35\xa5\x54\x85\xd6\x5b\x61\
\x07\x4e\x3f\xf4\x9e\x33\x1a\xc2\x7b\x5f\xd2\x69\x3b\x7d\xb6\x9e\
\xc3\xc4\xe4\x88\xb0\x0c\x53\x48\x19\xbf\xa8\x61\x3d\x0a\xcb\xa8\
\x04\x49\x30\xdb\x50\x8e\xf3\x3a\x4c\xdd\x2e\x99\x34\x34\x73\x50\
\x32\x9b\x34\xa9\x14\x6f\xd5\x6b\xcd\x26\x82\xf7\x64\xc3\x6b\xdd\
\x4f\x8c\x88\xda\x7e\xbe\xf5\x35\x31\x41\xc1\x05\x93\xf7\x56\x69\
\xd0\x9c\x77\x00\xc2\xa7\xc1\x41\xa8\x46\x35\xfe\x63\x13\x40\x36\
\x11\xe8\xf7\x51\xa8\xd7\x1f\xbb\x85\xfb\x0d\x2a\x9a\x9c\x06\x43\
\x82\xa5\x95\x04\x59\x74\x57\x5f\x72\xde\xe3\xa7\xcf\x6f\x6d\x6a\
\x55\xe9\xb6\xb4\xae\x94\xf4\x89\x6c\xc2\x66\x86\x5f\x15\x91\xba\
\xe1\x37\x5a\x10\xb3\xd5\x82\x09\x1c\x95\x11\xe1\xfb\x1b\x97\x14\
\xd4\x8a\x0b\xb9\xfb\xba\x83\x3d\x67\xd9\xc8\xbc\x59\x7e\x8b\x4b\
\x52\x00\xb0\x0c\xc3\x51\xa7\x3b\x85\x55\x8f\x24\x00\x8c\x0a\xfa\
\x7a\x7c\xf2\x04\x00\xcc\x9c\x12\x40\xed\x0f\x20\x1c\x80\x2d\x31\
\x11\x2b\x21\x01\xe9\xcf\x1d\x7f\xdd\x75\x7e\x06\x56\x56\x1f\x9d\
\x6a\x54\x31\x80\x6d\xe4\xf8\xdf\x34\xf2\xb6\x13\xe2\x76\x97\x8b\
\x0b\x36\xa7\x01\x96\x00\x4c\x54\x44\x54\xbb\x7e\xfb\x9a\xb3\xe7\
\x9e\x30\x39\xf5\x01\x8e\x7d\x36\x91\x11\xc9\x2c\x99\xe9\x7c\xcf\
\x09\x35\x6e\xf7\x7d\x3d\x93\x37\x00\x10\x12\x11\x51\xd4\x6b\xe6\
\xcb\xba\xd7\x4f\x38\xfd\xd1\x73\xd7\x6f\xf1\xa3\xe6\xde\x3a\x6c\
\xfe\x01\x61\xd5\x6d\xa0\x6f\x0b\xda\x12\x40\xc6\x19\x0c\x00\xb3\
\xdb\x46\xd9\xad\xd5\x1a\xdc\xef\xd0\x7f\x8e\xae\x51\x8d\x43\x8b\
\xb6\xa0\x99\x58\x12\x84\x61\x5b\x02\xcb\x62\x2b\x00\x2c\x6e\x9a\
\x4d\x68\xab\x3e\x3c\xd5\xa8\x56\x00\x5b\x55\xfa\x2f\xce\x26\x38\
\x93\x98\x58\x17\xd1\x3d\xaf\x25\x0a\xb1\x61\x4d\x04\xd8\xb0\x8c\
\xa9\x0e\x5e\x35\x57\xed\xfe\xd8\x0f\x32\x60\xd9\xd2\x36\xea\x03\
\x73\xfd\x04\x00\x80\x74\xfc\x38\x49\x21\x66\x82\x25\x21\x84\x67\
\x72\xc5\x4e\xb9\xf2\xdc\xd3\x1f\x3d\x77\x7d\x66\x40\xc6\x4d\x21\
\x25\x32\x89\x17\x5d\x06\x43\xb8\x3c\xd7\x21\x07\xcc\xe0\x00\x23\
\xa0\x7a\x00\x68\xf9\x84\xed\xbd\xe0\xf7\x04\x3f\xf4\x83\x29\x31\
\xc1\xf1\x5f\x1b\x16\x0c\xb6\x44\x20\x16\x24\x64\x5e\xb7\x77\x15\
\xe5\xaa\xb6\x0a\xd9\xa8\xfa\xe8\x54\xa3\x9a\x00\xb6\xb2\xf4\x4f\
\x83\xac\xb7\x74\xb7\xff\x57\xab\xfa\xf6\x2f\x71\xc9\x00\x20\x87\
\x42\x28\xe9\x0d\x9d\x32\xb4\xee\xec\x64\x36\xed\x25\x52\xe0\x0f\
\x22\xf5\xc9\xac\x08\x12\x02\xb9\x83\x2c\x83\xc0\x8c\x30\x85\xc9\
\xe7\xce\xb6\xf3\x9f\x3a\xf3\xe5\x0c\x32\x32\xb9\x24\xe9\x05\xfd\
\xf8\x92\x40\xd3\x9f\x75\x9c\xb7\x38\x9e\x04\xb9\x55\x73\xfb\xd9\
\x4d\xb3\x65\x1a\x64\xd7\xb4\x76\xff\x65\xad\xea\xb5\x87\x6f\x8a\
\x86\x89\x04\x40\x36\x24\xc2\x64\xc9\x9b\x77\xc1\xe3\x17\xbc\x5b\
\xd1\x2a\xa8\x3e\x3a\xd5\xa8\x26\x80\xad\x2a\xfd\x13\xf6\xa6\xe1\
\x99\x03\xc2\xdc\xf3\xd2\xa2\x29\x19\x62\x2b\xc1\x64\x25\x09\xe9\
\x39\x1b\x7e\x94\x6c\x3b\xe5\xf5\xd6\xa6\x56\x55\x41\xfc\x3f\x34\
\xac\x88\x30\x18\x20\x66\x29\x14\x84\xd4\x8b\x01\x00\x03\x06\x48\
\x00\x94\x6a\x6a\x55\x89\x6c\xc2\x4e\x18\x9b\xaa\xd5\x1e\x46\x79\
\x5c\x02\x08\x42\x10\x31\x49\x5a\x05\x00\x59\x7c\xf4\x24\x20\x83\
\x8c\x6c\x6e\x6b\xd6\x93\x0f\xbb\xe3\xf0\x28\xed\xf2\x9d\x82\xf5\
\x34\x13\xcb\x00\x85\x20\x06\x18\x56\x74\xfe\x03\x00\xd0\x34\xaa\
\xba\x04\x54\x8d\x6a\x02\xd8\xba\xeb\x3f\xa0\xcf\x39\x5e\xf7\x5f\
\x47\xdd\xee\xae\x81\xcf\x00\x99\x88\x8c\xaa\x2e\x7f\xe5\xac\xb1\
\x73\x8e\x9d\x98\x49\xb0\xfc\xa8\xdd\x7a\x86\x25\x10\x40\x02\xeb\
\x01\x62\x10\xc1\x87\x07\xb2\xe1\xe6\x4c\x22\xe5\x26\x97\x0c\xf2\
\x00\x70\xba\xad\x59\x13\x88\x7b\x2c\x39\xec\x37\x71\xd1\xab\x97\
\xcf\x9e\x01\x49\x80\x2d\x79\xba\x7d\x6e\xd0\xb7\x7f\x38\x77\xbf\
\x42\x30\xba\x6a\xf8\x55\x91\xb0\xdf\xf3\xef\x6e\xa8\x56\x1a\x78\
\x81\x9c\x30\x03\x04\x52\xf9\xd2\xfa\x22\xbb\x1b\xef\x03\x00\x8c\
\xaa\x96\xff\xd5\x40\x15\x04\xdc\x6a\xe0\xef\x90\x99\x47\x44\x65\
\xc3\x49\x05\x9b\x37\x04\x16\x82\x1c\xf6\x74\x47\x89\xe2\x6b\xbf\
\x1f\x74\xe5\xd9\x8f\xfc\x3b\x02\x79\x2f\x68\x6b\x0b\x0b\x05\x70\
\x14\x83\xc8\x33\x45\x13\xa6\x86\x83\xf3\x6f\x7c\xe5\xb6\x29\x23\
\x0e\xbc\x22\xdc\x77\xdd\xbb\xfe\xbb\x8d\xfb\x49\xdb\xe3\xfb\x61\
\xea\xf5\xf5\x12\x4a\x06\xb0\x24\xe1\x8a\xae\xd2\xba\x12\xcb\xf6\
\xdb\x3e\xae\x6f\x0f\xd4\x80\x92\x7a\x9a\xff\xc0\x6f\x6a\x42\xbb\
\x0c\xec\xb2\x39\x0d\x22\x45\x0c\x66\xc0\x86\x28\x2c\x3b\xcc\x9a\
\x05\x63\x1f\x1b\xfb\x5a\x0a\x29\x91\x4e\x57\xcb\xff\x6a\x54\x2b\
\x00\x7c\xf2\x38\x2d\xc1\x00\x10\x72\x7a\x5e\x11\x72\xeb\x60\x8c\
\x65\x08\x61\x42\x22\x2c\xf3\x66\xc3\x0d\x67\xb5\x9e\xf1\xdc\x27\
\x8a\x6c\x8e\x0a\x90\xfb\x70\x24\x3f\x23\xaf\x37\x6a\x62\x49\xd6\
\x1a\xe1\xb1\x67\x63\x6e\xef\x93\x5c\xbd\xfb\x42\xbc\x7d\xf0\x73\
\xca\xf4\x9f\x1b\x97\xbb\x7d\x5d\xc3\xb7\x0c\x23\x08\xa4\xa3\x08\
\x49\xcb\xed\xd7\x9e\x33\x3f\xf9\x56\x06\x19\xf9\x61\x7d\x7b\x45\
\x6e\x7c\xca\x91\xb7\x9d\x14\x77\xfb\x7e\x37\x6f\x4a\x95\xe9\x04\
\x83\x80\xc0\x54\x04\xd0\xa2\x74\x37\x00\x8c\xaa\x96\xff\xd5\xa8\
\x26\x80\xad\xbb\xfd\xd3\x20\x3b\xe5\x88\xec\xc8\x90\xe8\x7e\x6c\
\xde\xe4\x2d\x60\x85\x84\xa3\x72\xde\xba\x35\xc5\xba\x37\x7f\x19\
\xa0\xee\x1f\xcf\xa6\x4b\xa7\xc9\x66\x12\x19\x79\xc6\x93\x27\x3d\
\xe7\xd1\xa6\xbf\xd4\x50\x8d\x22\x52\x1e\xc3\xa0\xc4\x05\xad\x44\
\xd8\x75\x55\x7d\x7f\x29\x43\x28\xd8\x2e\x6d\x61\x88\x48\xfa\x71\
\xd5\xcd\xed\xb0\x2b\xe6\x48\x77\xd3\xcf\x52\x60\x91\x40\xc2\x7e\
\x98\x0e\x41\xba\xad\x59\x67\xbe\xf2\xd0\x1e\x91\x52\xff\x1b\xc0\
\x21\xcb\xf0\x89\x40\x44\x00\x98\x19\x20\x92\x79\xbd\xd1\x38\xe1\
\xd2\x83\x41\x3e\x1a\x55\xbd\xfd\xab\x51\x4d\x00\x5b\xd5\xfa\x03\
\x90\xc5\xc6\x6f\x46\x44\x1d\x81\xad\x25\x12\x36\xc4\x61\xb2\xa6\
\xe3\x2f\x17\xcd\xba\x68\x75\x36\x81\xad\x42\xd3\x93\xd9\x84\xcd\
\x20\x23\xd7\x37\xbc\x78\xc5\x46\xef\x9d\x7b\x6a\xa8\x36\x24\x65\
\x58\x30\x08\x16\xc6\xf8\x5c\xf2\x99\xa1\xc1\x04\x85\x10\x45\x29\
\xe2\xe6\x78\xf9\xa3\xa1\x41\xf9\xd3\x93\x73\x93\x85\x16\xfe\xd7\
\xe9\x02\x83\x29\x9b\xce\xd2\xc2\x89\x17\x3b\xe8\x8a\x4e\x8d\x8a\
\xc6\x9e\x3e\x17\x19\x20\x01\x0e\x96\x08\x09\xb0\x61\x11\x21\x1f\
\xb9\x85\xa3\x8f\x79\xfa\x25\x06\xd3\xc7\x02\x95\xd5\xa8\x46\x35\
\x01\x94\x0f\x57\x36\x69\x6e\x18\x39\x63\x17\x49\x91\x93\x4a\x5c\
\x64\x00\x24\x49\xa9\x9c\xbf\x6e\x9d\x8c\x79\xd7\x05\xb7\x7f\xcb\
\x56\x72\xe9\x89\x13\x48\xd8\xcb\x1f\xfc\x6e\xe9\xe5\xf8\x15\x67\
\xb4\x9b\x37\x7f\x65\x4a\x9d\x1d\x31\x44\x54\x4c\xd4\xa9\x28\xd7\
\x38\x71\x8e\x3b\x21\x38\xca\xe8\xae\x55\x1d\xfc\xd6\x15\x2f\x7c\
\xe5\x27\xc7\x9d\x72\xe3\x31\xab\x53\x48\x09\xa2\x7f\x5d\x02\x9a\
\xdd\x34\x5b\x26\x29\x69\x5e\x9d\x74\xe6\x9f\x6b\xa8\xdf\x61\x79\
\xdb\xe5\x23\x40\x0d\xa9\x4c\x17\x60\xae\x94\xff\xb6\x90\xa5\x74\
\xda\xb6\x34\xcd\xae\xb2\xff\xaa\x81\x2a\x08\xf8\x09\x51\x01\xee\
\xc2\xdc\x78\x66\x5c\x36\xd6\x15\x4c\x5e\x83\x09\xae\x8c\x40\x87\
\x36\x3d\x90\x7c\xe2\x84\xb5\x99\x44\x46\xa6\xb3\x69\xb3\x2d\xca\
\xbd\x0c\x26\x6a\x23\x0d\x8c\xfa\xdf\x1b\x0e\xbe\xe1\x06\x32\xfb\
\x1d\xcd\x86\x0f\x06\xb8\xc1\x1a\xbb\x8e\xa5\x9e\x63\xe3\x6f\x3e\
\x3a\xb6\x6d\xfc\x3a\xcc\xdd\xac\x05\xf0\x2f\x37\x76\x45\xd1\x77\
\xf2\x90\xbb\x2e\xa8\xa3\x3d\xbf\xd5\x65\xba\x34\xc3\x04\x2e\x43\
\x81\x8b\x30\x01\x6c\x25\x29\xd9\x55\x5a\x57\xe0\xda\xfc\x5d\x00\
\xaa\xe4\x9f\x6a\x54\x13\xc0\x56\x25\x80\xb6\x51\x26\x4d\x80\xb0\
\xe1\x33\x59\x04\x76\x1d\x54\x5e\xd7\x17\x21\xfb\x2e\x83\xa9\xa5\
\x22\xdf\x85\x6d\x94\xef\x06\x28\x83\x8c\x48\x3e\x93\x5c\x0a\xe0\
\xa6\x8f\x99\x3e\x7c\xa8\x1a\x50\x26\x91\x91\xcd\xd9\x66\x3d\x69\
\xf8\xb4\xc3\xa2\xba\xff\xb5\x1e\xac\x09\x40\x43\xc1\x00\x04\x13\
\x33\x05\xe3\x3f\x1b\x12\x61\x55\x30\xab\xda\xce\x6b\x3d\xfd\x8d\
\x14\x58\xa4\x51\x2d\xff\xab\x51\x4d\x00\xf8\x44\x8d\x3f\x90\xcd\
\x1c\x93\xd9\xc3\xb6\xab\xc1\x25\xce\x13\xc3\x4a\x02\x59\xcd\x06\
\xc5\x76\xaf\x99\x98\x90\xa2\xd4\xf6\x1e\x26\x4e\x22\x69\x52\x48\
\x89\x0a\x21\x67\x60\xdb\x5a\x5e\x8c\x46\x1a\x98\x18\xc5\x89\x2c\
\x2c\x95\x9d\x7e\x3e\x0c\xf4\xa3\x34\x99\x29\x47\x4c\xd9\x23\x5c\
\xdc\x3b\xeb\xba\xf1\x50\xc9\x14\x2c\x00\x12\x70\x48\x8b\x02\x88\
\x25\x98\x2d\x0b\x92\xb0\xd6\x83\x51\xf9\x19\x00\x80\xa6\xd9\x02\
\x6d\xa8\x26\x80\x6a\xa0\xea\x0b\xb0\x15\x2e\xbe\xd3\x47\xfe\xf3\
\xc2\x5a\xea\x77\x7d\xc1\x78\x86\x36\xe3\x0c\x82\x1d\x22\x91\xb7\
\xaf\x9d\x32\x66\xde\xa9\xf7\x54\xbe\x16\x9f\xa1\xcf\xe0\x75\x83\
\x5b\x22\x75\x74\x6c\x5b\xdc\xed\x33\x24\x6f\xbb\x34\xd8\x8a\xb0\
\x88\x89\x2e\xbb\xf6\x75\x21\x9d\x58\xc8\xd6\xf4\x31\x5c\x34\x42\
\x84\xa4\xa7\x37\xad\x16\xbb\xbf\x33\x20\x99\x4d\x6e\xd8\x5e\x69\
\xb1\x6a\xec\x20\x96\x94\x80\x40\x36\x0b\x24\x12\x48\x64\x51\xf5\
\x62\xc0\xe7\x1c\x04\xac\xa8\xe4\x90\x0e\x1d\x4d\x70\x2b\xbd\x7b\
\xa5\x8b\x67\x92\x2e\x4b\xee\xf9\x87\xa9\xc7\x4d\xa8\x45\xdb\x6c\
\x9b\xc2\xa7\xaf\xad\x5f\x39\xfc\x2d\x4c\x54\x2b\x46\xdd\x12\x77\
\xfa\x0c\xc9\xeb\x2e\x4d\xcc\x42\x89\x08\x15\xbc\xf6\xd5\x96\x3a\
\x6e\x52\x5e\xb8\xde\xc2\x58\x90\xb4\x2e\x42\xd0\xc8\x67\x93\xd9\
\x64\x20\x4c\x52\x7d\xf0\xf0\x59\xab\x46\x11\x88\x93\x59\x32\x49\
\x24\x4d\x32\x4b\x86\x40\x9c\x49\xb0\xac\x30\x37\xab\xf1\xb9\x6b\
\x01\x02\x25\x9d\x49\xe7\xa6\xc2\xf2\xd5\xd0\x60\xcd\x1a\x0c\x2b\
\x00\x41\x00\x0c\x13\x8b\x92\x29\x9a\x98\xdb\x6b\x1f\x5e\x7b\xe0\
\xa4\x34\x9a\xcf\xc8\x24\x58\x72\xb6\xe5\x53\xbb\x5d\x83\xc5\x9d\
\x5f\x58\x70\x5a\xec\x73\xe8\xac\xe9\x35\xb2\xdf\x49\x05\xce\xfb\
\x00\x2b\x49\x8e\x96\xc6\x3a\x1d\xbc\xe2\x9b\xd2\x74\xbb\x28\xec\
\xd6\x44\x0a\xa6\x43\x03\x42\xe5\xf5\x06\xed\xc7\xd6\xdd\x58\x7d\
\x3c\xf0\x99\x2b\x45\x03\x2d\x48\x66\xc9\x4c\x3c\x31\x15\xad\x5b\
\x71\xe4\xe5\x8e\x0c\x0d\x33\xaa\x74\x47\x47\xe3\xc2\xbb\x92\x59\
\xea\x0c\xbe\xae\x55\x01\xb3\x6d\x75\x29\xeb\x73\xd4\x02\x54\xf4\
\xfb\x66\x1c\x9e\x3d\x50\x79\xbb\x3f\x4d\x22\x2a\x98\x4d\xb0\x8f\
\x27\x04\x59\x58\xcb\x96\x49\x40\x98\x88\x8c\xaa\xf5\xfe\x5b\x13\
\xce\x59\x70\xf4\x77\x03\x8b\x2f\x60\x67\x83\x6c\x15\x96\xe1\xc4\
\x8b\x07\x3b\x35\xcf\xfe\x61\x66\xad\xec\x7f\x46\xc1\xe6\x7d\x86\
\x51\x44\xc2\x8f\x23\xee\x6e\xf0\xdf\xfa\x81\x0c\x77\xce\x89\xd9\
\xfd\x9f\x2a\x59\xdf\x80\xd8\x86\x29\xe6\x6c\x28\xbc\xf9\x8f\x73\
\x9e\x3d\xe6\xc4\x2a\xf8\xf7\x99\x15\xfc\x94\x49\x40\x54\x9c\x9a\
\xa7\x8c\xbc\xf3\x8c\x70\xa9\xd7\x2f\x62\x4e\xef\x01\x4c\x0c\xb0\
\x46\xde\x6e\x7a\xdb\xe7\x0d\x93\xbb\xc2\xef\x4c\x1c\xff\xf8\xf8\
\x95\x95\x25\xae\xc5\x58\xcc\xd5\x44\xf0\x39\x68\x01\xca\x4a\xba\
\x30\xa5\xf8\xb0\xb0\xa8\x95\x04\x6b\x00\xb0\x24\x89\xa2\x5d\xff\
\xa2\xf5\xb5\x2f\x84\x64\x86\x15\x79\x2e\xea\xee\xa1\x7e\x97\x67\
\x86\xcd\xba\x16\x4c\x48\x83\x6c\xaa\xa9\x55\xed\xac\xde\xb1\xb5\
\xa9\x55\x25\xb3\x49\x73\xe3\xe1\x37\x36\xd6\x2d\xfa\xf3\x7d\xb5\
\x72\xf7\x33\x0a\x5c\xf0\x19\x56\x11\x09\x3f\x46\x71\x77\x43\x71\
\xe9\xd4\xb1\x8b\x8e\xfa\x23\x4a\xdd\x7e\x2d\x28\x04\xb6\x96\xc1\
\x24\x34\x17\xc1\x91\xc2\xd5\x00\x30\x30\x91\xad\x96\x9b\x9f\x41\
\xb9\x8f\x72\xb9\x7f\xe3\xe1\x37\x0e\x98\x3a\xf4\xd1\x3b\x6b\xec\
\xbe\xb7\xb9\x4e\xe3\x80\x2e\x9b\xd7\x05\x93\x37\x05\x68\x1d\x92\
\xdd\x77\xaf\x77\xf6\x4d\xd5\x17\x0f\x7a\x76\xda\xc1\xb3\x7f\x7b\
\xf3\xc8\x99\x7b\x25\x91\x34\x69\xa4\x6d\x06\x19\xf9\x59\xb4\x93\
\xd5\x0a\x60\x2b\xfc\xfd\xa6\x1f\x3a\xeb\xc6\x7a\xb1\xfb\x05\x79\
\xdb\xa5\x01\x22\x87\xa4\xd4\x35\xef\x1e\x5e\x5a\x1b\xba\xa4\x7b\
\x74\xcf\x71\x5d\x76\x93\xc7\x80\x43\xa4\x74\x84\xc2\x4e\x87\xbf\
\xec\xfe\x9c\xf3\xea\x45\x17\xce\xb9\x70\x45\x0a\x2c\x06\x26\xb2\
\xb4\x33\x6c\xbe\xa7\x1c\x71\xe7\xc8\x70\xa9\xd7\xcd\x51\xd5\x67\
\x9f\xa2\xcd\xf9\x96\xb5\x12\x24\xfd\x08\xd7\xb8\x1d\xa5\xa5\x77\
\xbe\xfc\x6c\xd3\x99\xfb\x1e\x76\xc7\xc8\xb0\xd9\xfb\x71\x66\x61\
\x01\xb6\xae\x8c\xca\x4e\x7f\xe5\x33\xce\x8f\x56\x0c\x5b\x9c\xac\
\xde\x2c\x9f\x45\xb9\x9f\x06\xd9\x2b\xbf\x32\x2e\xd6\xbb\x63\xf4\
\x8f\xc2\xdc\xf3\x07\x61\xd9\x3d\x5e\xb4\x79\x03\x36\xc1\x32\x36\
\x49\x03\x58\x01\x26\x82\x20\x23\xa1\x1c\x17\x2e\xf2\x7a\x53\x87\
\x95\x1d\x33\x4c\x78\xf9\x84\xb1\x6d\x63\x5f\xde\x5c\x11\xa4\x12\
\x9c\xae\x32\x36\xff\x1d\x53\x00\xa6\x54\x8a\x68\xbf\x7f\xb4\x2d\
\x8a\xb9\xbb\x1e\x54\xd2\x39\x2d\xa5\xa3\x3c\xaf\x7d\xbd\xef\x77\
\xf4\x97\xdd\xd6\x45\x9c\xdc\x3e\x4f\x46\x43\x8d\xfb\x16\x4c\x97\
\x4f\x0c\xc7\x4a\xf8\x61\x11\x73\x4a\xde\xba\x77\x0c\x3a\x7f\x78\
\xd6\xfc\xa3\xb3\x5b\x4e\x14\x5a\x46\x8d\xb2\x48\xff\x2b\x95\xf7\
\xfd\x48\x71\x60\x0f\x56\x39\xf8\x99\xc4\x35\x71\xff\xdd\x01\xdf\
\x77\x75\xfd\x15\xae\x53\x13\x2a\xd9\x82\x26\x40\x82\xc8\x8f\xa1\
\xc6\xdd\x58\x78\xeb\x9e\xb9\xb9\xdf\x27\xaf\x7e\xfd\xc1\xd2\xcc\
\x61\x8f\x3f\x1c\x97\x7d\x8f\x29\xda\x4e\x43\x20\xb8\x2a\x2c\x37\
\xe9\xd7\x46\x9f\x33\xef\x84\x5b\x3e\xcb\x29\xc5\x7f\x1b\xba\xbf\
\x65\xa2\x9e\x34\xe2\x96\x53\xc3\xba\xef\x2f\x6b\xd4\xae\x83\x8a\
\x5c\x84\xb5\xbe\x66\xb0\x24\x16\xc6\x95\xae\x52\x50\x60\x30\x4a\
\x5c\x62\xcb\xc6\x22\xc8\x04\x56\x90\x54\x21\x11\x41\x5e\xaf\xef\
\xd4\x36\x37\x4d\x53\xc7\xb5\xe7\x2c\x3c\xe9\xc5\x20\xb9\xb0\x68\
\x09\xa0\xe7\x6a\x22\xf8\x2c\x12\x40\xa5\x57\x9e\x76\xc2\x0d\xfd\
\xc5\xda\x2f\xbd\xe4\xaa\xfa\x88\xb5\x46\x47\x65\x54\xe5\xf4\x8a\
\xd9\x4b\x8e\x3f\xe2\xe8\x74\x9a\xec\xcd\x23\xef\xd8\x2b\xa6\x77\
\xbb\x3f\xa2\xba\xef\x5b\xe2\x9c\xc7\xcc\xca\x82\xac\x43\xae\x22\
\x36\x28\xd9\x8d\x8f\x10\x6d\xfa\xbf\xe4\xdc\xaf\x3d\x02\x7a\x4f\
\xc2\x8b\xc1\xb4\xa5\xa0\x47\x02\x09\x26\x08\xbb\xa5\xca\xd7\xe4\
\xa3\x27\x77\x77\x3b\x76\x49\x2a\xd4\x5f\x1e\x55\x0d\xfb\x15\x6c\
\x01\x16\xc6\x06\xd7\x88\xb2\x71\x11\x57\xeb\x8a\x6f\x67\xe7\x77\
\xfe\xf6\xec\xab\x5f\x7f\xb0\x34\x7d\xc8\xfd\x27\xc5\xc5\xee\xf7\
\xf8\xb0\x06\xb0\x70\x44\x44\xe4\xf5\xea\x25\x72\x8f\x15\x87\x2c\
\xce\x2e\xd6\x2d\x48\x6f\xe6\x05\x57\x63\xe7\xe2\x32\x00\x70\xfd\
\xa1\xd7\x7f\x29\x66\xf7\xfa\x4d\x88\x7a\x9c\xaa\x64\x14\x25\x53\
\xd4\x80\x11\x80\x60\x21\xa4\x8c\x70\x04\xed\xde\xf2\xb7\x7d\xea\
\x98\xe6\x50\x74\x44\x98\x7a\x1c\xad\x9c\x08\x4a\x5c\xb4\xcc\x96\
\xc1\x56\x00\xc2\x08\x92\x2a\x8c\x30\x8a\xa6\xbd\xc8\xa2\xf3\x16\
\x5f\x6d\xf8\xeb\x98\x39\xa7\x2e\xac\x3c\x97\xdb\x5b\x51\xa2\x3a\
\x05\xd8\x86\x68\x6a\x11\x68\x83\xe5\xf6\x1e\x87\xc4\x64\x5d\xc4\
\xb3\x6c\x88\x88\x05\x09\x58\xf8\x8b\xd2\x69\xb2\x13\xf6\xbe\x3f\
\x74\xde\x9c\x13\xde\xb8\xe9\x88\x9b\x8e\x61\x6f\xff\x3b\xe2\x72\
\x97\x21\x39\xce\x69\xb0\x16\x1a\x45\xcb\x10\x88\xaa\xde\xc7\x68\
\x5b\x73\x4c\x76\xf8\x9c\x45\x34\xc2\xdc\x66\x55\x6e\x56\xc7\x3e\
\xcf\xbd\x44\x93\xa8\x13\xfc\x01\x1f\x40\x01\xdc\x7e\xf4\x94\x9e\
\x7e\x57\xef\x83\xa1\xc3\x27\x8a\xf6\xd0\xe9\x31\xd9\x7d\x17\x4d\
\x8c\x9c\xcd\x6b\xb0\x95\x60\x61\x95\x74\x94\x62\x21\x36\x78\x6f\
\xfd\xf9\xec\x93\x47\xfd\x00\x69\xb2\x13\x4f\x9c\x18\xc5\xf2\x9a\
\x2b\xa1\x5c\xb0\xcd\x07\x40\x25\x81\xac\xb3\xf1\x57\xa3\xb3\x49\
\xaf\xb5\xa9\x55\x51\x59\x99\xb8\x1a\x3b\x17\xdd\x9f\x30\x2c\x55\
\xdb\xdd\x1e\xf6\x3d\x47\x77\xfb\x7e\xd4\xed\x5e\x5b\xe2\xa2\x2e\
\xd9\xbc\x20\x40\x10\x29\x0e\x8b\x98\xcc\xfb\xeb\xbd\xf5\x7a\xd9\
\x84\x52\xf8\x85\xdf\x5d\x34\xf7\x07\x1b\x40\xc0\xe4\x43\xef\x3a\
\xc6\xf5\x7a\xfe\x4f\x48\xd5\x1e\xe5\x88\x18\x8a\xa6\x60\x01\x43\
\x16\xda\x16\x38\x6f\x49\x86\xc2\x51\x59\x7f\x5e\xce\xc4\xce\x99\
\x31\xf8\xb1\xbb\x2c\x3a\xff\x38\x6e\x11\x3d\x89\xec\x7b\x95\x62\
\x35\x11\x7c\x4a\x15\x40\x85\x5f\x3f\x7d\xd8\x43\xbf\xeb\xe6\xec\
\xf3\x93\xbc\xc9\xf9\x0c\x12\x21\x12\xb2\xc3\x7f\xf3\x8c\x71\x0b\
\x4f\xbc\x23\x00\x7b\x80\x00\x99\x4f\x45\xeb\x16\x1d\xf3\xd7\x98\
\xec\x79\x9e\xaf\x18\x86\x7d\x9f\xad\x95\x00\xb1\x10\x02\x2e\x85\
\xa5\x62\x89\xbc\xe9\x80\xa6\xe2\x72\x8b\xd2\x3b\x4a\x8a\x0d\x20\
\xee\x32\x6c\xc9\x6a\xaa\x91\xd2\xe9\x0e\x23\xf6\x0e\x71\xbc\xc1\
\x55\x31\x78\x5c\x82\x61\x5f\x5b\xb6\x82\xca\xfc\xe3\x90\x88\xc8\
\x92\xd7\xbe\xde\xc3\xc6\xef\x8f\x5d\x74\xf4\x94\x89\x58\xe8\x8c\
\xc7\x10\x7f\xea\xd0\x87\x5a\x1a\xe4\xbe\xa9\x3c\xe7\x34\xb3\xa5\
\x10\xc5\x65\xde\xae\x59\xd4\x71\xe1\x73\x23\x56\x8c\xbf\xd8\xa4\
\x83\x96\xa3\x7a\xfb\xef\xe4\x72\x7f\xea\xb0\xbb\x47\xbb\xa6\x67\
\x4b\xdc\xed\xbd\x6f\x81\x8b\x60\xd6\x1a\x60\x41\x24\xb5\x82\xeb\
\x42\x7b\x28\x99\xf5\xf7\x17\x62\xab\xfe\xdf\x79\x4f\x24\x17\x6d\
\x6e\x05\xdb\x46\x99\x4a\x1b\x38\x63\xc4\xdd\x47\x91\x57\xff\x23\
\xc5\xb5\xc7\x45\xdc\x7a\x14\x28\xc7\x30\x6c\xc0\x2c\x98\x84\x25\
\x21\x64\x04\x11\xca\xeb\x0e\x58\x6a\x7f\xc0\x86\x3b\xff\x30\xe6\
\x89\xaf\xcd\x0a\x48\xe9\xd5\x44\xf0\xa9\x24\x00\x06\x0b\x02\xd9\
\x19\xc3\x1e\x7d\xb0\xd6\xdd\xe3\xd8\xbc\xdf\xa5\xa5\x50\xca\xe8\
\xce\x02\xc2\x4b\x07\x26\x1f\x4f\xbe\x55\x69\x13\xb6\x14\xd5\xcc\
\x8c\x7c\xe4\x3c\xa1\xeb\x7f\x15\x75\x1a\x76\x2d\x5a\x0f\xc6\xfa\
\x9a\x60\xcb\x0d\xbf\x60\x10\xa4\x43\x21\x52\xa4\x40\xe5\x81\x45\
\x30\x16\x22\x30\x2c\x7c\xeb\xc1\xb2\x36\x0c\xcb\x60\x50\xf0\x5f\
\xc8\xb0\x88\x11\xdb\x12\x8a\x76\xc3\xdd\xa5\xe8\xf2\x1f\x9e\xd3\
\x96\x7c\x3d\x33\x20\xe3\x26\x97\x24\xfc\x69\x47\x66\x07\x45\x8a\
\xfb\xcc\x17\x14\x75\x34\x3c\x22\x26\x96\x20\x99\x0b\x2f\x3b\x61\
\xdc\x63\xc7\x3e\xf0\x89\x22\x25\xd5\xd8\xf6\x72\xff\xc8\xc9\x5f\
\x8a\x7b\xfd\x7e\x17\xe1\x5e\x27\x93\x70\x51\xb2\x05\x0d\xb0\x24\
\x26\x4b\x24\x45\x54\x46\xa9\xcb\x5b\xfd\x76\x81\xde\xfd\xd9\xb9\
\x0b\xce\x9c\xf1\x61\x07\x3f\x93\xc8\xc8\x44\xf6\x3d\xc7\xe7\x99\
\xc3\xee\x3c\x82\xb8\xf1\x3b\x92\x22\xa7\x45\x65\x83\x2c\xd8\x02\
\x98\x8d\x61\x58\x41\x10\x96\x49\x88\x08\x45\xa9\xc4\x9b\xe0\xd9\
\xdc\x23\x5a\x76\x5d\x75\xce\xbc\xe3\x1e\x0c\xd2\x3a\x21\x93\xb8\
\x55\x26\xb3\x49\xfb\xdf\x9e\xe8\x69\x67\x64\x79\x02\xf1\x3d\x27\
\xa6\xa2\xf9\x55\xc7\xbe\x12\x72\x1a\xfb\xfa\xb6\xa0\xc3\x32\xaa\
\x72\xfe\xaa\xe7\xe5\xee\x13\x0e\x49\x66\x33\x16\x5b\x00\x79\x0c\
\xa6\x16\x80\xd2\x20\x3b\xe5\xb4\x29\x3d\xc3\x2b\xfb\x7f\x07\x3a\
\x72\x51\x44\x76\xeb\x69\x25\x41\xdb\x12\x2c\x59\x1f\x96\x37\xff\
\x86\xc4\x54\xe6\x14\x82\x03\x36\x18\x95\xff\x2e\x02\x31\xa4\x23\
\x43\xc2\x15\x21\x94\xf4\x26\xf8\x36\xf7\xb8\xcf\x1d\x57\x8e\x5d\
\x78\xec\xbd\x00\x30\x71\xf0\x44\x67\xc5\xa2\x7d\xb9\x85\x9b\xed\
\xcc\x61\xad\x8f\xd5\xc8\xfe\x87\x15\x6c\x97\x01\x81\x63\xa2\x46\
\x6d\xf4\xde\xbc\x7d\xdc\xd3\x47\x9f\x99\x39\xb3\x7a\xf8\x77\x26\
\xba\x3f\xe1\xb8\xcb\x6a\xbb\xaf\xfb\xda\x0f\x95\x68\xf8\x5e\x4c\
\xf5\x88\x17\x4d\x41\x83\x0d\x31\x31\x11\x94\x0d\x8b\xb0\x2a\xea\
\xf5\x9e\x46\xd7\x5f\x3b\xa2\x4f\xff\x66\x7c\xdb\x0f\xd7\x7d\x12\
\x2f\x24\x93\xc8\xc8\xc5\xd9\x04\x57\xfe\xff\xe9\x47\xdc\x3b\xcc\
\xf1\xba\x5d\x0a\x2f\x92\x88\xba\xdd\xc2\x05\x2a\x80\xad\xd5\x00\
\x0b\x06\xac\x20\x49\x61\x0a\x4b\xcf\x14\xe0\xa1\xb3\xcd\x77\xda\
\xaf\x3e\x67\xee\x71\xb7\x57\x36\x3b\x2a\xc2\xb5\xf8\x2f\x65\x7b\
\xee\x30\x06\xd0\x92\x6a\x21\xa4\xc1\xf9\xce\x21\x7b\x4a\x11\xe9\
\x63\xd8\x63\x22\x62\x09\x05\x66\xfd\x74\x32\x9b\x35\x99\x04\x64\
\x32\xfb\x5e\x0f\x5f\xce\xe2\x5c\xbe\x25\xd6\x00\xf8\xf9\xa4\x13\
\xae\xb9\xc6\x6e\xd8\xff\x2c\xa9\x23\xa3\x99\xdd\xc1\x11\x59\xe7\
\x48\xa1\x60\x08\x30\x56\x07\xd6\xdc\xf4\x5e\xbe\x56\xa4\x20\x49\
\x82\x99\x51\xd4\x9d\x28\xd9\x8d\xcb\x0a\x5c\x78\x18\xa2\x7d\xfa\
\xe8\xf9\x27\x3f\x0a\x0e\x40\x20\xa0\x05\xc1\x03\xd5\xac\xf7\x39\
\xec\xfe\x5f\xd4\xcb\xfe\x87\x15\x38\x67\x08\x4c\x4a\x84\xd0\xe5\
\xad\xe9\x94\xaa\xe3\x87\xe0\xc0\x17\xa0\x7a\x84\x77\x46\xb9\x9f\
\xc6\x4d\x43\x6e\xfb\x7a\x6c\xfd\xae\x2d\x31\xd5\x7b\x7f\x0f\x1e\
\x8a\x26\x67\x18\x2c\x41\xc2\x38\xc2\x95\x12\x2c\xba\xcc\x8a\x47\
\x6c\x7c\xdd\x4f\xc7\xb6\x9e\xb6\xe8\xbd\xc3\x48\xe6\xe3\x05\x62\
\xde\xb3\x8c\x5b\x9c\x4d\xf0\xd8\xc7\x69\x3e\x80\x73\xa6\x0d\xbf\
\xf3\x4a\xe3\x77\x5d\x26\x44\x7c\x6c\x4c\x35\x44\x4b\xb6\x04\xc3\
\xda\x32\x1b\x2a\x22\x67\x20\x05\xc5\xa9\x57\x93\x36\xb5\x4d\x33\
\x07\xcf\x7d\xd2\xa0\xf3\xda\xd7\x76\xbf\xee\xb6\x64\x36\xe9\x55\
\x4c\x61\xfe\x1b\xf7\x0d\x68\x67\x2d\x00\x4d\x19\xfc\xe0\x39\x0d\
\xee\xde\x93\x0b\xb6\x68\x40\xe0\x08\x85\xd5\x26\xff\xb5\x4b\xc7\
\x2d\x3c\xfe\xaf\xad\x1f\x70\xfc\xf9\xb0\xa5\x8f\xcd\x1f\x3c\x01\
\x37\x8f\xcc\x0e\x0c\xf9\xdd\x86\x13\x3b\xc3\xac\x91\xfb\x83\xb0\
\x3b\x69\x56\x00\x09\x22\x10\x20\x0c\x24\xaf\xb0\x56\xbf\x2a\x25\
\x9e\x31\x4e\xf1\x69\xd5\xb7\x7d\x51\x32\x9b\x6c\xaf\xbc\xac\x72\
\x89\x67\x26\x0e\x5e\xe8\x8c\x5f\x34\xc4\xbf\x79\xf8\x3f\x2e\xac\
\xb3\xfd\xaf\x37\x24\x35\xb3\x2f\x89\xa4\x76\xd9\x71\x36\x98\x37\
\x2f\x3b\x6f\xd1\x71\xd7\x54\x4b\xff\x9d\x53\xee\xdf\x32\xe2\xf6\
\x41\xd6\xef\xf9\xab\x30\x35\x9c\x22\x64\x08\x1e\x17\x35\xc1\x0a\
\x06\x59\x90\x10\x51\x84\x45\x97\x59\xfd\x0e\x3b\xf9\xd4\xe8\xa7\
\x8e\xb9\x19\xbc\x63\x87\x8f\x53\x2c\xb2\xe9\x2c\x25\x11\xfc\xfc\
\xa9\xc3\x32\x03\x5c\xf4\xba\x84\x6c\x6c\x5c\x54\x36\x74\x2b\x89\
\x12\x2c\x1b\x1f\xd6\xca\xa0\x79\x94\x1c\x96\x11\x65\xb4\x87\x82\
\xd9\xf8\x1c\xab\xae\xbf\xd4\x1f\xba\x64\xfa\x09\x57\x5f\x5e\xfa\
\x6f\x4c\x04\x3b\x9c\x00\x5a\xd1\xaa\x9a\xd1\xac\xa7\x1f\x34\xeb\
\x2f\xdd\x22\x7b\x5d\x96\xe3\x8e\x40\x5d\xc7\x6a\xa1\xd5\xbb\x47\
\x8e\x9e\x73\xd2\xe3\x5b\x73\xb8\x3e\x08\x18\x6d\x19\x13\x4f\x4c\
\x45\xfd\x79\x6b\x45\xb8\x21\x46\x21\x53\xa4\x76\xb7\xc1\x5e\xfa\
\x52\xba\xeb\x83\xf7\x75\x06\x19\x89\xc4\xe6\x5b\x82\x26\x0e\x5e\
\xa8\xc6\x2f\x1a\xe2\xdf\x3c\xe4\xee\x71\x35\xb4\xfb\x14\x92\x21\
\x6b\xd8\x23\x30\xdb\x98\xa8\x53\x1b\xfc\x77\xee\x19\xf7\xf4\x91\
\xa7\x54\x4b\xff\x1d\x5b\xb4\x22\x10\xff\xee\x98\xdf\xd5\xf5\xdd\
\x78\xf0\x8f\x43\xa2\xc7\x77\x23\x6e\x43\xb4\xa8\xf3\x86\xad\x21\
\x10\x00\x12\x1c\xa2\xa8\xcc\xfb\x1b\x8d\xe6\xf5\xd7\xae\x8f\x2e\
\xf8\xe5\xe5\x4f\xfc\x6c\xed\x96\xad\xe0\xce\xf8\x5d\x06\x62\xe0\
\x7b\x89\xa0\xe9\xf6\xbe\xb2\xab\xfb\xb7\x5d\x51\x73\x61\xc4\x69\
\xe8\x51\xb2\x25\x68\xf6\x35\x98\x03\x90\x58\x48\x76\x29\xa4\x88\
\x2d\x72\xde\xfa\x17\x8b\xbc\xe9\xaf\x6b\x22\xcf\x4f\xff\xc9\x9c\
\x9f\x74\xfe\x37\x25\x82\x9d\x86\x01\xcc\x1c\xfa\xc4\x13\x71\x67\
\x97\xc3\x8a\xba\x4b\x4b\xe5\x2a\x4f\x6f\x5c\x67\x7a\xbe\xf9\xa5\
\xb1\xf7\x8d\x5d\xb7\x8d\x6e\x3a\x94\x4a\x31\x61\xf6\x6c\x31\xb0\
\x67\x79\xc7\xff\x23\x3e\x84\x4c\x82\x65\xe3\x9a\xd9\xb4\xb6\xe7\
\x5a\xde\x12\x20\xda\x12\xed\x9d\x3a\xf8\xa1\x73\xe3\xa2\xcf\x24\
\x2b\x5c\x36\xf0\x00\x86\x0d\x8b\xb8\x2a\xd9\x8d\xef\xc8\x5d\x96\
\x1e\x72\xda\x5d\xa7\x6d\x68\x41\x0b\x55\x59\x7f\xdb\x8f\xee\x4f\
\x1e\x7a\xcf\x98\x90\xe9\xd5\x12\x77\x7b\xee\x53\x40\x19\xdd\x67\
\x2b\x40\xd2\x28\x72\x1c\x87\x19\x39\x7f\xfd\xec\x2e\x5e\x7e\xc5\
\x85\xcf\x24\x9f\xda\xd2\x87\xf1\xd3\x48\x4a\x03\xd1\x42\x49\xd0\
\xe6\x44\x10\x2a\xf5\xbc\x04\x26\x72\x41\x94\xea\xfb\xf8\x92\xe1\
\x5b\x4f\x03\x46\x10\x07\x89\xc0\x21\x57\x09\x43\xc8\xfb\x9b\xde\
\xf0\x69\xe3\xc4\xa2\xfb\xfc\x8d\x17\xcd\xfd\xc1\x86\xff\x86\x44\
\x40\x3b\x05\x00\x1c\x3d\xbd\x47\xee\xd5\xbd\x5e\x09\x39\xf5\x0d\
\x9a\x3d\x1d\x56\x31\x55\xf0\x57\x3e\xf6\xf5\xf9\x87\x37\xed\x8c\
\x5d\xfa\x0f\x5b\x01\xfd\xe8\xa4\xf0\xde\x6d\x3e\x75\xf0\xfd\x3f\
\x8b\x8b\xdd\x7e\xc5\xd2\xb5\x9a\x8b\x80\x05\x3b\x22\x2c\xac\x5f\
\xcc\x75\xba\xef\x1c\x7d\xde\xdc\x93\xe6\x57\x96\x98\xaa\xc7\x7a\
\xdb\xcb\xfd\x89\xc3\x27\x1e\x50\xab\xbf\x74\x65\x54\xf5\x38\xd6\
\x42\xc1\xe7\xd2\x66\xfe\x05\x84\x10\x11\x8a\x50\x4e\xaf\x7d\xc7\
\xe3\xf5\xbf\x38\xe7\xe9\x13\x6e\x04\x03\x19\xb0\x4c\xe0\xd3\x3f\
\x50\x1f\x4c\x52\x37\x1e\x77\x63\x63\x6c\xdd\xee\x17\x0a\x8a\x5f\
\x16\x95\x8d\x7d\x7c\x18\x68\x2e\x1a\x30\xc0\xc4\x04\x48\xeb\x0a\
\x57\x09\xc1\xc8\x7b\xeb\xdf\xf5\x6d\xf1\x26\x1d\x7f\xfb\xef\xe7\
\xb7\x9d\xbf\xaa\x92\x08\x16\x67\x5b\xfe\xe3\xe8\xe1\x6a\x47\x7d\
\xff\x90\x85\x29\xae\xac\x19\xe8\xaa\x48\x83\x66\x6d\x01\x82\x04\
\xc1\x72\xe1\xe9\xe0\x6b\x20\x90\x85\xd9\xb1\x2c\xb5\x75\x0f\x4b\
\xaa\xa9\x55\x25\xb3\xcd\x7a\xca\x57\xae\xed\xe9\xb4\x0f\xba\x3a\
\x46\x7d\x92\x25\xf2\x35\xdb\xa2\x04\xc8\x48\x15\x56\x46\x17\xf2\
\xed\xf6\xad\xd3\xbe\x31\xf7\xd4\xf9\x29\xa4\x14\xa5\xa9\x4a\xf8\
\xd9\x46\x32\xcf\xef\x2f\xf8\x51\x4d\xdf\x97\xbe\xfa\x03\xf2\x6b\
\x7f\x18\x77\x1a\x63\x45\xce\x6b\xe6\x22\x01\x10\x20\x65\xc2\x32\
\xa2\x8a\x7a\xa3\xdf\x81\xb5\x7f\x2d\xf6\x78\xe3\x37\xdf\x78\xf0\
\x1b\x6b\xcb\x49\x9c\x08\x64\x3e\x9b\x9b\x8d\x18\x6d\xd0\x95\x44\
\xf0\x8d\x07\x9b\xd7\x02\xf8\xed\x8d\xc7\x4d\xb8\x01\x9b\x06\x9c\
\x07\x53\x77\x71\x44\xd6\xef\xad\x09\xf0\xd9\xd3\x60\x4b\x25\x53\
\xb0\x82\x84\x71\x9d\x86\xdd\xe2\xd6\x49\x75\xe5\x6a\xbe\x39\x65\
\x68\xeb\x0d\xc5\xe8\xb2\xbf\x25\xb3\xb4\x2c\x68\x33\x59\x2e\xc6\
\x7f\x4e\x22\xd8\xa1\x04\xb0\x78\x4d\x60\xb7\xe5\x97\x9c\x83\x22\
\x32\x8a\xa2\x2d\x19\x66\x22\x86\x07\x8a\x15\x17\x06\x5f\x33\xfb\
\xb3\xd8\xa8\x0b\xb4\x02\xdb\x9a\xf5\xd4\x91\x77\x7c\x35\xb4\x71\
\xd7\xbf\x47\x9d\xc6\x3d\x0a\x36\xaf\x99\x8d\x24\x21\x74\x88\xa2\
\x4e\x51\xb7\x77\x74\xa9\x77\x4f\xfb\xc6\x82\x53\x67\x55\xb9\xfe\
\xdb\xb0\xe3\xb1\x05\xba\x7f\xe3\x88\xbb\xce\x8c\xbd\xd0\xeb\x97\
\x35\x4e\xaf\xfd\x8b\x4e\x09\x05\xdb\x15\x98\xa9\xb0\x30\x8e\x08\
\x49\x41\x10\x39\xbd\xfc\x11\x5f\xac\xfa\xf9\x39\xf3\x12\xf3\x2a\
\xb7\x67\x59\xaa\x8d\x3f\xfb\x12\xf7\xbd\x44\x90\x05\x44\xf2\x41\
\x5a\x0b\xe0\xca\xa9\xc7\x4d\x98\xe8\xaf\xfd\xd2\x39\x92\x6a\xbe\
\x1b\x55\xdd\xf7\xb2\x82\xe0\xd9\x92\x66\xc3\x42\xa3\x64\x35\x7c\
\x1b\x52\x35\x3d\x6b\x64\xf7\x2b\x3a\x0b\xf1\xf1\xd3\x87\x3e\x32\
\xc9\xd4\xaf\xb8\x36\xf9\x30\xbd\xf5\x9f\x94\x08\x76\x28\x01\x0c\
\x6c\x0b\x14\x80\xa0\x23\x83\xc9\x95\x60\x30\x88\x84\xcc\xe9\x4d\
\xbe\xa7\x72\xcf\x01\x00\xda\x3e\x5d\x33\x8d\x2d\x6f\x96\xc9\x83\
\x1f\xfc\x41\x44\xf7\xf9\x3f\xa5\xa2\xa2\xc0\xb9\x60\xfd\x17\x52\
\xc7\x44\xdc\xe9\xf2\xd7\xbc\x51\x70\x96\x9e\x75\xc1\x9c\xc4\xc2\
\x8f\x9b\x4a\x54\xe3\x83\xe5\x3e\x99\x74\x1b\xf4\x4d\x47\x4e\x3b\
\x20\x5c\xd8\xed\x17\x11\xd3\xe3\x54\x12\x61\xe4\x75\x4e\x83\x58\
\x00\x04\x82\x40\x44\x44\x54\xce\x5f\xb7\xd4\x77\x36\xfd\x72\xdc\
\xc2\x63\xdf\x5f\xee\x67\xe9\xdf\x0e\xb0\x96\xab\x48\x53\xa9\x08\
\xce\x7e\xb0\xb9\x03\xc0\x35\x53\xc7\x4e\x98\xd2\xf9\xfa\xfe\xe3\
\x1c\xdb\xfd\x9b\x2e\xd7\x0c\x22\x25\x51\xb2\x9e\x26\x18\xf2\x6d\
\xc9\x6a\x78\xd6\x51\xf1\xee\x31\xd3\xf0\xc3\xdc\xba\x9a\x8b\x6e\
\x19\xfc\xd8\xcd\x5e\x7c\xd5\x35\xc9\x36\x7a\xfd\x3d\x4d\x82\xf7\
\x78\x09\xff\x7d\x63\xc0\x54\x4a\xed\x7f\xdf\x57\x17\xc5\x42\xbd\
\x0e\x2c\xd9\x82\xef\x50\xd8\xc9\xeb\x55\x6f\x94\x06\xdc\x30\xe8\
\xfc\xc9\x93\x8b\xe5\x9f\xc1\x9f\x5a\x9f\x57\x46\x91\x67\x1c\xf4\
\xc0\xd5\x75\xd1\x7d\x2e\x2d\x5a\xdf\x5a\xf6\x39\x70\xf9\x70\x38\
\x4a\x21\x99\xb3\xcb\x1f\x6a\xaf\x7d\xf6\x82\x0b\x1f\xb9\x6c\xc5\
\xa7\x05\x3e\xfd\x07\xa2\xfb\x20\x90\x4d\x9d\x78\x71\x74\xbf\xd5\
\x67\xfc\x44\xa1\xfb\x8f\x22\x4e\xb7\x48\xc9\x94\x8c\x65\x4d\xc1\
\xc3\x23\x38\x24\x63\xb2\xe4\x6f\xf4\xb4\xde\xf0\xd7\x75\xdd\xe7\
\xff\xfa\xb2\x47\xaf\x58\xcf\x60\x42\x0a\x9f\x6b\x23\x95\x0f\x8e\
\x9f\x27\x5c\x36\x21\xd4\xf8\xd4\xfe\x09\x85\xda\xcb\x43\xb2\x6e\
\x88\x10\x61\x14\x4d\xde\x00\x06\x0c\x22\x10\x59\x09\xa5\xc2\x14\
\x42\xde\xdf\xd8\x61\x38\x37\xa3\x18\x59\x76\xcd\x79\x4f\x8e\x59\
\xbc\x79\x03\x31\x05\x7c\xd1\xf0\x24\xda\x31\xb9\xad\xb4\x9d\xf9\
\xd5\x99\xbb\xd1\x86\x3d\x97\x28\x55\x13\x67\x36\x7e\x44\x44\x9d\
\x0e\x6f\xe9\x5d\x63\x16\x1d\x75\xda\x36\xa2\xff\xdb\xfc\xbb\xa7\
\xd0\x2a\xd3\x68\xd6\x53\x0f\xf8\xe7\xc4\x86\xe8\x3e\x17\x17\x44\
\xd1\x63\xe3\x2b\x80\x59\x89\xb0\x84\xf1\x51\xc2\xea\x5f\x9c\x35\
\xff\xe8\x16\xd0\x66\xe2\x51\xf5\xf0\x6f\x25\x70\x36\x6d\xe8\x83\
\x27\x3a\xb6\xe1\x77\x51\xa7\xc7\xc0\x22\x15\x39\x40\xf7\x21\x01\
\x61\x1d\x0a\x29\x69\x35\xba\xcc\xba\x47\xf3\x62\xd5\x4f\x2f\x5c\
\x90\x58\xf8\x69\xa2\xfb\x9f\x55\x22\x48\x31\xc4\xbe\x23\xef\x39\
\x59\x7a\x7d\xbe\x1b\x12\xd1\x26\x25\xc2\x28\xa2\x68\x98\x2d\x13\
\x58\x80\xc8\x90\x10\x4e\x18\x31\x14\xbc\x8d\x45\x46\x2e\xeb\xab\
\x4d\x13\xc6\xce\x3b\x71\xd1\x17\x71\x03\x71\xbb\x5b\x80\x81\x89\
\x81\x84\x2c\x80\xae\xd8\x97\x42\x32\x1e\xd7\x96\x0d\x88\x00\x22\
\x18\xd6\x0b\x00\x00\x4d\xa3\x04\xda\x3e\x9d\x04\x90\x6a\x6a\x95\
\xe9\xb6\x66\x3d\x63\xf0\x43\xbf\x6e\x08\xed\x7d\x71\xa7\x2d\x78\
\x6c\x7c\x97\x41\x3a\x2c\xe3\x4a\x7b\xed\x1b\x4a\xb4\xfa\xfc\x31\
\x0b\x8f\xbf\x87\x89\xa9\x05\x2d\xd5\x25\x90\x4f\x12\xe2\xcc\x92\
\x41\x1b\xf4\x75\x43\x27\xef\x1b\xc7\xee\xe9\x88\xe8\x71\x96\x70\
\x42\x28\x98\x9c\x66\x6b\x05\x41\x10\x09\x81\x08\xa2\x2a\xe7\xad\
\x7c\xd3\x8a\x75\x2d\x63\x9e\x3e\x79\xea\xfb\xc8\x3c\x5f\xb0\xea\
\x8a\x40\x5c\x06\xa9\x29\x93\xc8\x88\x24\x25\x0d\x70\xf2\x5d\x00\
\xee\xba\x79\xc8\x43\xc7\x47\xfd\xf8\xf7\xa5\x8a\x1f\xe3\x88\x38\
\x4a\x5c\x60\x66\x26\x36\xda\xe6\xa8\xc3\x4a\x27\x14\x8e\x52\xfd\
\xd9\x9d\x7e\x64\xcc\xcc\xc1\x6d\xf7\xc0\x5d\xf3\x87\xd1\x4f\xd1\
\x9c\x2f\xd2\x06\xa2\xda\x51\x00\xd0\xe8\xd8\x60\x47\x46\xa0\x6d\
\xde\x02\x10\x3e\x17\x20\x5d\xfb\xf4\x96\x2a\xc1\x9f\x4e\x6f\xda\
\xac\xa7\x0d\xbd\x67\x4c\x5c\xec\x76\x45\x0e\x9e\xcf\xec\x3b\x0c\
\xd2\x51\x19\x57\x79\xb3\xee\xe5\x42\x64\xe9\xd7\xcf\x7b\x22\xf1\
\x7c\xb0\xda\x4b\x06\xa8\xea\xfa\x7f\x2c\x81\x26\x9b\x34\x13\x2f\
\xbe\x38\x1a\x7f\x3a\xf1\x6d\xe2\xf8\x15\xb5\xa1\x5d\xea\x0b\x3a\
\xa7\x59\xe7\x09\x04\x41\x24\x6d\x58\x44\x54\xc9\xef\x30\x9b\x78\
\xcd\x84\x42\x8f\xa7\x7f\x71\xd1\x3f\x7f\xb0\x61\xcb\xe9\xc0\x17\
\xbd\x00\xaa\x10\xc8\x32\x89\x8c\x48\x64\x13\x96\x16\xd2\x03\x20\
\x3c\x30\x79\xf8\x6d\xc7\x46\xcc\xae\xdf\x25\x1b\x3e\x2e\xa2\xea\
\x54\x91\x0b\x0c\xb6\xb0\xd0\x36\x87\x9c\x91\x4e\x48\x46\xd0\xed\
\xb4\xbc\x1f\x3b\x75\xe6\xe0\xb6\x7b\x7d\xb9\x69\x02\xcd\xa7\x59\
\xc8\x06\x98\xc3\xe7\x39\x11\x6c\x3f\x08\x58\x06\xf7\x84\x76\x07\
\x43\x09\x80\x2c\x04\x94\x2c\xe9\xae\x4e\xd3\x7d\xed\x8b\x81\x45\
\xf8\xe2\x9d\x9e\x00\x52\x29\x16\xc9\x34\x99\xe9\xc7\xdc\xb6\x8f\
\xd3\xde\xe7\x6f\x9a\x94\xb5\xb6\x28\xc1\x64\x22\x2a\xa6\xf2\xde\
\xea\xa7\x3b\xe4\x8b\x27\x5c\xf4\xc4\x45\xab\xab\x60\xdf\x27\xb4\
\x50\xe5\x2a\x0a\x00\xa6\x1c\x9a\xf9\x4a\xe8\x99\xbe\x57\xc6\x55\
\xaf\x2f\x17\xe1\x23\xaf\x3b\x34\xc0\x0a\x24\xb4\x12\xae\x54\x4c\
\xa2\xd3\x5b\x31\xab\x20\x56\xfe\xfc\xc2\x85\x15\x32\x4f\xa5\xa5\
\x4a\xff\x47\x75\x42\x5b\xee\x1b\x24\xb2\x09\x4b\x4f\xd1\x43\x00\
\x1e\xba\xe9\x90\x3b\x8f\xb0\x7e\x8f\xcb\x84\x88\x9d\x1e\x55\xdd\
\x54\xc1\xe6\xc0\xd6\x5a\x06\x90\xa7\xbc\x26\x19\x91\x35\xa2\xfb\
\xc9\x45\xdb\x70\xf2\x8c\xc1\x73\x1e\x65\x77\xfd\x95\x34\x97\x1e\
\x0a\x2a\x0c\xa6\xcc\xe7\x30\x11\xd0\x0e\x7c\x1f\x67\x12\x57\x45\
\xec\xdb\x87\xbd\x10\x52\x0d\x7b\xf9\xb6\xa8\x43\x22\xa2\x72\xde\
\xea\xa7\xd5\x9e\x13\x86\x25\xb3\xb7\x99\x9d\x8f\xfd\x31\xa5\x00\
\x42\x6a\x94\xd8\xe7\xfe\x5f\xb6\xd6\xca\xdd\x0e\x2f\xe2\x3d\x83\
\x8f\x82\xb7\xee\xd5\xb5\xe2\xa5\xa6\x4b\x17\x9c\xbf\x2a\xd5\x94\
\x52\xe9\xaa\xa8\xc7\x27\x92\x79\x26\x1d\x3b\x69\x77\x77\x7d\xbf\
\x94\x4b\x3d\xce\x73\x64\x1c\x3e\x17\x34\xc3\x48\x80\x2c\x41\x52\
\x54\xc4\x44\xce\x5f\xb7\xd2\x47\x47\xcb\xd8\x45\x47\x5d\xf7\x59\
\x92\x79\x3e\x4f\xef\xd7\x96\x1b\x88\x53\x0e\xcd\x1e\xea\xd8\xde\
\xdf\x15\x1c\x39\x2d\x2a\xbb\x85\x4a\x28\xc2\xb2\xd5\x14\x4c\x45\
\x2c\x84\xa0\x10\x45\xa4\xaf\xf3\xf0\x6d\xfb\xec\xbc\x6a\xff\xe3\
\x05\xf3\x4e\xb8\xf7\x03\x9a\x04\x9f\x8b\x55\x64\xda\x11\x00\x70\
\xea\x51\x53\x07\x38\x9d\xfb\x3d\xa7\x64\x4c\x31\xac\x1f\x11\x71\
\xa7\xc3\x5f\x7a\xe3\x98\x05\xa3\x2e\xcc\x80\x65\x72\x27\x93\x3e\
\x2a\x00\xd3\xcc\x91\xf7\x7f\xb3\x0e\xfb\x5f\xdb\x65\xf2\x9a\xd8\
\x0a\x87\x42\xac\x6d\x67\x67\x51\xbe\x7b\xe4\xb8\xb9\xa7\xbd\x50\
\x05\xfb\x3e\x06\xf0\x42\x56\x24\x91\x34\xa9\x14\xd4\x3e\xf7\x3d\
\x74\x99\x4b\x75\x3f\x8b\x38\x8d\xdd\x8b\xb6\x68\x99\x0d\x13\x31\
\x31\xa4\x75\x10\x52\xbe\x69\x87\xe1\xf6\x1b\x72\xf6\xad\xd4\x85\
\xcf\x5c\xb8\xe2\x8b\x80\xee\x7f\xca\xef\x9f\x68\xc1\x7b\xab\xca\
\x53\x86\xdc\x3b\x48\x7a\x91\xcb\x94\x1b\x1f\x17\x73\x7a\x46\x4b\
\x5c\x84\x65\xa3\x03\x3f\x0c\xb0\x80\x42\x48\x44\xa4\x67\x72\x28\
\xd9\x4d\x8f\x21\xda\x75\xd5\x98\xc7\x8f\xbf\xa7\x72\xec\xcb\xcf\
\xf3\xbf\x35\x11\xa8\xed\x03\x00\x5b\x08\xd9\x34\xb8\x50\x73\x60\
\x44\xd6\x28\x8f\xad\x06\x88\x2c\x34\x48\xf8\x8b\x00\x60\x71\xd3\
\x6c\x42\xdb\x4e\x9e\xf7\x67\x61\x27\x35\xfd\xa9\x1e\x5d\xdd\x7e\
\x56\x74\x35\x13\x98\x98\xc8\x4a\x22\x95\x77\xd7\x7c\x77\xdc\x93\
\xa7\xbd\xd0\xda\xd4\xaa\x9a\xb3\xd5\xb2\xff\xc3\x92\x67\x19\xa0\
\x33\x37\x8d\xb8\xfd\xa8\xe8\xfd\xbd\x7e\x1b\x53\x3d\x87\x79\x64\
\x50\xe4\xbc\xcf\x6c\x15\x09\x69\x24\x94\xa3\x98\x45\x97\xbf\x72\
\x8e\xef\xae\xbb\xe2\xdc\xb9\xa7\xb7\xbd\xef\xfb\xd3\x5f\xf4\x95\
\x69\xa6\x54\xaa\x85\x2a\x6b\xe2\x00\xd0\x12\x08\xcf\xe2\x93\x0e\
\x62\x45\x64\x34\x95\x62\xd1\x92\x06\x68\x21\xbd\x08\x60\xfc\xf4\
\xa6\xe9\x7f\xea\xca\x7b\xdf\x96\x1c\x3b\x27\x2a\xeb\x6a\x4b\xa4\
\xa1\xd9\xd7\x4c\x46\x14\x6d\x97\x86\x90\x88\xc9\x5d\x8e\x34\x85\
\xe2\x91\xb7\x0e\x9d\xf3\x98\x6f\xd6\x4d\x7c\xed\xc4\x9f\xde\x96\
\x4c\x93\xf7\x61\x62\x27\x9f\xff\x0a\xa0\xcc\xa2\x9b\x31\xf2\xd1\
\x3f\xd7\x63\xcf\xcb\xf3\x36\xe7\x03\x24\xd9\x96\x28\xaf\x5e\x3f\
\xec\xdc\x39\xc9\xa7\x76\x36\xc7\xbe\xf2\x33\xa7\x0d\x7f\xe0\x92\
\x7a\xda\xe7\x6f\x79\x5b\xd4\x60\x4b\x51\x59\x23\x3b\xfd\x77\x5b\
\x47\x2f\x3c\xf2\xa8\x2a\xbb\xef\xa3\x0c\x5b\x02\x01\xd5\xeb\x9a\
\xae\xeb\x5b\x9b\xdb\xe7\x57\x0e\x75\x3f\xd7\x51\x31\x14\x6d\x5e\
\x13\xb3\x00\x81\x41\x82\x22\x88\x88\x4e\x6f\xd5\x32\xa8\x8d\x2d\
\x2f\xcf\x3b\x71\x52\x9a\x60\x33\xc8\xc8\x04\x12\x5f\xe8\x72\xbf\
\x32\xde\x6c\x69\x1b\x65\x3f\x4e\x29\x38\x83\x8c\x5c\xdc\xd4\x48\
\x68\xdb\x3a\xd7\xa1\x0f\x6e\x20\x4e\x6a\x9a\xb9\x7b\xb4\xab\xf1\
\x62\x29\x6a\x2e\x8c\xa8\xc6\xc6\x12\x97\x60\xe0\x6b\x30\xca\xbc\
\x09\x89\x90\x8c\x48\x6b\x7d\x14\xec\xba\xe7\x35\xda\xff\xe2\x47\
\x6e\x9d\x7e\x7e\xdb\xe4\xe2\xbf\x6b\xf1\x88\x76\x64\x09\x68\xc6\
\xa1\x8f\xcd\xaa\x91\xbb\x36\x17\x6d\xde\x97\x08\x39\x25\xbd\x7e\
\x8d\xed\xf5\xcc\xfe\x63\xff\xf1\xad\x8d\x3b\xdb\x50\x93\xc1\x94\
\xcd\x24\x85\xb9\xf2\xbb\xf3\x62\x4e\xef\xc1\x45\x93\x37\x04\x41\
\x8a\xad\x28\xaa\xd7\x8f\x1c\x3d\xe7\xb4\xc7\xab\xa5\xff\x07\xcb\
\x7d\x88\x24\xc8\xa4\x52\x10\x7b\x3f\xf0\xc0\x45\x21\xea\xd1\x12\
\x97\x3d\x7b\xe7\x6d\xce\x58\xab\x01\x02\x11\x04\xbb\x22\x2c\x3d\
\xbf\xc3\xfa\x66\xc3\xc4\x0d\x7d\x9e\xfe\xc5\xa5\xf7\xff\x78\xd5\
\x7f\x82\x7e\xde\x07\x37\x03\x83\x43\x96\x70\x43\xa1\x0b\x77\xdd\
\xb8\x62\x7d\x0d\x72\x0e\xc2\xb5\xc2\xfa\x22\xbf\x3e\x54\x7b\xf6\
\x9a\x2d\x45\x6b\x2a\x49\x63\x6b\x92\xc1\x07\x13\xc1\xed\xc7\x4e\
\xed\xe3\xb5\xf7\xb9\x48\xda\xda\x4b\xa2\xd4\xd0\xc7\x87\x81\x0f\
\x5f\x13\x05\x7a\x95\x4c\x92\x5d\x0a\x2b\xc9\x40\xde\xac\x7e\xb1\
\x84\xce\x6b\x4a\xbd\x9f\x9d\x71\xe1\x3d\xc1\x2a\xf2\x07\xe5\xd0\
\x3e\x57\x09\xa0\x72\xb0\x33\xc3\xaf\x6f\x60\x73\xe0\x12\xd7\xa9\
\xeb\xa5\xad\xef\x87\x45\xcc\xe9\xf2\xde\x79\x6c\xf4\xc2\x51\x4d\
\x3b\xfb\xf0\x57\x0e\xf6\x2d\x23\xee\x19\xea\x72\xff\xb9\x06\x12\
\x60\xb6\x11\x19\x57\x9d\xa5\x65\x6d\xa3\x17\x1e\xd1\x9c\x6a\x61\
\xaa\x1a\x42\xbc\x1f\x2b\x09\x0c\x52\x66\x8e\x74\x4b\xbb\xff\x21\
\x26\xbb\x8f\xf0\xc1\xd0\xd6\xd7\x80\x15\x00\x59\x29\x5c\xe5\xb2\
\x44\x97\xb7\xfc\x49\xad\xd6\xfc\xcf\xd9\xf3\x13\x8f\x7f\x10\x24\
\xfc\xc2\x5a\x8d\x95\x93\x5f\xf9\xf5\xf4\xe6\x77\x6b\x4e\x65\x13\
\x39\x5a\x43\x7d\xd9\x51\xa1\x5d\x00\x44\x61\x89\x04\xc1\x5a\xf0\
\x46\x58\xb3\x8a\x60\x5f\xd4\xa2\x7d\x36\xbb\xb9\x47\xc7\x3e\x76\
\xe6\x6b\x1f\xa1\x33\xf1\x09\x0b\x53\xa3\x44\x1a\xe5\xc9\xca\x69\
\xd7\xf6\x94\xcb\xf6\xbe\xc8\xe1\xf8\x85\x51\xd9\x6b\x77\x2d\x74\
\xb0\x78\x14\x28\xdb\xa1\x9c\x7c\x15\xd8\x22\x6f\xd6\xbf\xa1\xa9\
\xfd\x6f\xb9\x9a\xd6\x1b\xc6\x3f\xf2\xfb\xf6\xcf\x2a\x11\xa8\xed\
\x9d\x00\x14\xb9\x71\x9f\xa8\x74\x7a\x19\xd6\x36\xa0\xdd\x12\x00\
\xef\x59\x00\x98\xdd\x34\x5b\xa2\x0d\x3b\xb1\x14\x4f\x00\x00\x74\
\xa9\xf6\x9c\x9a\x70\x9d\xc8\x73\xa7\x0f\x26\x62\x18\x58\x27\x77\
\x3d\x08\x3c\xaa\x69\xb6\x4c\xff\x97\xcf\xfa\x37\xf7\x92\x59\x32\
\x93\x9a\x26\xf5\x76\x0a\xbb\x5e\xe1\x94\xba\x5f\x12\x51\xdd\x9c\
\xa2\x2d\x68\xb0\x15\xc4\x4c\x10\x12\x51\x11\x53\x39\x6f\xed\xda\
\x0e\xd9\xfe\xeb\x57\x4f\xfa\xe5\x5f\xd3\xe9\x36\xbd\xb9\xdc\xff\
\x02\xcf\xf4\x03\x80\x9a\x6c\x12\x30\x53\x8e\xc8\xec\xe1\x14\x1b\
\x2f\xa1\xb7\x6a\xcf\x89\x39\xf5\xbd\xe1\x08\xf8\xb0\x30\xd6\x03\
\x93\x65\x10\x33\x83\xc8\x81\xec\x2e\x95\xea\x2e\x21\x07\x02\x8d\
\x5f\xcf\x17\x3a\x0a\xd9\x21\x0b\x16\x58\x2e\xdd\xe5\xc5\x57\x67\
\x93\x6d\x67\x2c\xdb\x1a\x72\x4f\x50\x29\xa4\x6d\xa5\x7a\x38\xe7\
\xce\xe6\x35\x00\x7e\x3d\xe9\x94\x3f\xfd\x55\xaf\x1c\x74\xbe\xd2\
\xb5\xdf\x8e\xc8\x6e\x7b\x19\x42\xa0\x49\x40\x4c\x9e\x2d\x18\x90\
\xe0\xb0\xea\xb1\x97\x83\xc6\x3f\xa8\x4d\xf5\x97\xcc\x1c\x76\xf4\
\x44\xbf\xee\xf5\x29\xe7\x3c\xdc\xbc\x26\xfd\x29\x27\x82\x6d\x4e\
\x00\x2d\x4d\xb3\x05\xda\x60\x15\xa2\x07\x86\x45\x2d\x8a\xb6\x64\
\x04\x08\xcc\x3e\x7c\xab\xe7\x03\xc0\xec\x9d\x5c\xca\x52\x96\x4c\
\x26\x71\x4d\xdc\xbc\x15\x3a\xcd\x67\x1f\x6c\x2d\x39\x32\xa2\x3a\
\xf5\xea\xf5\x88\xbc\xf8\x10\x00\x8c\x6a\x1b\x65\xfe\xbb\x09\x3d\
\x2c\x92\xd9\xa0\xdc\x9f\xf9\xe0\x83\x97\xa8\x62\xb7\xff\x8d\xc8\
\x1e\x7d\x0a\x5c\xe4\x92\xc9\xe9\x40\xb9\x59\xd8\xb0\x8c\xa9\xa2\
\xb7\x91\x3b\xb0\xf6\x06\x44\x57\xfe\x62\xec\xe3\xa3\xdf\xc5\x3c\
\xc2\x7f\x42\xfb\x54\x79\x0d\x57\x25\xbe\x17\xe9\xb7\xfc\xb4\xff\
\xc7\xf9\xe8\xb7\x62\x6e\xf7\xda\x12\x97\x90\xe7\x82\x86\xe5\xe0\
\x89\x62\x0a\x48\xab\x82\x18\xd6\x92\x21\xcb\xc6\xf8\x04\x11\x08\
\x4f\x0a\x15\x89\x84\x11\x39\x52\x80\x8f\xcc\xe5\x23\xff\x3b\x73\
\xf0\x9c\x7f\x20\xdc\x7e\x23\xcd\xa1\xd9\xc1\x4c\x9f\x90\xc1\xad\
\xb2\x52\xf2\x7f\xec\x06\x62\x40\x33\xde\x04\xe0\x4f\x53\xc7\x4e\
\xbd\x51\xbf\xdc\x6b\x8c\x44\xf4\xd2\x88\x6a\x1c\xc8\x52\xc2\xb3\
\x45\x0d\x36\xe4\x73\xc1\xf8\x90\x36\xe4\x74\xdb\xdb\x45\x8f\x2b\
\xbb\x3a\xea\xbf\x3f\x63\xf8\xac\x1b\xd0\xf3\xcd\xbf\x8f\xb9\xa7\
\x79\x45\x25\x11\x6c\x2d\x3e\xf1\xa9\x25\x80\x81\x3d\x47\x31\x00\
\xb0\x51\x43\x49\x29\x30\x8a\x20\x90\x2a\x9a\x4e\xe3\xaa\x8e\x17\
\x01\x00\xa3\x46\xd9\x9d\x35\x01\xa8\x68\x0e\xf8\x2b\xfa\x35\xd7\
\xa8\x86\x5d\x4b\xec\x19\x22\xc1\x0e\xb9\xc8\x71\xe9\x9e\x71\x6d\
\x3f\x5c\xb7\x99\xc6\xfa\x5f\xdc\xef\x13\xc8\xde\x34\xf2\xce\x23\
\x62\xff\xe8\xfd\xdb\xb8\xd3\xe3\x30\x0f\x16\x05\x14\x7c\xc0\x2a\
\x26\x48\x97\xc2\xa4\x98\x44\x57\x69\xd5\x9c\x22\xaf\xf8\x9f\xf3\
\x9e\x39\xf3\xb1\x2d\xc0\x55\xf3\x9f\x72\xf8\xff\x76\xe8\xf4\x7d\
\x7a\xbc\xb5\xcf\xb4\x1a\xb7\xd7\xb0\x9c\x9b\x47\xce\x76\x69\x01\
\x26\x0e\x84\xe5\x85\x14\x21\xa1\xa0\x40\xe5\xff\xb0\x60\x30\x59\
\x68\x6b\xa0\x59\x83\x99\x35\x5b\xa3\xf3\xd4\x05\x22\x82\x54\xd1\
\x6e\x11\xea\x31\xce\xf3\x6b\xc6\x65\x86\x3c\x31\xcb\x52\xf1\xea\
\xb3\x16\x1c\x73\x57\x92\x93\xe6\x93\x92\x66\x85\x66\xbc\x39\x11\
\x4c\xa7\x0e\x00\x7f\xbf\xff\xb2\xcb\x26\x6d\x5a\x70\xe2\x59\xa2\
\x54\xf7\xad\x88\xac\x1b\x46\x32\x02\xcf\x16\x0c\xc3\x0a\xcd\x45\
\xab\x49\x19\x47\xd4\xf6\xa9\xa1\xc6\xff\xcd\xaf\xa9\x1d\x3f\x73\
\xc4\xec\x1b\xb5\x79\xf7\xda\xb3\xdb\x9a\x97\xed\x6c\x71\x92\x6d\
\x4e\x00\x89\x2c\x2c\x33\x68\xe6\x30\x75\x90\x61\x03\x86\x25\x85\
\x10\x95\xb8\xb4\x7a\x5d\xf4\xa5\x37\x2a\x63\x95\x9d\xc6\x0d\xab\
\xb8\x05\xfa\xd1\xb3\x94\x13\xe2\x92\xf5\x2d\x98\x64\xc9\x6f\x07\
\xc9\xd2\x8c\x2a\xd8\x17\x78\x32\x4c\x1b\xfa\xc0\x25\x31\xb3\xcb\
\xdf\x84\x13\x47\x8e\x83\x72\x5f\x10\x1c\x0b\x58\x65\x1d\xa1\x4d\
\xd7\xb2\x92\x58\x7f\xe5\x59\x27\x7d\xe5\x1a\xa4\x61\x37\x23\xce\
\x6d\x5f\x7c\x41\x94\xca\xe8\xf7\xa6\xc1\xb7\x1f\x52\x6b\xfa\xff\
\x23\xec\xf6\xe8\xdd\x69\x3b\x7c\x30\xcb\xe0\x24\x4a\x19\xa5\x08\
\x7c\x93\x47\xb1\xb4\x7e\x05\x1b\xfd\x86\x0c\x89\xb5\xd6\xda\x2e\
\x02\x6a\xac\x46\x6f\x47\xba\xbd\x88\x9c\xfe\x11\x55\xaf\xa0\x24\
\x4a\x36\x07\xb0\xf5\xb5\xf5\x8d\x46\x07\x13\x09\x11\x96\x7d\x8e\
\x62\xeb\x1d\x75\xcb\xe0\xa7\x1e\xcf\xc9\xb5\x57\x24\xb3\x27\x3f\
\x51\xf6\xbb\xf8\x58\x23\x99\x0f\x26\x82\x13\xae\xa6\x12\x70\xf5\
\x64\x10\x26\x4f\x1f\xf6\xf0\x19\x8e\x1f\xfd\x9e\x43\x75\x87\x29\
\x19\x41\x91\x0b\x06\xd6\x92\x81\xb1\x39\xd2\x46\x8a\x78\xcf\x7a\
\x34\xfc\x4f\x17\xc7\xc7\x67\x86\xce\xbe\xd1\x38\x6f\x4f\x4c\x66\
\xe9\x8d\xcd\x89\x60\x40\x0b\xa7\xd3\xdb\x9f\x08\x68\x7b\x08\x40\
\x93\x9a\xae\xe9\x1d\xce\x0f\x79\x29\xa4\xba\xd5\x6b\x2e\xea\x88\
\x88\xab\x4e\x6f\xf9\x43\x63\x16\x1e\x79\x5c\xc5\x00\x64\x27\xde\
\x6c\x3c\xfd\x6b\xd7\x76\x13\x6b\x0f\x79\x25\xec\x34\x34\x6a\x53\
\x34\x8e\x08\xcb\xae\xc2\xaa\xd7\x5e\xab\x7d\xf4\xc0\x74\x5b\xfa\
\x53\x5d\x39\xfe\xbc\x83\x5d\x00\xf1\x84\xe3\x2e\x0b\xf5\x5e\x33\
\xf6\xe5\x70\xa8\x71\x77\x8f\xbb\x3c\x66\x72\x28\x80\x61\xad\x20\
\x25\x2c\xb7\x3f\xb7\x2a\xfc\xd8\xf1\x97\xb6\xfd\x78\x15\x40\xc8\
\x0c\xb8\xd5\x4d\x2e\x49\xfa\xff\x09\xef\x59\xe5\x16\xbe\x69\xf8\
\x2d\x87\xd4\xea\xfd\x1e\x74\x42\x35\x8d\x9e\x29\xf8\x60\x76\x40\
\x30\x61\x11\x95\x45\xbd\xc9\x37\x22\x77\x1b\xb8\x34\xcd\x38\xaf\
\x3f\x35\xf6\x89\x6f\x6d\xfc\xe0\xdf\xf3\xd0\xb8\x29\x31\xbd\xaa\
\xcf\x9e\xb9\x9c\x3c\x8a\x6c\xf8\x78\xd8\xd0\x91\x11\x59\x1f\xd1\
\x30\xf0\xad\x67\x40\x1c\xbc\x5b\x24\x38\x24\xc2\xca\xf3\xbb\xac\
\xc6\xa6\x9f\x9f\xb5\xb0\xe9\xb7\x15\xc9\xba\x6d\xe8\xd1\x83\xc5\
\xa3\xec\xd7\x03\xb6\x2c\x01\xd3\x0e\x7f\xe0\x14\xd7\xab\xbb\x5c\
\x71\xac\xd9\x91\xf1\xc0\x03\x31\xe8\x59\x88\x88\x8c\x20\xe9\x84\
\x29\x82\x9c\x5e\xd7\x61\xd1\x75\x53\x41\xaf\xbc\xe6\xbc\x45\xa3\
\xdf\x78\x4f\x93\x60\xfb\xdc\xac\xc5\x36\x6f\x00\x02\x20\xbf\xf7\
\x97\x42\x32\x5a\x6f\x58\x5b\x22\xc1\x42\x10\x2c\x97\x9e\x01\x80\
\x51\x4d\xb3\x77\x9a\x4f\x7b\x4b\xd3\x6c\x09\x80\xfc\xb5\x7b\x1c\
\x17\x13\x0d\x8d\xda\x78\x86\x88\xac\x03\x05\x21\xbd\xdb\xd3\x6d\
\xe9\x62\x26\xc1\xf2\xbf\xd5\xdd\xa5\xf2\xa2\x7b\x74\x1b\x54\x23\
\x84\x8c\x68\xf6\x99\x99\x54\x39\xaf\x93\x25\x16\x06\x1a\x2c\x22\
\xfb\x76\xcf\x1d\x71\xdb\xb4\x61\xf7\x9c\x3d\xf1\xe2\x43\x9c\xe4\
\x92\xa4\x57\xf1\x65\xd8\xb9\x0e\xd1\xff\x9e\xc3\x3f\x65\xc8\xed\
\x83\x6a\xf4\xde\xff\x70\x9c\x78\x63\x49\x17\xb4\x85\x55\x20\x61\
\xa2\x88\xca\xa2\x5d\xd9\xea\xab\x65\x23\xcf\x9a\xdb\x34\xe6\xac\
\x79\x5f\xbd\x7f\xec\x13\xc1\x88\x9a\xc1\x22\x83\x8c\xe4\x72\x13\
\x70\xec\xb4\x73\x72\x5f\x7b\xe4\x2b\x2f\x24\x9f\x3a\x6a\x42\x62\
\xde\xc8\xe3\x8a\xf1\x77\x0f\xee\xc2\xb2\x2b\x7c\xbb\xfe\x95\xb0\
\x70\xa4\x43\x61\xc9\x82\x98\xa1\x45\xd1\xe6\x34\x94\x83\x5a\xa7\
\xff\x6f\x66\x0e\x6f\xbb\xae\x25\xd5\x42\xd9\x04\xc4\x36\xbc\x97\
\xe5\x7d\x03\x46\x26\x91\x91\x60\xa6\x71\x8f\x1f\x7f\x77\x72\xfe\
\xc8\xa3\x4a\x6a\xd5\xb1\x39\x7f\xd9\x83\xb0\xbe\x08\x51\x4c\x12\
\x09\x30\x33\x19\xeb\xdb\x9c\xe9\xf2\x49\xc4\x6a\x6b\x54\xff\xef\
\x86\xe5\x3e\x8b\x6e\x39\xf4\xd1\xbf\xcd\x38\x7c\xc6\x81\x49\x24\
\x4d\x1a\x69\x9b\x41\x46\x06\x93\x88\x4f\x29\x01\x34\x96\x37\x00\
\x1d\xd4\x1c\x1c\x12\x31\x80\xd8\x10\x0b\xd2\xc6\x03\xb9\xc5\xe7\
\x76\x36\x00\x58\x5e\x38\x62\x65\xe2\x63\x85\x70\xc0\x6c\x99\x58\
\xca\xbc\xbf\xc9\x1a\x95\xcf\xbe\xbf\x47\xf8\x6f\x8e\x4e\x58\x61\
\x89\x40\x54\x91\x47\x22\x90\x21\x26\x0b\x66\x10\xab\x68\xdc\xed\
\x75\x58\x0d\xed\x3d\xa5\x6e\xe1\x9f\x9f\x9a\x36\xf4\x9e\x31\x89\
\x04\x2a\xfd\x6b\x25\x11\x7c\xe1\xd0\xfe\x64\x36\x69\x7e\x7b\xc0\
\xb5\xdd\x5c\xde\xe5\xf6\x68\xa8\xa1\xb7\xc7\x45\x0d\xb0\x94\xa4\
\xd8\x81\x94\x79\xf3\xee\xff\xbd\x78\xec\x11\xc7\x8c\x99\x73\xea\
\xc2\x0c\x32\x32\x93\xc8\xc8\x4a\x55\x49\x20\x9b\x44\xd2\x10\xc8\
\x12\x88\x19\x4c\xa9\x14\x8b\x54\x53\xab\x62\x30\x9d\xdd\x7a\xea\
\x2b\x67\xcd\x6d\xfa\x6d\x61\xdf\xdb\x06\x77\xaa\x37\xce\xf6\xec\
\xba\x67\x22\x08\x29\x45\xae\x00\x83\x2c\xfb\x94\x47\xde\xeb\x26\
\xf7\xb8\x68\xef\x87\x47\xfe\x26\x99\x25\x93\x49\x64\xb6\xf9\xf2\
\x0b\x3e\x03\xe2\x4c\x22\x23\x99\x99\x46\xcf\x39\xf6\x9f\x67\x2d\
\x6c\x3a\x3e\xe7\xbe\xfd\x95\xbc\xbf\xfc\x41\x18\x5f\x84\x29\xa6\
\x00\x49\x60\x26\xb6\xbe\xed\xd2\x5d\xda\x51\xf1\xba\xb8\xda\xf3\
\x12\xc7\xdb\x77\x6e\x66\x78\xdb\xc4\xa9\xc3\x32\x03\xb6\x27\x11\
\x6c\xd3\x2f\xbc\xb6\x2c\x01\x46\x36\x34\x8c\x41\x80\xb5\x44\x04\
\x59\x30\xed\x25\x38\xa5\x45\x01\x00\x38\xdb\xee\xcc\x71\xce\xed\
\xc7\xdd\xdf\x57\x89\xf0\x91\x25\x5b\x0a\x40\x0b\xe1\x0a\x9f\x73\
\xcf\x84\xbe\x3f\xf5\x39\x80\xab\xd6\xcf\x00\x22\x2a\xc4\xc1\x43\
\x5d\xf1\x4e\x63\x56\x70\x65\x48\x46\x24\x48\x18\xb6\xc6\x14\x4d\
\x97\xf1\xc0\x3a\x12\xea\x3d\x38\x8e\xbd\xa6\x27\xde\x98\xfb\xd4\
\xcc\xc1\x0f\x8e\x49\x35\x41\x95\x1f\x42\x7c\x51\x2a\x02\x06\xd3\
\x40\x0c\xa4\xfb\x2f\x9b\x10\xea\x1f\x1a\x74\x47\xcc\xed\xbd\x6f\
\xc1\xe6\x7c\x86\x95\x92\x1c\x23\x0d\x8b\x2e\xbd\xfc\xd2\xc4\x82\
\xe6\x9f\xb4\xa4\x39\x10\x82\x41\xd2\x24\xb3\xc9\x8f\x1c\xa5\x11\
\x88\xd3\x69\xb2\xe9\xb6\x66\x4d\x20\x4e\x21\x25\x52\x4d\xad\xea\
\x9c\x69\x57\xe5\xc6\x3c\x71\xc2\xb4\x95\x87\xce\x18\x91\xf3\xde\
\xfd\xb6\xf1\x3b\xd6\x85\x54\x58\x12\x84\xb5\x56\x3b\x39\x9b\xf3\
\xe3\xb6\xcf\x4f\xa6\x8f\xfc\xe7\x09\xc9\x6c\x00\x0c\x6e\xcf\x6b\
\xaa\xfc\x6e\x95\x24\x75\xee\x13\xa7\x3e\x72\xd6\xc2\x23\x8e\xcf\
\xd9\x37\x47\x75\x94\x96\xde\x03\x53\xa0\xa8\x88\x2b\x90\x20\x22\
\xb0\x35\x9e\xc9\xeb\x9c\x86\x88\x45\x62\xb2\xdf\xc5\x11\xb1\xd7\
\xfc\x5b\x0e\x7d\xec\xc6\x69\xc3\x33\x07\x6c\x4e\x04\x5b\xf1\x79\
\x6e\x4b\x02\xa0\x24\x92\x26\x93\x48\x48\xb2\x6a\x90\x81\x05\x08\
\x90\xe4\x92\x45\x69\x59\xb7\x2f\xb7\xbd\x13\x00\x80\x2d\x3b\xa7\
\x1c\x6f\x1a\x25\x00\x40\xe7\xdc\x13\x6b\xdc\x86\x1a\xcb\x5a\x13\
\x08\x12\x80\xe1\xd2\x9d\xc9\x64\xd6\xa4\x82\x16\xa1\x1a\x9b\x0f\
\x06\x81\x19\xd6\x11\x2e\xf2\x7a\xed\xe3\x1d\x85\x95\x73\x22\x1c\
\x52\xae\x8c\x49\x82\x00\x43\x0b\xdf\x16\x8d\x26\x98\xb0\xdb\x38\
\x34\xae\x76\x9f\x3e\x28\xf7\xd4\xbc\x19\x07\xdf\x3f\x0e\xbc\x39\
\x99\x7e\xee\x5b\x83\xd9\x4d\xb3\x65\x12\x49\xb3\x71\xfe\x97\xfe\
\xd2\x2d\xd4\x6f\x54\x11\x39\x9f\xad\x55\x92\x5c\xed\x40\xa8\x4e\
\xb3\xf4\xb2\x71\x0b\x8f\xf9\xeb\xc4\xc1\x13\x9d\x2d\xed\xc4\xb6\
\x25\xd2\x48\xdb\x74\x5b\xb3\x66\x30\x65\x12\x19\x79\xf9\xd5\x57\
\x97\xce\x7a\xfa\xa8\x6b\x3d\x7a\xfd\x50\xcf\xdf\xf0\x74\x58\xc6\
\x24\x18\xcc\x56\x93\x52\x71\x08\x3f\xf6\xdb\x4c\x22\x21\x77\x74\
\x05\xfe\x5f\x12\xc1\xc2\xd3\xdb\xc6\x3e\xdd\x7c\x4a\xc9\xbe\x7e\
\x78\x67\xf1\xdd\x0c\xb4\x67\xa2\x32\xe6\x80\xa4\x04\x2c\xc0\xbe\
\xcd\xe9\x2e\x4d\x14\x89\xd5\xc9\x7e\x17\xb8\x66\xcf\xf9\x33\x47\
\xce\xba\x71\xca\x88\x5b\x06\x55\x3e\xcf\x9d\x92\x00\x52\x48\x11\
\x00\x78\xcb\x4e\xe9\x2b\xd8\xd9\xc3\x67\x1f\xcc\x80\xc3\x12\x80\
\xf7\xd2\x09\x57\x5f\x5d\xca\x20\x23\x77\x16\x59\xa1\x25\x98\xeb\
\x93\xf1\x42\x63\x2c\x08\x0c\x06\x88\x64\xde\xdf\xe4\x51\xac\xf3\
\x1e\x00\x68\x19\x35\xaa\xca\xfc\x03\xa0\x5d\x8f\x41\x82\x2b\x0b\
\x2b\x21\x11\x22\x92\xc5\x59\xe3\x9e\x3d\xe2\xb0\x76\xef\xad\x0b\
\x3c\xbd\x66\xbe\x6b\x95\x74\x29\x2a\x18\xc4\x0c\xc3\x25\x9b\x33\
\x45\x68\x1d\x72\x7b\x1c\x12\x77\xf6\x98\x9a\x19\x32\xef\xa9\x29\
\x43\x1f\x38\x6f\xc2\x65\xc7\x85\xde\x4b\x04\xfc\xb9\x4b\x04\x99\
\x44\x46\x36\xb7\x35\xeb\xc9\x43\xee\x39\xbb\x86\xfa\x5d\x9c\x33\
\x39\x1f\x6c\x24\x09\xa9\x23\x08\x39\x1d\x7a\xf9\x2f\xcf\x59\xf4\
\xb5\x6b\x26\x0e\x9e\xe8\x8c\x5f\x34\x5e\xef\xe8\xf3\x48\x20\xde\
\xc2\x69\xca\x19\xbb\x70\xec\x9b\xbe\xf3\xe6\x49\x05\x7f\xf5\x32\
\x47\x85\x88\x09\x54\x32\x79\x13\xa6\xba\x03\xcd\xdb\x17\x8d\xda\
\xe2\xe6\xc5\xce\x4a\x04\x29\xb0\x18\xb7\xe8\xac\x27\xcf\x7a\xe6\
\xc8\xaf\x17\xd5\x5b\x87\xe6\xf4\xbb\x37\x41\x97\x0a\x51\xd4\x28\
\x82\x12\x04\x08\xb6\xda\x76\x99\x4e\x4d\x2a\x1c\xae\xa5\xdd\x2f\
\x88\x9a\x7d\x16\x4c\x1b\xfa\xe8\xd5\x37\x9c\x7c\x43\x4d\x19\xf3\
\xa0\x1d\x4a\x00\x15\x00\x50\xda\xc6\x01\x11\x59\x13\x85\xd5\x46\
\x90\x60\x22\x82\x00\x9e\x01\x80\xc6\xa6\x46\xda\x59\xa2\x1f\x04\
\xe2\xc9\x47\xce\xdc\xdf\xa1\xe8\xf0\x92\x2d\x32\x01\x08\x51\x84\
\x34\xe7\x9f\x1d\xdb\xfc\xec\x62\x06\x53\xd5\xd0\xa3\x12\x1d\x20\
\xd8\x32\xf4\xc7\x60\xb6\x30\xec\x35\x80\x81\xb1\xcf\x7c\x75\xd2\
\x8b\xf3\x47\x8c\x28\xd8\xb7\xc6\x78\xc5\x0d\x8b\x42\xec\xaa\x90\
\x88\x29\x10\x81\xd9\x88\xa2\x9f\xb7\x1e\x19\x13\x71\x7b\x1c\xda\
\x4d\xec\x31\xa9\xe7\x9c\x2b\x16\x4e\x1f\x7c\xdf\xf8\x49\x4d\xe7\
\x86\xcb\x74\x62\xce\x24\x58\x7e\xd4\x03\xf4\x99\xf6\xfd\x29\x16\
\xc9\x6c\xd2\x4c\x19\x9e\xd9\x3b\x2a\x77\xbd\xc6\x90\x30\x96\x7d\
\xc5\x4c\x36\x42\x51\x67\xa3\xb7\x34\x33\x6e\xe1\x51\xff\xaf\xb5\
\xa9\x55\x5d\xbc\xe8\x62\xbd\xe5\xed\x57\x29\xe9\xb7\xfc\xb3\x8d\
\x07\x95\xc7\x2f\x1a\xe2\x4f\x1c\xbc\xd0\x19\x33\x67\xcc\x0a\x3f\
\xb4\xfe\xfb\x04\x9f\x08\x04\x66\xb6\x21\x19\x83\x65\x71\x0a\xf0\
\x9e\x5a\xd6\xce\x88\x64\x36\x69\xd2\x20\xcb\x29\x16\x0c\x16\x67\
\xcf\x3d\xe3\xe9\xe4\xbc\xa6\x6f\xe4\xa3\xaf\x0c\xee\xf2\xdf\xbd\
\x86\xfd\x62\xd1\x61\x57\xd8\x80\x9d\xa3\xc0\x96\x0b\x26\xef\x43\
\x84\xdd\x5e\xe1\x2f\x5d\xea\xbc\xd3\xff\x37\x04\xe2\x32\x48\xb9\
\xfd\x09\xa0\x02\x00\x6a\x2d\x0f\x51\x32\x0a\x26\x58\x80\x84\xe6\
\x02\x20\xcc\x02\x00\x58\x5b\x26\x09\xed\x78\x8d\x17\x4c\x12\x42\
\x5e\xaf\x93\x62\xa2\x9b\x03\xb6\x1a\x00\x24\x00\x4b\x5e\x86\xd2\
\x69\xdb\x52\x2d\xff\xb7\x88\xda\x2d\x6f\xac\x40\xaf\x17\xc2\x22\
\x50\xfd\x09\xa7\x89\xec\xd7\x17\x1d\x3f\x73\xe3\xb0\x6f\x8d\xe8\
\x34\x4b\xcf\x2d\xea\x75\xf3\x5d\xeb\xc8\x90\x88\x09\x90\xb2\x96\
\x2d\x0a\x26\xa8\x08\xa2\x6e\x9f\x41\xb5\x6a\xdf\xbf\xc7\xba\xbe\
\x3d\x6f\xe6\x90\x87\x2f\x4e\x9d\x78\x62\x34\x99\xa5\xf2\x6d\xf4\
\x6f\x4d\x04\x34\x30\x9d\x25\xe6\x94\x50\xba\xe7\x8d\x51\xd9\xa3\
\xd6\xb7\x25\x26\x16\x36\x24\xa3\xaa\x53\xaf\x7c\xb5\x10\x7a\xe3\
\xc2\x14\x52\x62\x76\xdb\xec\xf7\xd9\xc4\x05\xa3\xe9\xa0\xa4\xdf\
\xf2\x4f\x05\xfb\xa8\x58\x92\x6f\x4d\x5c\xbc\x68\xb0\x66\x30\x75\
\x3b\xf8\x8d\x7b\x0a\xfe\xa6\xb7\x14\xb9\x12\x60\x58\x62\x10\xbb\
\x5f\xde\xa2\x7a\xdd\xb9\x2f\x3e\x4d\x96\x40\x36\x05\x16\x19\xb0\
\x3c\xf7\xb1\xd1\x2f\x9d\xf5\xf4\x91\x97\xf1\x2e\xaf\xef\x57\xb2\
\xab\xe6\xba\x14\x2a\x9b\xae\x10\x31\xd8\xb1\x6c\x6c\xd1\x94\x8c\
\x62\x77\x28\x10\xf0\x77\x76\x28\x01\x6c\x06\x00\x39\x74\x30\x6f\
\xfe\x66\x21\x0b\xa6\xab\x58\x8c\x6c\x58\x12\x48\x80\xed\x9c\xfe\
\x3f\xdd\x36\xca\xb4\xa6\x52\x0a\x36\x34\x5a\x33\x83\xd9\x0a\x21\
\x84\xcc\xf9\xeb\x8b\xda\x59\x7b\xd7\xce\x04\x1b\xff\x63\x8e\x3f\
\x83\x2a\x1b\xed\x24\x08\x1c\x7c\xb6\x0c\x40\x57\xc6\x4d\xe3\xaf\
\x5b\xe4\x8f\x5d\xf4\x95\x29\xf8\xf1\xa1\x23\x73\xe6\xad\xaf\x17\
\xbc\x35\x8b\xc2\xac\x54\x88\xa2\x92\x20\x00\x36\xe4\x99\xbc\x2d\
\xc2\xd3\x21\xb7\xe1\xc0\x1a\xd5\x7f\xe2\x80\x55\xff\x33\x7f\xfa\
\x90\x59\x17\x4f\x3c\x31\xf5\x6f\x4d\x04\xa9\xa6\x56\x99\x44\xd2\
\x4c\x1d\x76\xe8\x8f\xea\x9d\x7e\x47\x16\xb8\xcb\x07\xac\x94\xe4\
\xb2\xb6\xed\x45\x13\x5f\x7e\xf6\x85\x73\x2e\xec\x1c\x98\x18\xb8\
\xd9\xe7\x31\x85\x94\x20\x10\xa7\x41\x76\xfa\xa1\xd3\xf7\x99\x31\
\xf4\x9f\x97\x64\x8e\x68\xfd\xf3\xcc\xc3\x66\xfd\x2d\x33\xa2\xed\
\xa7\xd3\x86\xde\x77\x24\xc0\x48\x83\x6c\x06\x5b\x57\x0d\x54\x6e\
\xd3\x13\xae\xbe\xbc\x24\xa5\x9d\xef\x90\x0b\x80\xd9\xc0\x42\xa9\
\x50\xaf\x4c\x2a\xe5\x06\xc9\xe7\xd3\x7a\x7f\x5a\x90\x28\x57\x36\
\x37\x9c\xfc\xfb\x9a\xd2\xda\x1e\x67\x4b\xaa\xdf\x93\x29\xe0\x0c\
\x94\xb9\xce\x2c\x88\x88\x89\x25\xb9\x10\xa0\x40\xc2\x7d\x47\x12\
\x40\x00\x00\xa6\x52\xae\x10\xf4\x65\x9f\xfd\xe0\x9b\xc9\x81\x85\
\xf7\xf6\xa0\x7d\x3a\xde\x09\x80\x93\x1d\x4f\x00\x41\x59\x46\xbc\
\xb2\xed\xe0\xc1\x0e\x45\xbf\x5c\xb2\x45\x0b\x00\xae\x08\x93\xc7\
\xf9\x79\xe7\xcd\x19\xfd\x46\x0a\x29\xb1\x23\xec\xa7\xff\xb4\x58\
\xed\x95\x36\xab\x59\x30\x31\x98\x01\xe6\xf7\xf7\xee\x5b\x08\x5e\
\xca\x64\x12\x66\xcc\xd3\xc7\x67\xda\xc7\xdf\x3c\x22\x47\x4b\xcf\
\xf1\xcc\xba\xf9\x21\x96\xd2\x15\x51\x09\x92\x96\x61\xc9\x33\x05\
\x53\x60\x5f\x87\x9d\xde\x03\x6b\xd5\x6e\x13\xbb\xad\xfc\xda\x82\
\xe9\x87\xcc\xba\x78\xc2\x71\xa9\xda\xcf\x3a\x11\xa4\x52\x2c\xd2\
\x6d\xcd\xfa\xc6\xc3\xa7\x0e\x88\xd8\xee\xa9\x22\x7c\xc3\xd6\x48\
\x22\xe5\x87\x84\xab\x3c\xb9\xe9\x7f\xc7\xce\x4a\xce\x6f\x6d\x6a\
\x55\x15\xc0\x8f\xcb\xb7\xfe\x0d\xc7\x5c\xbd\xcb\xf4\x83\x66\x4f\
\x09\x79\x03\x9f\x8d\xd3\x1e\x7f\x8b\xea\xdd\x2f\xaf\xb1\x7b\x5c\
\x12\xe1\x5d\x7f\x1b\xa5\x7e\x6d\xd9\xc1\x73\xda\x6e\x18\x9a\x1d\
\x12\x00\xdc\xdb\xd8\xbb\x3b\xb6\x03\x6c\x01\x16\x64\xd9\x02\x64\
\xeb\x72\xcf\xee\x1e\xc5\xa7\x43\x4c\xa1\x54\x53\xab\x4a\x23\x6d\
\x09\x64\xa7\x1d\x7a\xdf\xe9\xb1\xe5\x4d\x73\xba\xcb\x3d\x7e\x25\
\x54\xa4\xa7\x66\x9f\x2c\x98\x38\x70\xe7\x29\x97\x3f\x0c\xe2\x9d\
\x30\x05\xa8\x00\x80\xfe\xec\x5d\xf6\x54\xd2\xe9\xa7\xad\xcf\x44\
\x80\x23\x24\x18\xde\x0b\x43\xae\x1b\xef\x07\x19\x74\xc7\x01\xc0\
\x4a\xab\xa1\xfc\xfa\x33\xa2\xaa\x9e\x40\x6c\x18\x82\x89\x2d\xc8\
\x29\xde\x16\x90\x8d\x46\x89\xea\xb1\x7f\x7f\xd8\x2d\x87\x64\x60\
\x04\x1d\x00\xf0\x81\x9d\x8c\x2d\x95\x6f\xe5\xf8\xf1\xd7\xf9\xa3\
\xe7\x7f\x75\xea\x8b\x0b\x86\x8f\xe8\xa2\xd7\x13\xa5\xd2\xba\xb9\
\x61\x0a\xa9\xb0\x88\x4a\x10\x95\x2b\x82\x2e\x5b\xb2\x45\x13\x72\
\x1a\x06\xd4\x39\xbb\x4d\xec\xb3\xfa\xb8\xa7\x67\x0e\x79\xe4\xf2\
\x09\xc7\x4d\xf8\xac\x12\x01\x0d\x5c\x92\x25\x66\x50\xa4\xb0\xdb\
\xb5\xd1\x70\x63\x44\x73\x09\xcc\xb0\x61\x11\x75\x3b\xcc\xca\x87\
\xc7\xcc\x39\xfa\x0f\xa9\x40\x00\xd6\x6c\x71\xf3\xdb\x1b\x0f\x9f\
\x3a\x20\xbe\xe9\x90\x27\x1a\x22\x7b\x9e\x4d\x21\x27\xea\x51\x41\
\x17\xb8\xcb\x2f\xa0\xcb\x2f\x72\x51\x1b\x21\x6c\x34\xdc\xfb\xc8\
\x3a\xda\xbb\x6d\xf2\xa1\xf7\x9e\x90\xcc\x26\x4d\x2a\xb5\xf5\xed\
\x80\x35\x65\xaa\x31\x98\xc1\x80\xb5\x5c\x3c\xe0\xa0\xee\xde\xa7\
\x21\xea\x02\x10\xa7\xdb\x9a\xf5\xb4\xe6\x2b\xfb\xcf\x3c\xe4\x91\
\x19\x71\xec\x79\x7b\x34\xd4\x63\x50\xce\xe4\xb4\x31\x05\x06\x93\
\x91\xe4\x90\x22\x25\x98\x99\x83\x92\x90\x60\x3e\xc1\x96\x53\x6c\
\x13\x03\xd0\xeb\x35\x28\x2c\x6a\x5d\x86\x35\xc1\x0d\x63\x40\xc4\
\x4f\x07\x12\x60\x3b\x07\xf8\x68\x6e\x6b\x36\x99\x44\xc6\x35\xbe\
\x73\xb2\x07\x8d\x80\xd3\x2e\x64\x97\xbf\x2e\xa7\xe3\x1d\xf7\x00\
\xc0\xec\x6a\xf9\xff\x21\xa5\x69\xf0\x51\x12\x53\x19\x07\x10\x5b\
\x2b\x81\x2d\xd3\x44\x76\xcc\xfc\x93\x6e\x4b\x9e\x3c\xe2\xb0\x4e\
\x7f\xd9\x98\xa2\xb7\x6e\xa1\x6b\x85\x0c\x53\x4c\x82\x94\xb5\x00\
\x97\x6c\xde\xe6\x51\xd2\x6e\xb8\xfb\x5e\x35\xaa\xff\x9f\xfb\xac\
\x1d\xbe\x68\xda\xe0\x59\xdf\x99\x7e\xf8\xb5\xdd\x3e\xcd\x44\x90\
\x49\x94\x81\xbf\xc1\xff\xb8\xb0\xd6\xdd\xb5\x29\x6f\xf3\x1a\x00\
\x29\xe9\x52\xd1\x5f\xdf\x5e\x8a\xbd\xf3\x4d\x66\x00\x6d\xb3\x2d\
\x00\xae\x10\x60\xae\x1d\x71\x6d\xcf\x70\x6e\xcf\xfb\x62\xee\xae\
\x7b\x74\xa1\xdd\xb3\xac\xad\x65\x82\x60\xe9\x48\x56\x0e\x01\x04\
\xb6\x9c\xb7\x39\x5f\xa9\x58\x34\x6c\x7a\x66\x6e\x3e\x38\x7b\x60\
\x3a\x0d\x4e\x7c\x42\x25\x50\x69\x75\x09\xce\xae\x5c\xa6\xf2\x4a\
\x21\xc1\xb0\x6b\x87\xfc\xe2\xe4\x7c\x80\xc4\xec\xf8\x65\x18\x8c\
\x20\x59\x52\x9a\x6c\x2a\xc5\xea\xe6\x21\xf7\x5e\xee\xb6\x1f\xf9\
\x74\x8d\xbb\xd7\x68\x2d\xd8\x78\x26\x58\x20\x22\x21\x6d\x4c\xd6\
\x28\xaf\xb4\xa9\xbd\xe8\x6f\x5c\x26\x85\x02\x97\x7f\x3e\xf1\x4e\
\x18\x03\x6e\xbe\x95\x51\x73\x90\x14\x6e\xb9\xb6\x80\xf0\x38\x0f\
\xc8\xd2\x4e\xf3\x00\x28\x97\x60\x8c\x77\xc2\xc3\xc2\x54\xb3\x9f\
\x6f\x3c\x03\x02\x47\x44\x84\xd8\xcf\xcf\x3e\xf7\x91\xe4\x3b\x0c\
\xae\x96\xff\x1f\x16\xd2\x94\x5d\x12\x81\x32\xc2\x1f\xbc\x47\x4d\
\xdb\x40\x49\x4d\xc3\x8e\x59\xd4\x3c\x13\x3f\x19\x3e\xbc\xa4\xde\
\x4d\xe4\xf4\xea\x27\x5c\xa1\x54\x58\x05\x53\x03\xb0\x25\xcf\x14\
\x6c\xc1\x96\xb4\xe3\xd4\xef\x5d\xef\xf6\x9f\xe0\x78\x07\x3f\x3b\
\x7d\xe8\x3f\x7f\x32\xfd\x6b\x3b\x3f\x11\xa4\x52\x29\x91\xc8\xc2\
\x4e\x39\x6d\x4a\xcf\x90\xd3\xf8\x6b\x0d\x58\x66\x23\x00\xb2\x2e\
\x49\xe9\xd9\x75\x3f\x3f\xaf\x75\xf4\x1b\x99\x04\xcb\x4a\xdf\x3f\
\x30\xd1\x42\x69\xa4\x6d\x9d\xde\xe7\x7f\x1a\xc2\xbb\xed\x91\xb7\
\x1d\x3e\x5b\xeb\x90\x50\x22\x22\xc3\xca\xb3\x1d\xf9\x12\x6f\x5a\
\x4f\x64\xa4\x92\xae\x64\x6b\x95\xaf\x0b\x3a\x1e\xea\x19\x73\x9c\
\xc6\x5f\x03\xc4\x03\x06\x24\xf8\xe3\xf6\x2f\xd2\x48\xdb\x89\x27\
\xa6\xa2\xec\x8b\x81\x1a\x26\x80\x5d\x20\x20\x25\xaf\x0c\x54\x93\
\x6f\x95\x3b\xc5\xa8\x05\xc4\xc9\x2c\x99\xe9\x23\xef\x19\xf1\xa5\
\xfb\x9f\x78\xb2\x87\xf3\xa5\x3f\xab\x50\x7d\x43\x01\x9d\xda\xb2\
\x16\x0c\xb0\x23\x43\xc2\x65\x25\xbb\xf2\xcb\x66\x75\x79\x6f\x8f\
\xb0\x5c\x98\x1d\x91\x51\x22\xc0\x70\x99\x1b\xf2\x71\x29\x60\xab\
\x12\xc0\xec\xb6\xf2\x8d\x4b\xee\xe0\x80\x6c\xc2\x24\xa0\x44\xc9\
\xe4\x3b\x11\x6f\x7f\x69\xe7\x79\x00\x04\xc2\x1f\xbe\x8e\x25\x42\
\xb2\x06\x80\xb5\x80\x84\xe5\x12\x34\x75\xdd\x52\x26\x81\x54\xcb\
\xff\x0f\x7b\x2c\xcb\xe7\x8d\x41\xe0\x2d\x30\x41\x6c\x13\x25\xb5\
\xcc\xaf\x4f\xc2\x24\x9f\x3a\xf6\xb6\xb3\x16\x8e\x3c\xb2\x60\xdf\
\x1d\x5d\xd4\xab\x1f\x73\x58\x88\xb0\x88\x49\x12\x92\x01\x0b\x9f\
\x4b\x26\x6f\xf3\x5a\xc9\x86\x7e\x75\xce\x9e\xbf\x53\xab\x86\x3c\
\x3d\x63\xc8\x23\xdf\xcd\x24\x26\xd6\xed\xac\x44\x30\x70\xc9\x40\
\x22\x10\x8b\x95\xbb\xa4\x6a\x9c\x5e\x8d\x9e\x2d\x5a\x30\x38\x4c\
\x11\xd5\x51\x5a\xf9\xd4\x5d\x7b\xde\xf8\xb7\xb2\x81\xa9\xad\xdc\
\x98\xc9\x2c\x99\xeb\x87\x5f\xdf\x20\x51\x33\xa6\x80\x82\x15\xcc\
\x42\x08\xc9\xb0\x5a\x77\xd8\xb7\xff\x9f\xdf\xfb\xd5\x41\xd1\x41\
\x6b\x06\x7a\xee\xda\x13\x3c\x7f\xe3\x52\x87\x42\x20\x22\x2a\xd8\
\x02\x2b\x8a\x7d\x65\xfa\x31\xb7\xed\x93\x4e\x93\xfd\x28\x2a\x6d\
\x26\x91\x15\x00\xd0\xad\x7d\xc4\x20\x87\xa2\xbb\x18\xf6\x2d\x41\
\x04\x88\xab\x2d\xee\xf0\x38\x3c\x85\x94\xc8\x20\xd8\x71\x98\x7c\
\xea\xd5\xdd\x67\x8e\x6c\x9d\xe0\x98\xfe\x6d\xb1\xd0\xae\xc3\x8a\
\x54\xf2\x35\x17\x19\x4c\x44\xa4\x38\x26\x62\xaa\xe4\x6d\x5c\xb1\
\xc9\xbc\x71\x41\xf2\xb9\xc3\x8f\xbe\x68\xf1\xe8\x97\x08\x1c\xb5\
\xb0\xd8\xdc\xfc\xd3\xc7\x57\x00\x6a\x6b\x77\xcd\x33\xdf\xbb\x2a\
\xc2\x4f\xa9\x7d\xb5\xd0\x20\x02\x14\x1c\xf8\xf0\xde\x78\xf9\xa1\
\xd1\xcb\x41\x40\x1a\xe9\x1d\x4a\x00\x15\xe1\x8f\x29\x5f\xb9\x32\
\x46\x1b\x42\xa7\x96\xd8\x07\xb3\x15\x4a\x38\x32\x67\x36\xae\xb5\
\x0d\xe6\x81\xaa\xf0\xc7\x47\x7c\x88\x86\x2c\x59\xcb\x24\x02\x10\
\x98\x98\x21\x82\x7f\xc1\xb6\xea\x32\x6c\xe9\x8e\x93\xa4\xaf\x9b\
\xb3\x70\xcc\x2d\x20\xdc\x32\x7d\xe4\x23\x27\x51\x29\xfc\xfd\xb0\
\xa8\x1f\x25\x65\x14\x9e\x29\x58\x26\x0b\x6b\x4a\xa6\x28\x84\x75\
\xdd\xfa\xdd\x15\x37\xfc\xa9\xf0\x76\xec\xb2\x19\xc3\x1e\xbc\xda\
\x34\xbc\x72\x53\x32\x4b\x1d\xdb\x2b\x76\xb9\x59\x06\xee\xc8\x7b\
\x86\xba\xc5\xc6\x8b\x8b\x7e\xce\x10\x41\x48\x84\xb8\xa8\x37\x95\
\xb4\x5c\xf1\xcd\x6c\x36\x6b\x12\x89\xc4\xe6\x65\xb0\x8a\x76\x44\
\x4c\xed\x3e\x2c\x84\xda\x9e\xda\x7a\x86\x99\x38\x4c\x21\xd9\x25\
\xdf\xfa\xcd\xd8\x39\x5f\xfd\xe5\x16\x3f\xe2\x81\x9b\x87\xfc\xe3\
\x9b\x8e\xad\xf9\x07\x09\x01\x36\x6c\x62\xb2\x3e\xd4\x5e\xe8\x18\
\x01\xe0\xb5\x8f\xb2\xb5\xab\x54\xc3\xac\x43\xc7\x46\x54\xbd\xc8\
\xdb\x2e\x9f\x18\xa2\x64\x73\x30\x22\xff\x18\x00\xac\xdd\xbe\x6a\
\xf8\x7d\x46\x2d\x37\x1f\x76\x47\x32\xba\x6a\xd7\xdf\xc6\x44\xcf\
\x3d\xf3\x54\xe0\xa2\xee\x32\x00\x4b\x01\x69\x5c\x19\x55\x25\xbb\
\x01\x9b\xfc\x95\xd7\x15\x42\x2f\xa5\x2f\x9c\x73\xd9\x8a\xd6\x26\
\x56\xb3\xdb\x5a\xac\x61\x6d\x84\x00\xd8\x54\x46\x43\x76\xc7\x5a\
\x80\x16\xb4\x10\x00\xd8\xa7\xf7\xdd\x8b\xd8\xd9\xcd\x67\x9f\x99\
\x01\x25\x24\x58\xf8\x8b\x2b\xca\xb1\x3b\x0a\x7c\x66\xcb\x99\xd5\
\xd5\xfb\x37\x45\x43\xdd\xfa\x69\xeb\x19\x26\x62\x57\x38\xcc\x5c\
\xb8\xef\xdc\x47\x4f\x5f\x5f\x29\x8b\xaa\x47\xfe\x03\x60\xb4\x5f\
\x24\x4b\x5b\x60\xb0\x44\xdb\xba\xe6\xf1\xb1\xad\x01\x33\xd3\xd8\
\x27\x8f\xb9\x77\xcc\xa2\xc3\x9b\xf3\xe6\xdd\x53\x0b\xde\xea\x36\
\xc5\x10\x11\xc4\x25\x84\x80\xb5\x56\x68\x5b\x34\x45\x2e\x68\xe5\
\x34\xec\x59\x23\xf7\xfc\x93\xbb\x76\xf8\xc2\xe9\x07\x3d\xfa\xcd\
\x6b\x12\xdf\x8a\x6f\x4f\x45\xb0\x38\x9b\x60\x10\xe0\x17\x6a\xaf\
\x74\x55\x9d\xb2\xac\x99\x01\x1b\x16\x61\xe9\x63\xed\xb5\xe7\xcc\
\x3f\xeb\xb9\xd4\x16\xa8\xff\x96\x87\x53\x42\xee\xeb\x88\x10\x33\
\xc1\x82\x48\x16\x75\x07\x87\x95\x9f\xc9\x24\x32\xb2\x35\xd5\xaa\
\x18\x2c\x32\x89\x8c\x64\xff\xd5\xa7\x8a\xa6\x63\x93\x20\x25\x21\
\x98\xc1\x02\xa5\x4d\xa5\xf8\xc7\xfd\x5e\xa3\xda\x46\x99\x4c\x22\
\x21\x75\xc9\x39\x4d\xb3\x01\xb3\x25\x29\x5c\xe9\x71\xc7\x32\xe5\
\x3e\x3d\x3f\x98\xb9\x27\xec\xf6\xb4\xbe\xe9\xb6\x66\x3d\x69\xc4\
\xf4\xfd\x67\x0c\x7e\xf4\xb6\x7a\xb3\xdf\xad\x8e\x68\xd8\x33\x67\
\x73\x3e\x43\x97\xc1\x7d\x57\x84\x29\xa2\x72\xa5\x65\x0b\x0b\xb4\
\xf4\xe8\xb1\x8b\x8e\x19\x7f\xe1\x9c\xcb\x56\x64\x12\x19\xb9\xb6\
\x27\xca\xeb\xc0\x9b\x97\x12\x89\x89\x3e\x91\xc7\x29\xb6\xca\x03\
\x00\x00\x17\x9d\x81\x61\x51\xeb\x80\xd9\x04\x7f\xab\x01\xd8\xcc\
\xdd\x99\x00\x20\x00\x88\x62\x7d\xc2\x11\x71\x30\x33\x13\xa4\xf0\
\x74\x9e\x34\x6d\xbc\xfd\x8b\xbc\xb6\xfa\x69\x47\x21\x1c\x22\x41\
\x5c\x9e\xfd\x50\x50\xf4\x59\xbb\xd3\x98\x68\x15\x4a\x2a\x98\x69\
\xdc\xa2\xe3\xef\x3e\xeb\xe9\xc3\x46\x15\xb0\xfc\xf8\x5c\x61\xd9\
\xa3\xca\x42\x46\x64\x5c\x52\x20\xd4\x4a\x46\x7b\xa6\x68\x3d\xed\
\x3a\x0d\xfb\xd4\x86\xfa\x5f\xdb\xf3\xad\x73\x16\xcd\x1c\xfc\xf0\
\x37\xa7\x7c\xe5\xca\xd8\xd6\x26\x82\x4c\x22\x23\xd3\x20\x3b\x79\
\xe8\x1d\xa7\xd4\xca\x5e\x4d\x45\x9b\xd7\x44\x44\x8a\x42\xa2\xc3\
\x5b\xb1\x02\x3d\x37\xfc\x32\x05\x16\x1f\x4d\xb8\xa1\x02\x07\x6e\
\x5c\x24\x48\xb0\x60\x49\x5d\xbe\x09\x27\xb2\x09\xbb\x76\xc9\x5a\
\x71\xdd\xe0\x45\x32\x91\x4d\xd8\xda\xde\xfd\x22\x4a\xba\x6e\xd9\
\xf9\x97\x49\x12\x87\xe2\x41\xfb\x3e\xea\x63\xfa\xf2\xd2\xd2\x33\
\x86\x86\x45\xec\x20\xcf\x96\x2c\x40\x70\x85\x0b\xc3\xde\xc3\xc9\
\xb6\x74\x57\x26\xc1\x5b\x7d\x49\x31\x98\x2a\xe5\x7e\x2a\x35\xc0\
\x9d\x3e\xf4\xc1\x9f\xc5\xf4\xde\x0b\xea\x42\x7b\x9c\x61\x08\xc6\
\x37\x05\x0b\xb6\x12\x50\x36\x42\xb5\xd2\xea\x5c\x7e\xa3\xff\xfa\
\x8f\x3b\x06\x7f\x6f\xe4\x39\x4f\x9d\x31\xab\xbc\xce\xfc\xbe\x85\
\x38\x0b\x03\x0a\x46\xff\x01\x29\xc0\x42\xee\x50\x02\x58\xbc\x66\
\x76\x50\x01\x18\x79\xb0\x22\x07\x44\xcc\x44\x42\x14\x74\x07\xac\
\xec\x7a\x76\x67\x00\x80\x95\x17\x71\x67\xd3\xa4\x7a\x36\xce\xb1\
\x9e\x29\x81\x88\xc9\x21\x57\x14\x6c\xfb\xb2\xd2\xa0\xd7\x1f\x2b\
\xdf\x4a\x55\xf0\xef\x43\xa2\x26\x58\xfe\x47\x99\x09\x12\x9c\x2c\
\xb1\x73\xdf\xaa\x2d\xd7\x56\xc1\x4c\x63\x16\x1c\xf7\xe0\x59\x2f\
\x34\x1d\x53\x90\x4b\x4f\xca\x79\xcb\x67\x49\xb6\x32\x42\x35\x92\
\x48\x10\xc0\xa4\x6d\xd1\x14\xb8\xa4\x5d\xd5\x7d\xdf\xb8\xdb\xef\
\xda\xf0\xfa\xc3\x9e\x9e\x71\xc0\xac\x6f\x5f\xf9\x09\x89\x80\xca\
\x78\xd2\xc4\x8b\x2f\x76\x14\xf7\xfc\x05\xc9\x10\x18\x9a\x98\x08\
\x0a\x2c\xf2\xbc\xe1\x17\x63\xff\x31\x76\xe3\xc0\x60\xeb\xf9\x7d\
\xcf\x5d\xa5\xf4\x66\xe4\x97\x78\xa6\x40\x44\x24\x2c\x5b\x76\x55\
\x1c\xaa\x54\xfb\xfd\x32\xaf\xdf\x1b\xbf\x68\x88\x4f\x20\x2e\x6d\
\xa8\xff\x49\x98\xea\x62\xcc\xc6\x82\x85\xd4\xa6\x40\xb2\xc6\xbc\
\xfd\x49\x65\xbc\xa2\xc6\x73\x23\x6e\x37\x62\x18\x2b\x40\xe4\x9b\
\x2e\x80\x72\x33\xb7\x65\x3d\xbd\x92\x28\x92\x48\x9a\x19\x23\xee\
\x3e\x6a\xc0\x03\x37\x3c\x59\xab\xf6\xf9\x95\x54\xb5\xf1\xbc\xcd\
\x69\xc3\xbe\x00\x09\xab\x44\x58\x44\x58\xaa\x7c\xf1\xdd\x87\xba\
\xec\x4b\xc3\xcf\x5e\x78\xec\x95\xe3\xaf\x7b\xda\xaf\x6c\x38\x7e\
\xf0\x3d\x10\xa2\x5c\x01\x96\xff\x57\x41\x1f\xff\x20\x7c\xb2\x24\
\x58\x05\x00\x44\xe4\x10\x1b\x90\x8c\xa0\x48\x89\xa2\xee\x58\x5f\
\xec\xb6\xf1\x95\xed\x29\x79\xfe\x55\xf8\xa3\x45\xa2\x0d\x26\x57\
\x6c\x38\xaa\x4e\xd4\xf7\x29\x71\xc9\x30\x83\x5d\x28\x14\xb8\x74\
\xc7\x85\x37\xfd\xa4\xf3\x8b\xe6\x3b\xff\x99\x56\x00\x86\xac\x23\
\xb4\xa5\x8a\x30\x12\xf1\x36\x83\x80\xdb\x03\x16\x96\x8d\x33\xef\
\x03\xe1\xbe\x99\xc3\xef\x3f\xda\x2f\xd6\x7c\x4f\xc9\x9a\xaf\xb9\
\x6e\x0d\x0a\xa6\x60\xc1\x06\x9e\xcd\x5b\x22\x69\x43\xe1\xc6\x7d\
\xa3\xae\xb8\x46\x6d\x8a\x5e\x36\xf5\x90\xfb\xff\xb2\x22\xfc\xc2\
\xd4\x64\x96\x3a\xdf\xeb\xf7\x13\x16\x20\xbe\xb5\xfc\x39\x4f\x7d\
\xee\xbe\x31\xb5\xaa\xe7\x81\x45\x93\x33\x60\xe2\x90\x88\xc8\xae\
\xe2\xf2\x67\x97\x96\x16\x4c\x4a\x81\x45\xe2\x43\x14\xa0\xcb\xcf\
\x21\x79\xbb\xaf\x7f\x16\x2f\xd7\x2e\x8d\xaa\x5d\x77\x2b\xa1\x0b\
\x45\x2e\xd8\xa8\xdb\xfb\xac\x19\x43\x1e\x8d\xb0\xca\xdd\x08\x17\
\x10\xf9\x9a\xcb\xc2\xd4\xf3\x2b\x1e\x79\x96\xd9\x92\x43\x61\xe4\
\xcd\xaa\xe5\x91\xe8\x0b\x8f\x7f\xd8\x33\x5d\xc6\xa8\xec\xf4\x13\
\xa7\xf7\xc0\xaa\x78\xb2\x44\x25\x80\x01\x25\xc3\xb2\xa8\x57\xbe\
\x51\x1a\x30\xff\x71\xcc\x03\x7d\xd2\x25\xb5\xa5\x9b\xf2\x0d\x27\
\x5f\xbd\x4b\x6c\xf5\x80\xb4\x63\xbb\x5f\xe8\xca\x1a\x14\xb9\xe8\
\x33\xb4\x22\x26\x08\x52\x36\x4c\x11\xd5\x55\x5a\xfd\x56\x4e\x6c\
\x48\x8d\x7b\xf6\xc4\xa9\xe0\x4f\xd6\x70\x2c\xef\x26\x94\x19\xc1\
\x00\x13\xd3\xc7\xe9\x65\x89\x4f\xba\x99\xd3\x48\xdb\x4c\xd3\x35\
\x71\x58\xf1\x25\xbf\xac\xf4\x2d\x49\x01\xc2\xbc\xf1\x8d\x87\xbe\
\xb1\x76\x67\xcc\x3c\x97\xf4\x1c\x18\x00\xd7\xba\x2e\x21\x45\x18\
\x60\x58\x41\x52\x94\x4c\x17\xac\xca\xdd\x51\x15\xfe\xf8\xf8\xf0\
\x9c\x22\x6f\x16\xa5\x63\x02\x88\x20\x2a\xb2\x6c\x4d\x9f\xce\xcf\
\x7c\xdf\xda\x2a\x33\x8d\x7e\xea\x84\x47\x93\xcf\x1c\x71\x62\xde\
\x5d\x76\x54\xce\x5b\xf1\x10\xb1\x11\x11\x11\x97\x44\x0a\xcc\x40\
\xc9\x14\x6c\x81\x0b\xda\x55\xdd\xf7\xab\x73\xf7\xfa\x6b\xff\xe2\
\xe1\x0b\x67\x1e\xfc\xc8\xa5\xd7\x34\x5d\x13\xaf\x54\x17\xad\x4d\
\xad\x6a\x71\x16\x9c\x49\xa4\x5c\xa1\x1b\xfe\xc7\x42\x32\x98\x11\
\x54\x15\x3e\x41\x15\x7e\x91\x5e\x92\xf6\x06\x26\xf0\xa1\xbe\x13\
\xe5\xdf\x47\x9c\x33\xed\x9c\x1c\xc2\x9d\xff\xa7\x18\x02\x90\x86\
\x99\xc9\x83\x36\x35\x6e\xff\x53\xe2\xb4\xd7\x3d\x31\x6f\xaf\x7b\
\x6a\xdc\x7e\x5f\x31\x82\xad\x65\x23\x40\x42\xbb\x24\x04\xcb\xdc\
\x1f\x4e\xbd\xe7\x27\x9d\x1f\x86\x35\x95\x77\x4f\x98\xd7\x77\x3f\
\xaf\xd6\xe9\xd1\x60\xe0\x6b\x80\xe0\x40\xc0\x72\x61\xe6\xf9\x93\
\xd3\xc5\x54\x53\xeb\xc7\x61\x61\xd4\x5a\x66\xf2\xa5\x41\x76\xca\
\xf0\x07\xc7\xd6\xae\x3a\x74\x7e\x9d\xdc\xeb\x42\x08\xc7\x96\x6c\
\xce\x10\x1b\x49\x90\x26\x2c\x22\x8a\x6d\x51\xb4\x9b\xa5\x7f\x6f\
\xdf\x65\xce\xb0\x71\x0b\x4f\x9c\x9a\x62\x16\x29\xa4\x44\x19\x24\
\xfc\x18\xfd\x41\x59\x99\x07\xd1\xd6\x74\xcd\x6a\x6b\x3c\x00\xfc\
\x62\xcf\xfd\x5c\x19\xde\x45\x5b\x8f\x01\x01\x41\x12\x5a\x14\x9e\
\x03\x03\x99\x84\xdd\xa1\x9b\x79\xb3\xec\xf7\x09\x93\x7a\xdb\x35\
\xb1\xe3\x8a\x5c\x04\xc0\x24\x85\x23\x0a\x66\xed\xab\xde\x7e\xeb\
\xe7\x61\x2e\xf0\x45\x2c\xff\x3f\xac\xcf\xfd\x34\x40\x4c\x9d\xaf\
\x15\x92\x15\x95\x37\x82\x61\x2d\x83\xb0\x7d\x53\x80\x1d\xa9\x08\
\x16\x67\x13\x3c\x6e\x0e\xb5\x82\xd0\x3a\x7d\xf0\x3d\x4d\x25\xbf\
\xf6\x7b\x8e\xac\x3d\x25\xea\xd4\x8b\x3c\xe7\x99\x2d\xc3\xb3\x79\
\x0b\x92\x36\x1c\x6a\xdc\x57\x59\x71\xb5\xec\x8c\x5d\x7a\xcb\xf0\
\x87\xfe\xd4\xde\x63\xce\xd4\xe6\xfb\x9a\xf3\x00\x30\x75\xc5\xdd\
\xa7\xd6\x39\xdd\x06\x78\xb6\x60\x82\x2d\xd0\x90\xec\xd4\x2b\xe6\
\xab\xdd\x6f\xb8\x27\xb5\x20\x25\x3e\xee\x79\x4b\x66\x93\x26\x05\
\x16\x5f\x3f\xba\xe5\xef\xb7\xdc\x17\x3b\xb6\x21\xb2\xd7\xc9\x9d\
\xba\xc3\x63\xf6\x65\xc1\x14\xb4\x80\x00\x83\xc9\x37\x79\x06\x98\
\x04\x91\x17\x15\x71\x77\x53\xe9\xed\x87\xf6\x1d\xbc\xf4\xaf\xa9\
\xb9\x2c\x92\x1f\x58\x9c\x61\x80\xd0\x36\xca\xec\x7e\xee\xa4\xb0\
\x7c\x31\x76\xb1\x76\x99\xc1\x86\xa4\x74\x45\xa7\xbf\xa1\xc3\x0b\
\x6d\xba\x7e\x0b\x05\xab\x8f\x9c\x68\x34\xb7\x35\xeb\xa9\x23\x6f\
\xd8\xcf\xd1\xfb\xfd\x21\x82\x9e\x27\xb2\x24\xe4\x6c\xa7\x06\xac\
\x04\x91\x15\xe4\x48\x57\x38\xa2\xd3\x5b\x31\xdf\xa8\x0d\x3f\x1a\
\xf7\xd4\xa9\x8f\xbd\xf7\xfd\x5b\x77\xc6\x2c\xa1\xac\x81\x5c\xf9\
\x1f\x84\xd8\x6e\x0c\xa0\xa5\x3c\x73\x97\xb2\xfe\xe0\xa8\x5b\x2f\
\xc0\x6c\x82\x45\x93\x12\x1c\x11\x78\x00\x54\x30\x82\x1d\xd5\xfd\
\xb3\x1b\x77\x3d\x3e\xee\x74\xab\x37\xac\x35\x48\xb0\x4b\x0a\x12\
\xfa\xde\xf3\x27\x9f\xff\xb9\xd7\xfd\x4b\x21\x25\x32\x89\x8c\x6c\
\x6d\x6a\x55\x19\xb0\x0c\xb6\xcb\x82\xca\xe8\x83\x7f\x2a\xc0\x4f\
\x6b\x79\x1d\x75\xe7\x30\xe7\x3a\x10\x94\x00\xb4\xb9\x0c\xdc\xfc\
\x24\x36\x7d\x36\xef\x41\x65\x6d\x75\xf3\xd4\x60\xe1\xc9\x6d\x63\
\x9f\x19\x75\xaa\x17\x7d\xe7\xa8\x4e\x6f\xe9\xbd\x64\x4a\x14\x95\
\x31\x45\x24\x89\xd8\x52\xc9\x14\x6c\x1e\x45\xed\xba\xdd\xf7\x8b\
\x61\xf7\xbf\xd7\xaf\x3a\x76\xd1\x8c\x43\x1e\xf9\xf6\xe4\xa3\xaf\
\xee\x2e\x75\xfd\xa5\x42\x84\xd8\x82\x19\x90\x30\xf0\x00\x27\xf7\
\xeb\x64\x36\x6b\x2a\xac\x54\x06\x53\xaa\xa9\x55\xa5\x50\x46\xf5\
\xc1\xb2\xb5\x2c\xe7\xd5\x02\x30\xd2\x2d\x2c\x0f\xb5\x63\x37\xe9\
\xa5\x77\x44\x29\xe4\xba\x22\x26\x05\x89\x2d\xde\x6f\x92\xae\x88\
\xc8\x18\x45\xdd\x2e\xbd\xfc\x61\xd5\x6d\xed\xd7\x87\x5c\x77\xb1\
\x6e\xa9\xf4\x50\xef\x9b\x50\x05\xeb\xe9\xea\xa5\x86\xd3\xe2\xaa\
\xf7\x3e\x9e\x2d\x5a\x86\xe0\xb0\x08\x93\xe1\xf6\xfb\xcf\x7d\x32\
\xf9\x4e\x05\xb8\xfc\x57\x90\x8f\x65\x32\x9b\x34\x89\xc4\x00\x77\
\xda\xb0\x7f\xfe\x30\xe4\x1f\x34\xaf\xc6\xd9\xed\x44\x1f\xbe\xd6\
\xb6\x68\xc1\x56\x12\x94\x8d\xca\x1a\x65\x4c\xa1\xab\xc3\x2c\xbd\
\xa2\xe3\xe0\xef\x1d\x3e\xee\xa9\x53\x1f\xab\x3c\x1f\xdb\x26\x68\
\x12\xdc\xfc\xc1\x16\x00\x03\x62\x07\x78\x00\x9b\x3d\x00\x58\x0e\
\x06\x95\xf1\x65\x86\xf4\x6c\xde\x8a\xa8\x7e\xbe\x22\xca\x91\xde\
\x91\x5b\x26\xf0\x10\x60\xb6\xe1\x33\x02\x91\x13\x0b\x22\x25\x4b\
\xa6\xc3\x52\xb8\xfd\xf6\xcf\x63\xf9\x5f\x71\x88\x59\xbc\xa6\x91\
\xd2\x6d\x47\xe9\x34\xd2\xf6\x5f\x7e\x45\x02\x32\xdf\xbc\x26\x8e\
\xb5\x21\x17\xed\x1d\x88\xf6\x88\x70\xc3\xe0\x42\x91\x7e\x40\x05\
\x00\x66\xcb\x9b\x39\x03\x96\x48\x64\xb1\xbd\xf2\x66\x2a\x0a\x8b\
\xcd\xf3\x5e\xf1\x7e\x22\x70\xdb\x67\xfb\xde\xfc\x4b\x45\xf0\x18\
\xb5\x02\x68\x9d\x36\xf8\xee\xc3\xfc\x7c\xc7\x65\x42\xc6\x13\xf1\
\x50\x77\x59\xb0\x05\x0b\xb6\xf0\x51\x34\x3e\x24\x87\x55\xcf\xfd\
\x85\xb1\xd7\x74\xb5\x47\x7e\xea\xc8\x78\xcf\x82\xc9\x43\x10\x53\
\x58\x44\x64\xa7\xf7\xee\x13\x6a\x8f\x9b\xfe\x51\x31\x3f\x29\x0b\
\xcf\x98\x8a\xfb\x54\xfa\x03\xaf\xb5\xe2\x70\x94\xbc\xb6\xb9\x0b\
\xc0\x19\x99\xa1\xad\xe7\x09\x1d\xb9\x9c\xe1\x1c\xe8\xa8\xa8\x24\
\x02\x4a\xb6\x8b\x4b\xa6\xfd\xf9\x82\x2c\x4d\x14\x3f\xfc\xdb\xc4\
\x64\x32\x6b\x3e\xca\xd2\x6e\x71\xb6\x85\x53\xa9\x94\xa0\x7b\x6a\
\xbe\xc7\x61\xc9\x64\x98\x49\x48\x2a\x98\x0e\xc3\xb1\xdc\x5f\x3e\
\x6c\x42\xb5\x85\x57\x85\x99\x7a\xd8\x9d\xa3\x9c\xb7\x1b\xfe\x10\
\x97\x7d\x07\x7b\xa4\x91\x33\xc1\xad\x4f\x42\x68\x07\x61\x87\xac\
\x96\x9d\x85\xa5\x77\xfb\x6a\xcd\x15\x67\xcf\x4d\x2e\xc1\xdc\xed\
\xb7\x67\x63\xc3\x65\x76\x32\x07\xa8\xb0\xb1\x1f\x4b\x06\x56\x1f\
\xff\x61\x06\x2a\x13\xc4\xf2\x40\x03\x86\x05\x93\x03\x47\x78\xe8\
\x5c\x1d\xdb\xaf\xe3\x35\xcc\x02\x76\xc4\x2e\x3a\xd8\xea\x23\x3b\
\xb5\x69\x6a\x5f\x2a\x84\x8e\x2c\xa1\xc4\x00\xe0\x0a\x57\x74\x95\
\xd6\x2d\xee\xf8\xf2\xca\x85\xfc\x58\xd0\x22\x7c\x0e\xce\x3d\x71\
\x8a\x29\xbb\x04\xc1\xef\x53\x31\x92\x24\x60\xf2\xc8\x7b\xfa\xb9\
\xa5\xda\x81\x24\xc4\x01\x20\x31\xc8\x7a\xdc\x4f\x84\x44\x9c\x9e\
\x75\x1a\xc9\x52\x84\xc1\x54\xe8\x00\x2f\x7f\x93\x3a\x33\xc3\x9e\
\x5a\xc9\x42\xaf\x25\xed\x3f\x23\x1c\xcc\x93\xfb\x2e\x9d\x77\xda\
\x64\xda\x14\x24\x10\x42\x26\x71\xeb\xb6\x7f\xf0\x9b\x00\x20\x10\
\x67\x79\xef\xd3\xf8\xf7\x76\x4c\xff\x92\x08\x16\xd1\x93\x00\x9e\
\x9c\x3e\xf4\x8e\x09\xb9\x62\xe1\x27\x52\xc6\x4e\x89\x38\xdd\x45\
\xde\x76\x31\x60\x8d\xc7\x39\x03\x21\x39\x4c\x8d\x7d\x0d\x7c\x80\
\x0d\x07\x2c\x50\x0f\x8a\x0a\xbf\x4f\x64\xb3\x26\x93\xc8\x4a\x1e\
\xc0\x82\xd2\x64\x7e\x7b\xf8\x6f\xbb\xed\x92\x1b\x78\xa2\xa2\xda\
\xa1\x42\xca\xfe\x8a\xe4\x7a\x16\xfa\x99\x7c\x61\xd5\x1d\xc9\xe7\
\x92\xcb\x2b\x2a\x38\x04\x20\xb9\x80\x6e\x06\x63\x72\x66\xc4\x9d\
\x83\x0a\x2c\xfb\x2a\x00\x88\x99\x95\x89\xd9\xa7\x3d\x47\x04\x46\
\xf2\x3d\x09\xfa\x8f\x2a\xdf\xa7\x3f\x70\xcf\xa9\xf1\x50\xef\xa1\
\x1e\x72\x86\x09\x88\x88\x88\xec\xb0\x6b\xef\x1f\xfb\xf8\xc9\x4f\
\xa5\x52\x2c\x92\x69\x32\x1f\x04\xf9\xae\x4f\x5c\xd5\x10\x7f\xf3\
\xa0\x94\xeb\x75\xbb\xd4\x71\xea\x44\x81\x0b\x9a\xac\x15\x44\x04\
\x22\x85\x08\x22\x4e\x57\x69\xd5\xdb\x9e\x5d\x75\xc5\xd9\xcf\x9e\
\x3e\x73\xa7\x18\xb5\x88\xca\x42\x58\x65\x27\xe4\xe3\x81\x00\xf5\
\x49\x9a\xfc\x93\x8e\x9f\xd4\x9b\xd7\xb9\x03\x34\xf9\x20\x00\x0a\
\x0a\x45\x5d\x7a\xed\xc4\xbf\x8d\xdd\x71\x07\xe0\x80\x6d\xc5\x6e\
\xae\xf1\xab\x31\xb7\xa1\xa6\x68\x4b\x9a\x48\xb0\x84\x84\xa1\xe2\
\x1d\xe3\xaf\x1b\xef\xef\xdb\xb4\xaf\xda\xb9\x3e\x83\xdb\x73\xdb\
\x43\x24\xb3\x64\x28\x1d\xbc\xd6\xfb\x27\x5c\x16\x6a\xbf\xe5\xa8\
\xc3\xd9\xd6\x1c\x47\x88\x1c\x89\x52\x78\x40\x54\xc4\xe2\x8e\x13\
\x06\xac\x80\x8d\x58\x30\x59\x18\x36\x60\x32\x01\x1f\x93\x19\x82\
\x64\xa3\x54\x6a\x4f\xc1\x00\x49\x3e\xd5\xd7\x45\x94\x5e\xa9\x5d\
\x36\xe3\xd0\xb6\x56\x60\xd3\xd4\x31\xf3\x4f\x79\xf8\x3d\x81\xce\
\xad\x4f\x04\x6e\xac\x44\x16\x96\x82\x3d\x40\x5b\xce\x03\x9f\xce\
\x14\x60\x7b\x13\x01\xa7\x58\x20\x0d\xd0\x02\x7a\x0a\xc0\xa9\x93\
\x87\x66\x46\x18\xaf\xf0\x3d\x20\x72\x66\x54\xd6\xab\x22\x15\x18\
\x60\xd6\xb6\x64\x21\x40\x04\xb2\x8e\x70\x65\xce\x5b\xfb\xfc\xcb\
\xf9\xa7\xfe\x99\x42\x4a\x2c\x5e\xd3\x48\xc9\x2c\x99\x9b\x0e\xce\
\x9e\x1e\x2b\xf5\xf9\x63\xd8\x69\xec\x2f\x84\x53\x5e\x7f\x90\x20\
\x32\xe7\x0b\x19\x6b\x99\x3e\xec\x9f\x29\x5a\x40\xd7\x64\xce\xcc\
\x48\xce\x26\x6c\x36\x91\x91\x49\x4a\x9a\x24\x4e\x7b\x01\xc0\x0b\
\xef\xab\xd2\x82\x03\xfe\x91\x2c\xc5\xc5\xd9\xc5\x9c\x4a\x41\xe0\
\xfe\xba\x9f\x08\x19\x06\xeb\x2e\x26\x28\x51\xd4\x1d\x6c\xdd\xf6\
\xff\x03\x03\x03\x97\x64\xe9\xfd\x4c\xbe\x34\x6e\x1e\x76\xf7\xe8\
\xd8\xd2\x5e\xbf\x8a\x86\x7a\xee\x99\x37\x79\x5b\xb2\x39\x03\xb0\
\x60\xa1\x4c\x18\x21\xa7\xa4\x3b\xf4\x26\xac\xba\x66\x43\xb7\x79\
\xbf\xba\xec\xd1\x2b\xd6\x07\x6d\x63\x0b\x76\xd4\xde\x5e\x6e\x1e\
\xfb\x33\x07\x4f\xc3\xc7\xbb\x66\xa8\x4f\xb2\xe4\x0a\xb7\xf7\xd8\
\xdf\x15\xb1\x7a\x66\x63\x83\xc3\x49\x60\x78\x2f\x00\xc0\x6c\xcc\
\x96\x81\xe0\xc4\x8e\x95\xff\x06\xf1\xd3\x40\x0e\x98\x8b\x90\x24\
\x65\xde\x6c\xd4\x6e\x34\x97\x0d\xbe\x64\xe7\xd9\x8c\x6d\xcf\xc1\
\xaf\xdc\xf6\x99\x0c\x64\xf1\xaa\xec\x10\xa1\x6b\x4f\xed\x9c\x56\
\x73\x6a\x88\xe2\xfb\x87\x54\x2d\x2c\x2c\x3c\x51\x84\x0f\x6d\x3c\
\xd3\x65\x01\xae\xc0\xf1\x4c\x1f\xe0\xe4\x1b\xeb\xc3\x03\x13\x95\
\x91\x7a\x08\x08\x89\x78\xdf\xa8\xe8\x7e\xb6\x67\xeb\xcf\xce\x0c\
\x99\xfb\x84\xb6\x5d\x13\xc6\x3c\x7d\xcc\x6d\x15\x30\x2b\x28\x71\
\x3f\x49\xfa\xac\x0e\x36\xe0\x7d\x05\xb2\xa0\x20\x90\x95\x9f\x2b\
\xcc\xa4\x22\xdf\xc6\x29\x16\x2d\x69\xe0\xdc\x20\x11\x3c\x35\x65\
\xc8\x9d\x23\x85\xe9\xbc\x0c\x1c\x3f\x53\x38\x61\xc5\xc4\x65\x07\
\x3f\x62\x01\xc0\xca\xe2\x4d\xe9\x25\x69\x2f\x33\x20\xe3\x26\xdb\
\x9a\xbd\xc9\x43\xee\x3b\xbb\x86\xfa\x4d\x91\x6e\x14\xbe\x2d\xf9\
\xcc\x45\x66\x08\x16\xcc\xc4\x2c\x48\x84\x62\x0d\xdd\x6c\xfd\xd5\
\xd3\x87\x3d\xda\x23\x99\x3d\xba\x85\x53\x2c\x92\xe9\x80\xde\x9c\
\x02\xd3\xc0\x44\x96\x00\x20\x31\x20\xc1\x94\xde\xac\xf7\x87\x8f\
\xf5\x1d\x78\xf0\x1f\x67\xc4\x44\xaf\xe1\x25\x53\x30\x0c\x42\x44\
\x84\x45\x87\xb7\xf2\xd1\xb1\x4f\x9e\xdc\x96\x02\x0b\x64\xb3\xa8\
\x30\xf9\x6e\x3a\x72\xda\x01\x6e\xb1\xcf\xaf\xe3\xd8\xe5\x24\x28\
\x89\x82\xcd\xf9\x20\xab\xc0\x64\xa5\x70\xa5\x03\x21\x72\x66\xd5\
\x13\x7e\x74\xf5\x8f\xce\x6e\x3b\x63\xee\xb6\x82\x7c\x9f\xf8\x3e\
\x6f\x86\x82\xcb\x37\xbf\x20\xbb\x5d\x2d\xc0\x66\x5a\xa5\x09\x1f\
\x10\x16\x31\xe4\xb9\x68\x04\x08\x06\x3e\x8c\x2a\xce\x0b\x16\x73\
\xb6\xbf\xc7\xac\x94\xff\x93\x07\x4f\xee\x27\x38\x34\xaa\x64\x0b\
\x00\x18\x4a\x84\x44\xce\x6c\x58\x74\x56\xdb\x69\x2f\x32\x7d\xf6\
\xba\x7f\x15\x67\x57\x6a\x23\x8d\x2c\xcc\xf4\xc3\x7f\xdb\x8d\x4a\
\x87\x9c\xcd\x57\xc6\xce\x0d\x71\xe4\x90\xa8\x53\x0f\x0d\x0b\x43\
\xda\xe6\x6c\x97\xa1\xf2\x81\x0f\x14\xf9\xa1\x94\x70\x49\x40\x42\
\x0a\x15\xe8\xc2\xd8\xf2\x67\x41\x16\xcc\x0c\x0d\x0d\xc3\x1a\x1c\
\xc8\x9c\x19\xcb\xbe\xcd\x5b\x0f\x24\x14\xc2\xaa\xf1\x70\xb6\x75\
\x87\xdf\x36\x64\xc1\x1c\x5f\xad\xf8\xed\xe8\xa7\xe8\xbe\xad\xe5\
\xd2\x2b\x0b\xae\x6c\xb2\x33\x18\x24\x2c\x7d\x1a\x98\xc7\x28\x54\
\x48\x37\xa3\x38\x31\x00\x5c\xae\x8a\x78\x7b\x12\x01\xd2\x00\x2d\
\xa4\x39\x00\xe6\xdc\x72\xd8\xed\x13\xd8\xeb\x7f\xaf\x72\xe2\x3d\
\x8c\xf1\xac\x20\xa5\x3a\xbd\x75\xed\x36\x52\xca\x30\x98\xb0\x04\
\xfe\xf4\xa6\xe9\xfb\x3b\xf9\x5e\x13\x59\x85\xb8\x64\x0a\x86\x40\
\x42\x50\x48\xba\xe4\xc2\xc0\x40\xdb\x92\xb1\xb6\x64\x0b\xc4\xa6\
\x86\x77\x4d\x4d\x1d\xfe\xc0\x12\x4a\x53\xa6\x72\x90\xd3\x81\x45\
\xd7\x56\x83\x69\x8b\xb3\xe0\x89\x17\x5f\xec\x38\xcf\xc6\x7f\x2e\
\xa4\xc3\x6c\x3d\x48\x52\xe4\xdb\x3c\xd8\xf1\x7e\xc7\xcc\x94\x1d\
\xb0\x58\x25\x97\x24\xbd\xd4\xb9\x4d\xe1\x7d\x5f\xfc\xe9\x4f\x65\
\xae\xfb\x0f\x63\x6e\xf7\x58\xd1\x16\x35\x1b\x4f\x00\x90\x44\xc1\
\x68\x2f\xe7\xaf\xdb\x90\x53\xeb\x7f\x79\xcf\x0f\x4f\xb8\x3a\x9b\
\x84\xd9\xd2\xcd\x19\x3b\xc9\x43\xcf\x58\x53\x29\xfd\x03\x03\x54\
\xe6\xed\x6b\x01\x2a\xfa\x7e\x56\x86\x0f\x40\x40\xf3\x04\x43\xa8\
\x9c\xd7\x6e\x4a\xb4\x71\xd1\xfb\x49\x42\xdb\x5d\xfe\x5b\x25\x7b\
\x9c\x1c\x57\x0d\xf1\xa2\x29\x04\xe5\x3f\x11\x88\x4a\x77\x12\x81\
\x5b\x9b\x66\x7f\x66\xe5\xff\xfb\x0e\x7e\x1b\xf4\xd4\x63\x6f\xef\
\x23\x3a\xbb\x5f\xe4\xf8\xb1\x0b\x62\x4e\x43\x7f\xc3\x8c\x12\x17\
\xb9\xc0\x79\x43\x82\x99\x2d\x88\x48\x48\x87\xc2\xc2\x11\x0e\x98\
\x3d\x14\x6c\x0e\x46\x17\x57\x69\x65\x37\x6a\xab\xdf\x61\x1f\x1b\
\x9d\x10\x7b\x60\x22\x6d\x39\x24\x98\xea\xb4\xa6\xbd\x89\x9d\x5d\
\x6a\x54\x6d\x44\x0a\x17\x25\x94\xa0\xad\xaf\xc1\x86\x4a\x36\xaf\
\x21\x88\xc2\x4e\xc3\x48\xa1\x43\xf7\xde\x7a\xe8\x63\x77\x1b\xb1\
\x21\x9d\xcc\xd2\x33\x1f\xe7\x17\xef\xe5\x56\xb1\x6b\xc1\x41\xff\
\x17\x54\x17\x96\xb7\xe0\x01\xb4\xed\x9c\x2a\xe8\x7d\x80\xdb\xfb\
\xe5\xba\xb6\xd9\xbe\xba\x92\x08\x5a\x9b\x5a\xd5\xec\xb6\x51\xd6\
\x74\x9b\xf1\x3a\xad\xb6\x92\x99\x99\x88\x4c\x48\x84\x44\xc1\xe4\
\x67\x9d\xfd\xf8\xf1\x2b\xf3\x58\xe8\x8c\xc7\x10\x7f\x66\xe9\x91\
\x1f\xc7\xdc\xc6\x48\xce\x76\xfa\x00\x54\x88\x42\x94\xf3\x37\xae\
\x2e\x71\xf1\x09\x80\xf6\x8d\x3a\x8d\x07\x68\x22\xb6\xec\x13\x64\
\x8c\xa5\x5f\x7b\x45\x6b\x2a\x75\xc7\xa8\x74\xc2\x6c\xab\x7d\x5c\
\xa6\x6c\x03\x3e\xf3\x85\xfb\x2e\xac\x55\xbd\x0f\xca\x73\x41\x83\
\x41\x21\x19\x96\x1b\xfd\xb7\x1f\x09\xed\xde\xd9\x4a\x73\x89\xb1\
\x04\xde\xd4\x91\x77\x1e\xe1\x2c\xee\xf5\xc7\x1a\xa7\xd7\x90\x02\
\x0a\x5c\xb0\xb9\x00\xe4\x23\x61\x14\x85\x14\x59\x23\xba\xfc\xa5\
\x77\xfa\xce\x1b\x3f\x3e\x67\xee\x45\xaf\x23\xb9\x9d\x58\x0f\x3e\
\x79\x93\x16\xc4\xb6\xcc\x07\x65\x1b\xa0\x81\xdb\x97\x00\x12\x65\
\x00\x90\x8b\x72\x90\x0d\x05\xb7\x9c\x12\x92\x7c\xe1\xad\x2e\xee\
\xde\xf1\x36\x16\x02\x2d\x68\xe1\xf4\x87\x3e\x12\x5b\x27\xfb\x9d\
\x06\x40\x5c\x93\xe4\xf2\x78\x81\x48\xa8\xbc\xbf\xde\x33\x66\xe3\
\x9d\x9f\x65\xf9\x9f\x49\x70\x80\xd8\xb6\x41\xdf\x70\xcc\xd5\xbb\
\xd4\xe5\xbe\x7c\x29\x36\xc5\x2e\x8c\x38\x0d\x8d\x3e\x6b\xe4\x4d\
\x41\x03\xb6\x5c\xb9\x0b\x72\x6c\x58\x39\xa4\x50\x30\xed\xc8\x9b\
\x4d\xaf\x13\xe9\x27\x2d\x95\xe6\x68\x2a\x3c\x1d\xe9\xe6\xbd\xd9\
\xf8\x3f\x8b\x3b\x9a\x9b\xd3\x1f\x9a\xb8\xae\x1a\xfe\xbd\x48\x23\
\x46\xed\x5a\xd0\x1d\x83\x8d\x2f\x8f\x15\x14\x3e\x2e\xaa\xba\xf5\
\x31\x82\xe0\x71\x49\x13\x5b\x14\x4d\x5e\x83\x14\x62\xb2\xef\x29\
\x5e\xa9\xe6\xab\x99\x21\x8f\xdd\x58\x8a\x2c\xfd\xcd\xd9\x6d\xcd\
\x2b\xd3\xf8\x57\x84\x38\xe6\xf6\x61\x88\xf2\xf0\x97\x01\x58\x06\
\x44\x50\x0f\x0c\xdc\x4e\xa1\xd6\x8a\xaa\x0e\xb2\x30\x99\x44\x2a\
\xae\x57\x1c\x32\xc2\xa1\xf8\x20\x18\x51\xc7\x92\x7c\x78\xe2\x1d\
\xa8\xc2\x0b\xc9\xa7\x8e\x7d\x36\xdd\xd6\xac\xd3\xe5\xf7\xb1\xbc\
\x9a\xbb\xd5\x3f\x73\x6d\xcf\xb5\x9c\x06\xd9\xdb\xf3\x0f\x1e\x2c\
\x55\xac\x9b\x6f\x8d\x41\x19\xc5\x10\x21\x7b\x37\x00\xba\x18\x83\
\x75\xb7\x6f\x64\x1a\x78\x49\xfc\x84\xa2\x2d\x32\x98\x29\x44\x61\
\xe4\xfc\x55\x4f\x95\x6a\xdf\x48\x9c\x37\xeb\xbc\xe5\xa9\xa6\xa6\
\xf0\xfe\xf9\x96\xbf\xc6\x65\xdf\x0b\x8a\x5c\x42\x89\x0b\x50\x1c\
\x3e\x60\xed\x43\xc3\xbe\x44\xa0\x17\x38\xc5\xa2\x82\xe1\x6c\xd5\
\x65\x90\x05\x4f\x3a\xf7\xce\x7a\xf9\x4a\xe3\xff\xfa\x20\x06\x5b\
\x12\x42\xc1\xd7\x5d\xf0\x69\xe3\x6f\xcf\xce\x26\xcd\xf5\x89\x54\
\x43\x7c\x69\x73\x8b\xeb\x77\xfb\x96\x52\x71\x99\xa7\x82\xcf\x46\
\xab\xc0\xce\x4f\xd9\x08\x45\x54\xde\x5b\xb3\x2c\x8f\x15\x3f\x3b\
\x6f\xd1\x19\x53\x3e\x1b\x37\x66\x26\x94\x45\xc0\x89\x29\x90\xee\
\xd9\xd6\x04\x50\xf9\xf0\x33\x87\x65\x1a\xb9\x20\xf6\xaf\x68\x00\
\x4a\x56\x00\xbc\x57\x2e\xbd\xed\xd2\xae\xcd\x0f\xc8\xf6\xca\x7e\
\xa7\xc9\x4e\x3e\x7c\xe6\xbe\xaa\x14\x39\xd4\xb3\x45\x06\x18\x61\
\x8a\x52\xa7\x5e\xbb\x60\xec\xa2\x33\x5f\x49\x51\x4a\x7c\xda\xe5\
\x7f\xe0\x3e\xd4\xc2\xc9\x2c\x99\x89\x4d\x7f\xe8\x51\xe3\x1d\x7c\
\x89\xd3\x51\x7b\x59\x4c\x35\xf6\x2c\x89\x02\xf2\x7e\x97\x06\xac\
\x20\x40\x5a\x00\x11\x44\x89\x98\x51\xe0\xb5\xaf\x16\x51\xbc\x5b\
\x52\xee\xde\x52\xcd\xc2\x05\xe7\x07\x06\xa5\xef\xc5\x3f\x81\x14\
\x58\x0c\x4c\x6c\x99\x7d\xb3\x58\x9c\x5d\xcc\x3f\x98\x9b\x2e\x00\
\x7f\x7a\x1d\xc0\xeb\x00\x6e\x9d\xde\x34\xbd\x47\x47\xa9\xe1\x54\
\xe1\xd5\x7f\x3b\xee\xf4\x38\xc8\x08\xc0\x37\x45\xcd\xf0\x45\x41\
\x1b\x43\x8e\x1b\x8e\x51\xbf\x4b\x29\x1f\x4f\xcc\x1c\x3c\xeb\xff\
\xd6\xc7\x6f\xbb\x2e\x99\x4d\x76\xa5\xc0\x22\x8b\x2c\x01\x30\x71\
\xb7\xc0\x05\x2a\x4b\xf8\x97\x0b\x72\x2a\xcf\xbb\x17\x67\xb7\x9d\
\xa7\x91\x4a\xb1\x48\xa7\xc9\x4e\x3a\x37\x15\x8e\xbe\x78\xd8\xe5\
\xf4\x66\xed\x37\xc3\x32\xda\xdf\x11\x11\x08\x52\x80\x66\x58\x61\
\x51\xf0\x3b\x39\x33\x64\xee\xb3\xb0\x5d\xb7\xe7\x9d\x65\x37\x27\
\xb3\xb4\x7c\x4b\x13\x59\x6c\x83\xd8\x4c\x31\x6f\xf6\xab\x93\x21\
\x78\xa6\xc0\x82\x84\x2c\x98\x4e\x4f\x45\xf5\xdc\xf2\x13\x8d\x9b\
\x9f\x9f\xd1\x27\x04\x6a\x34\xd2\x90\x60\x22\xc3\x3e\x21\xde\xf9\
\xbf\xe7\xcd\x3a\x6f\xf9\xa4\xfe\xad\xe1\xf3\xdb\x9a\x8b\x33\x4e\
\x7a\xfd\x8a\xfc\xaa\x68\x42\x8a\x9a\x1a\xb6\x56\x87\x45\x4c\x95\
\x22\xb5\x5f\x02\xf0\x42\x4b\xa0\x34\x6d\xb7\x96\x9b\x92\x6e\x6b\
\xd6\xd3\x5f\xfe\xe7\xff\x8b\x89\xde\x7d\x73\xdc\xa1\x09\x84\xb8\
\x88\xab\xd5\xf9\x57\x32\x17\x3c\x7f\xc6\xac\x99\x87\x3d\x38\x46\
\xbc\x5d\xff\xcb\xb8\xd3\x6b\xcf\xbc\xc9\xb1\xc7\x5d\x86\x99\x14\
\x91\x32\x21\x0a\x29\x5f\x77\xa2\xd3\xac\xfc\x7b\x97\x5a\xdc\x72\
\xd1\xbc\xef\xae\xde\x59\x20\x1f\xb6\x52\x1a\x8e\x36\xdb\x44\xd1\
\xb6\x33\x01\x07\x26\x06\x12\xb2\x40\x89\x69\x60\x54\x45\xbb\x19\
\xd6\x16\x20\x48\x12\xb0\x6c\x5e\x04\x03\xa3\x30\x4a\x6c\xaf\x3f\
\xf9\xa8\xd9\xb3\x45\x1a\xb0\x61\xaf\xc7\xd7\x6a\x9c\x1e\x6e\x17\
\xe7\x7d\x90\x20\x62\x03\x38\xb9\x2c\x08\x8c\xa6\x51\xf2\xc3\xf6\
\xb1\x77\xb6\xb1\x24\x73\x9a\x66\x8e\x78\xe0\x12\x59\x68\xb8\x22\
\xee\xf4\xda\xad\xc4\x25\xe4\xb8\xcb\x0f\x08\x1a\x90\xe5\x71\x8a\
\x75\x84\x14\x45\xb3\xe6\x61\xcf\x6c\x4a\x8f\x7b\xe6\x6b\x4f\x6e\
\xf9\x28\x65\x12\x2c\x17\xaf\x99\x4d\x03\x7b\xae\xe5\x44\x36\x61\
\xa9\x02\xdc\x65\x3f\xe2\x76\x41\x0b\x0d\x4c\xb4\x10\xb2\x40\xb2\
\x8d\xd6\x01\xb8\x61\xe2\xc5\x17\x4f\xa6\x05\x5f\x1f\x27\x45\xed\
\x8f\x22\xb2\xe1\x4b\x5a\x18\xf8\x28\xf9\xb0\x06\x79\xea\x62\xe5\
\xc4\x7a\x45\x51\x7f\x95\xec\x3a\xe7\xc2\xe9\x83\x4f\xbe\x62\xec\
\x22\xba\xab\xf2\xb3\x57\x77\x7d\x57\xc4\xad\x61\x45\x81\x36\x4d\
\xa0\x0c\x14\x30\x01\x07\x62\xdb\x2a\x80\x54\x2a\xc0\x66\xa6\x34\
\x4d\x19\x14\x7a\x7e\x8f\xc9\xb5\x6e\xdf\x43\x8a\xa4\xa1\xe1\x69\
\x8d\x12\x88\x83\x51\x2d\x08\x80\x74\x54\x88\xe2\x07\x3b\x68\x3c\
\x18\x5e\xcd\x77\xa7\x0f\x9e\xfd\x87\xbb\x7e\x32\xea\x0f\xe9\x64\
\xda\x6c\xeb\x1c\x9b\x74\xa4\xbb\x10\x0a\x24\xd8\x0a\x92\xaa\xa8\
\x73\x1b\xf2\xa5\xe7\x57\x6c\x7e\xb0\xad\x12\x44\x62\xb3\xe8\x09\
\x88\x61\x2b\x00\xf4\xee\x00\x96\x02\xbe\x74\xb5\x04\x31\x09\x01\
\xb6\x16\x24\x04\x58\x58\x67\xdb\x9f\x8b\x66\x3d\xb9\xe9\xae\x21\
\x91\x62\xaf\x4b\x4b\x9c\x37\xc4\x4c\x8e\x08\x89\xf6\xd2\xca\x57\
\xbc\xd0\x8a\x3f\xdf\x32\xf8\xf1\x4c\xc4\xf6\x48\x58\xa5\x90\x33\
\x5d\x01\x93\x0f\xc4\x52\x38\x14\xb2\x8e\xca\xfb\x6b\x17\x6a\x77\
\xcd\x4f\xc6\x3c\x75\xca\xac\x9d\x0d\xf2\x7d\xf2\x14\x50\xbc\x77\
\x11\x08\x54\xf8\xa0\xdb\xc6\x04\x7c\x6f\xaf\x3a\x7c\x50\x48\xc6\
\x01\xb0\x09\x38\xac\x1a\x8e\x63\x9f\xd9\x51\x86\x59\x45\xd4\xc3\
\x9a\x50\xc2\x10\x00\x6b\x48\x90\x90\x39\xdb\x9e\x77\xa2\xfc\xa9\
\xcb\x7e\x57\xf6\xc8\xaf\x69\xbe\xa6\xff\xad\xc3\x1f\x7f\xb0\x5e\
\xee\xf7\xb7\x90\xd3\x6d\xb7\xbc\xe9\xf2\x0d\x97\x2c\xd8\xaa\xe0\
\xbd\x09\x66\xa9\x0c\x10\x33\x43\x38\xa1\xee\x6e\xa8\xe6\xc0\x99\
\x87\xdd\xb9\xdb\xfb\x0e\x7f\x36\x40\x80\xdf\xf3\x9e\xa3\x8f\xf5\
\x8a\x4f\x23\x6d\x93\x59\x32\x49\x90\xa9\x30\xda\xc6\x5f\x77\x9d\
\x7f\xd6\x33\x47\x4f\x2a\x34\xcc\x1e\xda\xe9\xbf\x75\x99\xe7\x77\
\xbc\x13\x11\x71\x87\x84\x23\x89\x99\x34\x17\x6d\x8e\x73\xda\x0d\
\x75\xff\x52\x54\xf6\xbb\xf3\x96\x83\x9e\xbc\xfd\xc6\x83\xee\x1a\
\x90\xcc\x92\x79\x7b\xd3\xb3\x45\x0b\x5d\x1e\x38\xd8\x00\xfc\xd9\
\xac\x75\x9f\xdd\xc6\x9b\x3f\x6d\x6f\x69\xba\x65\x50\x24\xb7\xf7\
\xac\x58\xb8\xef\x21\x5d\x94\xf3\x35\xe7\x2d\xd8\x10\x59\x02\x81\
\x1c\x00\x0a\x96\x89\xac\x35\x9e\x2d\x98\x2e\x9b\xd7\x52\xd5\xf6\
\xa8\x53\xfd\x7e\x77\xfa\xef\xe7\x3c\x7c\xfd\xc1\x53\xf6\x4e\x66\
\x93\x26\xd5\xd4\xfa\x89\xcb\x66\xb3\xcb\xff\x74\x42\xa1\xda\x4a\
\x62\x11\x44\x10\xd2\x74\xd4\x7e\x25\x5f\xaa\x7c\x5d\xbc\x5b\xb8\
\x9d\x05\x0a\x82\x04\x20\x60\x15\x85\x20\x4b\x35\xdf\x9b\x74\x6e\
\x2a\x7c\x7e\x5b\x73\x31\x95\x48\xb8\xf2\xdd\xde\xff\x1b\x71\xea\
\x6a\x2d\x6b\x43\x44\xb2\x68\xbb\xac\xf6\xd7\x2c\x29\xb7\x9c\x76\
\xab\xa8\xdb\x59\x20\x33\x20\xe3\xba\x9d\x3d\xaf\x77\x65\x8d\x63\
\xd8\x0f\x10\x5e\x66\xb2\x61\x63\xa2\xbc\xf7\xed\x35\xee\x6e\x09\
\xcf\x68\xe3\xdb\xbc\x25\x58\x41\x50\x26\x2a\x62\xca\x98\xce\x5c\
\xa7\x7d\xeb\x7f\x16\xef\xf9\xc7\xc3\xc6\x3c\x75\xca\x87\xae\xeb\
\x7e\xfa\xda\x90\x15\xf8\x9f\x83\x61\xb0\x12\xdb\xae\x0a\xbc\xd9\
\x03\xc0\x44\x0e\xa8\xd8\x13\x03\x90\x45\xd3\x65\x35\xe5\x5f\xd8\
\x01\xd5\x13\x70\xd9\xf5\x67\xca\x90\xdb\x07\x39\x54\x3f\xa4\x68\
\xf3\x0c\x10\x42\x32\x4a\xcc\xfe\x9c\x33\x5b\x4f\x5c\xfa\x69\xca\
\x7e\x97\x7b\x30\x3d\x79\xf8\x1d\x4d\x3d\xf3\xc3\x9e\x88\x89\xbe\
\x5f\xcd\x99\x82\xf6\x4d\xb1\xbc\x7b\x1d\xb8\x31\xb3\x25\x0d\x86\
\x21\x86\x65\x58\xd2\x6c\x10\xb2\xf5\x87\xd4\x89\xfe\xd7\x2a\x6f\
\xb7\x17\x6e\x1d\x3e\xf7\xaf\xb7\x0c\xbf\xe7\x90\x64\x96\x02\xe7\
\x16\xb0\xe0\x6d\x50\x94\x7d\x5f\x42\x08\xca\x42\xca\x24\x32\xf2\
\x9c\x87\x7f\x94\x1b\xfd\xcc\x31\xd7\x6c\x8c\x2f\x1a\xdc\x51\x7a\
\xfb\x37\x6c\x73\xed\x11\x19\x97\xc4\x92\x09\x4c\xbe\x29\x6a\x23\
\xd9\xc4\xc2\x7d\x4e\xaf\x11\xfd\xe6\xdd\x32\xec\xc9\x5f\xf5\x0d\
\x8d\x8a\x5a\x23\x8b\x9b\x6f\x48\x06\x60\x05\x6f\xa3\xd5\x38\xb5\
\xa4\xc1\x13\x8e\x9b\x10\xd2\xed\x3d\x27\x47\x9c\x3e\x8d\x45\xee\
\xf2\x98\x8d\x22\x28\x0e\x21\x26\x5d\x22\x65\xfd\x22\x48\xfb\x14\
\x46\x58\x05\xae\xb5\x01\xd7\xdc\xc2\x37\x79\xe4\xfd\xb8\xd3\xa7\
\xb9\x9b\x18\xf4\xe4\xe4\xa1\x77\x9f\x98\x6e\x6b\xd6\xad\x5b\x91\
\x04\x00\xc0\xb7\xbe\x29\xcf\x4d\xc1\x4c\x60\xfb\xde\xf8\x34\x83\
\x8c\x4c\x3e\x7a\xf2\x3b\x96\x8b\x4f\xba\x08\x33\x5b\x4b\x45\x5b\
\xe4\x30\xf5\x3c\x25\xf6\xf2\x09\xf3\xa7\x0e\x69\x9b\xbc\xdf\x5b\
\x97\xcf\x8f\xab\x7e\x97\x7b\x56\x5b\x06\xb3\x4b\x11\x58\x5b\x7c\
\xa9\x33\xf7\xf0\x8b\xd8\x4a\xbe\xca\x75\x83\xaf\x53\x49\x24\x8d\
\x1f\xee\xf1\x87\x5a\x77\x97\x83\x0a\x36\xa7\xcb\x9b\x48\xc2\x67\
\x9f\xc3\xa6\x61\x40\x58\x76\xef\xd3\x65\xda\xb5\x85\x11\x60\xb2\
\x12\x61\x11\x62\xa9\xba\xf4\x8a\x7b\xf2\xce\xeb\x87\x8e\x5e\xf0\
\x95\xdf\xa5\xb3\x59\xef\xa3\xd6\x75\x3f\x9b\x14\xb0\x45\x98\xed\
\x50\x05\x4e\x20\x61\x99\x41\x02\xe1\x81\x86\x35\x88\xc0\x8a\x5d\
\xf2\xb9\xb4\x4e\xed\xfa\xf2\x6b\x3b\xb2\x02\x3c\xbb\xec\xfa\x13\
\x76\xbb\x9d\x11\x73\xea\x1c\xb6\xd6\xa0\xa2\x61\x24\x0a\xb7\x6f\
\x69\x0c\xba\xb3\xa3\xb5\x7c\xf8\xa7\x0f\xb9\xf3\xa4\xb8\xe9\xff\
\x60\x58\x76\xef\x5b\xb0\x9d\x1a\x6c\x24\x31\x58\x90\x12\x61\x11\
\x97\x31\x19\x53\x51\x19\x53\x51\x59\xa3\x14\x85\xa5\x80\x64\x49\
\x42\x17\x4c\xde\x74\x78\xed\x46\x52\xac\xae\x46\xf4\xfe\x96\xb2\
\x7d\xe7\x66\x86\x3d\x39\x75\xf2\x90\xbb\x0e\x26\x90\xa5\x74\xd9\
\xb9\x65\xfb\xbc\xe1\x38\x99\x4d\xbe\x57\x11\xb4\x8d\x5f\x37\x66\
\x51\xf3\xcf\x7c\xf7\xb5\x61\x9d\xde\xb2\x5b\x25\x43\x86\x29\x22\
\x83\xca\xc9\x50\x81\x73\x5a\x3a\x91\x78\xad\xe8\xfb\xb3\xf8\x86\
\x63\x1f\x27\xc7\xa9\x37\xc6\x0b\x96\xe7\x98\xb7\x63\x27\xa3\x55\
\x12\x88\x1b\xd7\xef\x7e\x56\x37\xb7\xdf\x21\x79\x93\xd3\x96\xad\
\x23\xc9\x81\x04\x64\xa7\xf7\xf6\x7d\x5d\xfc\xd6\xb9\x25\xbc\x3d\
\xb8\xa8\x56\x1c\x5e\xc0\xdb\xdf\xee\x32\xcb\xee\x67\x53\xe4\xa8\
\x88\xaa\x40\x95\xd8\xa8\x82\xed\xd2\xca\x89\xf7\x8c\x73\xbf\xbb\
\xa7\x0e\x7e\x60\x74\xf3\x27\x24\x81\xca\x58\x91\x7c\xdb\x55\x71\
\x35\xb2\xb0\x00\xb8\x97\x7c\xfe\xc0\xee\x00\xb0\x71\xf0\xc6\x80\
\xd1\x1e\x5a\x7f\x25\xdb\x02\x09\xe1\x32\xd8\xb2\x6f\x3c\x1b\x12\
\xdd\x0e\xe8\x1e\xda\xfd\x9c\xb8\xd3\xe7\xcb\x3e\x8c\x65\x6b\x20\
\x20\xad\x84\x21\x8a\xb5\xff\x7e\xfc\xa2\xeb\xfc\xb2\x8e\xdf\xc7\
\xbe\x29\x13\x07\x2f\x74\xc6\x2f\x1a\xef\x4f\x1e\x7c\xd7\x25\xb5\
\xce\x2e\x97\x15\x90\xd3\x60\x96\x60\x10\xdb\xe0\x06\xf4\x59\x5b\
\xc3\x9e\x15\x20\x12\x70\x38\xaa\xe2\x4a\x9b\x8d\x2b\x72\xfa\x95\
\xf3\xcf\x5a\x70\xc4\x29\xe7\x3d\x39\x66\x71\xb9\xea\xf9\xb7\xb9\
\x56\x33\x6d\xa6\x82\x94\xdf\x58\xf1\xb1\x73\x00\xf5\x51\x0c\xc0\
\x3b\x4f\x9d\x54\xcf\x2c\xf7\xd4\xac\xc1\x0c\x92\x52\x02\xf0\x5e\
\x4d\x64\x7e\xda\xc1\xb4\xfd\x0c\xc0\x51\x6d\xa3\x0c\x33\x53\x76\
\xc4\x9c\xe3\xb4\xb0\x00\x31\x4b\x48\x27\xaf\xd7\x77\x78\xdd\x96\
\xdd\xb7\xb9\xfc\x6f\xdb\xf9\x87\xbf\xb9\xad\x59\x4f\x1d\x7e\xff\
\x69\x11\x7f\x97\x2c\x9c\xa8\x28\x99\xbc\xa1\xa0\xd4\xe7\xb0\x88\
\xca\x4e\x6f\x5d\xc1\x13\x6b\xe7\x1b\xdf\x6f\x07\x00\x47\x86\x84\
\x74\xdc\x7d\xa0\x43\xfb\xc5\x64\xbd\x28\x8a\x12\x7c\xf6\xb4\x61\
\xad\x73\xba\x13\x10\x21\x15\x97\xdd\xc7\xa1\x18\x4e\xdc\x32\xf8\
\xa9\xbb\x7d\xb9\xee\x9a\xb3\xe7\xd3\xe3\xc8\x56\x40\xc0\xec\x36\
\x3f\x08\x04\x62\xb4\x41\x6f\xc1\x40\x7c\x15\xc0\x59\xd3\x86\x3d\
\x30\xd3\xf5\x7a\xa4\x22\xaa\xfe\x60\x2d\x0c\x7c\xf6\x8d\xb5\xbe\
\xcd\x51\xa7\x0d\x3b\x8d\x03\x2c\x6b\x68\xeb\x01\x14\x8c\x03\x48\
\x4a\x27\x00\x9e\xb6\xb2\x05\x68\x1b\x15\xd0\xbe\x65\x7d\xd2\x92\
\x62\x62\x66\x62\xc5\xf0\x7d\xee\xe4\xe5\xdf\x3a\xe7\x99\x13\xae\
\xfb\xc0\x77\x3c\x09\xe0\xda\x5b\x9a\xfe\x39\xbc\xab\xab\xf8\xe3\
\x90\xac\x3f\x4d\x50\x18\x86\x3c\xf2\x6c\xd1\x4a\x19\xe5\xa8\xdd\
\x75\xfa\xe4\xc1\xf7\xbb\xcd\x6d\xcd\x93\x2b\x95\xd7\x47\xfd\x78\
\x19\x35\xab\xac\xf1\xc1\x4c\xc2\x42\x9b\x88\xa8\xab\x2d\xac\xe8\
\x38\x88\xc1\xab\xb2\x7b\xc2\xf2\xa2\x8b\x05\x3d\x41\x8f\x4c\x1f\
\xf2\xe8\x5f\xba\xd3\x9e\xdf\xe9\x12\x0c\x0b\xed\x97\xb8\xa8\x4b\
\x7e\x89\x89\x40\x20\x22\x90\x52\x71\x8a\xba\xeb\xf5\x6b\x37\x8e\
\x7d\xea\xf8\xa9\x5b\xd2\x74\x3f\xfe\xf0\x0f\xf1\x27\x0d\xb9\xed\
\x8c\x18\xef\x76\x8d\x0f\xd2\xcc\x56\x94\x4f\x11\x57\x18\xd6\xe5\
\x55\x18\xeb\x88\xb0\xd2\xa6\x03\x9d\xde\xaa\xc9\x9d\xb1\x37\x7e\
\x7e\x71\xdb\xc5\xcb\x3e\x2b\x90\xef\x93\x51\x40\xde\x8c\x01\x94\
\xdd\x41\xb6\x8d\x08\x54\x61\x00\xfa\xeb\xeb\xf7\x52\xe4\x76\xb7\
\x6c\x58\x10\xb1\x62\x02\xac\xf7\x02\x11\x38\x85\xd9\x0a\xdb\xc1\
\x00\xac\x4c\x0e\x66\x9c\x32\x63\x17\xb2\x7b\x0d\xf2\xa9\x08\x80\
\xe0\x52\x08\xbe\x2d\x3c\x79\xf6\x83\x67\x2f\x4b\x21\x40\xa0\x77\
\x76\xd9\xdf\xdc\xd6\xac\x27\x1d\x7c\xf7\x71\x51\xb3\xdb\x4c\x72\
\x5d\xa1\x6d\x91\x01\x82\xa2\x90\x20\xeb\x23\x6f\x97\x5d\x67\xd5\
\xb2\x3f\x8c\x9d\x37\xf6\xb5\x2d\xbf\xf7\xc5\x4c\xca\x7d\xfa\xff\
\x86\x0e\xd1\xc5\x8d\x67\x08\x27\x76\x76\xcc\x6d\x6c\xf4\xd9\x87\
\x67\x3d\x4d\x6c\x6c\x4e\x77\xb0\x50\xe1\x50\x4c\xf6\x48\x16\x4d\
\x24\x79\xeb\xa1\x4f\xdc\x67\x78\xfd\x9f\xc6\xcc\xa7\x59\x3b\x9c\
\x08\xb2\x30\x29\xa4\x44\x0b\x5a\x40\xf3\xe9\xee\xd4\x80\xd4\x03\
\x03\xc2\x47\x5c\x24\x29\xfe\xb3\x1a\xa7\x77\x9f\x2e\x91\x63\x62\
\x43\xda\x14\x2c\x40\x02\x20\x08\x22\x16\x10\xd0\x0c\x2f\xb0\xbc\
\x7a\xd1\x0d\xf4\xdb\x3e\x61\xec\x85\x16\x64\xbe\x9b\x89\x60\x6e\
\x64\x3f\x6d\x3d\x02\x98\xa3\x14\x16\x9b\xf8\x9d\x89\xe7\x3c\xfd\
\xfe\xc3\x3f\x71\xf0\x42\xa7\x5b\xe1\x4d\x5a\xbc\x24\xa1\xcf\x6a\
\xa3\xb9\x00\x4e\xcf\x8c\x7c\xf0\xeb\xa2\xd4\x78\x75\xc8\xa9\x6f\
\x2c\x21\x6f\x2c\x97\x48\x2a\x97\xeb\x6c\xbf\x9b\xa7\x0e\xbd\xbf\
\xe3\xec\xb6\xe6\x3b\x33\x08\xca\xe2\x0f\x53\xf1\xb1\x94\x7f\xbe\
\x68\xba\x40\xa4\x24\x01\xda\xa1\x90\xec\x28\xd8\x71\x04\x7a\x60\
\xe2\x9b\x0b\x05\x61\x88\x9f\x02\x8b\xb1\x8b\xe8\xf2\x99\x87\x3e\
\xbc\x4c\xf9\xdd\x7e\x1e\x53\x0d\xb5\x2c\x00\x2b\x2c\x04\x24\x04\
\x80\x9c\x5e\x5b\xd8\x80\x77\xfe\x30\x66\xc1\x71\xa9\x57\x29\x25\
\xd2\x1f\x3f\xfa\xa3\xd6\x26\x96\xcd\x6d\xe4\xdf\x3c\xec\xf6\x33\
\x6b\xb0\xe7\x4c\xa2\x88\xb0\x28\x31\x05\x76\xcb\xe5\xd1\x6a\x20\
\xae\x45\xe4\xca\x30\x1c\xd1\xe1\xad\x7a\xce\x53\x2b\x7e\x7c\xde\
\x82\xc4\x3f\xf1\xde\xf8\xd3\x7c\x4e\x0c\x22\x36\x13\x01\x83\xbd\
\xc0\x6d\x9c\x02\x6c\x76\x36\xb5\xf1\xbd\x43\xa2\x46\x94\xac\xa7\
\x83\xb2\xcc\xc0\x70\xe0\x01\x30\xaa\x09\xd8\x9e\x0d\xc0\xca\x74\
\x81\x37\x74\x1b\x10\x55\xb1\xb8\xb1\xd6\x10\x05\xcb\xab\x56\x95\
\x66\x05\xe5\xff\x6c\x81\xb6\x9d\xb7\xc9\xb2\xb9\xe7\x1f\x7a\xe7\
\xb1\x31\xec\x7e\x17\xa9\x90\xab\x6d\x89\x01\x62\x57\x44\xa4\x6f\
\x3a\xd7\x7b\x58\x7f\xc9\x98\x79\xc7\xdc\x16\x24\xa9\xe0\xc0\x56\
\xf0\xb3\x41\xc9\xa4\x07\x60\x0e\x80\x39\x93\x9a\x26\x5d\xc9\x5d\
\x7b\x5e\x24\x28\x7a\x41\x54\x76\xdb\xdd\x10\xa3\xc4\x25\x0d\xb6\
\x3a\xaf\xdb\x89\xa4\x43\x71\xd9\xf7\xc4\xa2\x1f\x3f\xf1\xd6\xc1\
\xf3\xef\x2a\x60\xc3\x5f\xce\x5b\x44\xad\x95\x44\xd0\x92\x7a\x8f\
\x00\x83\x6d\xf1\xa9\x47\xba\x32\xb5\xf0\x00\xfc\x75\xd2\x09\x93\
\x6e\xd7\xab\xed\xcf\x1d\xaa\xb9\xc4\x95\x35\xb2\x88\x9c\x06\x5b\
\x10\x09\xc1\x6c\x65\xc9\x96\x6c\xc4\xc4\x4e\x98\x3a\xe2\x9e\xa1\
\xc9\xa7\x06\x2d\xf8\xb8\xf9\x7c\x0a\x29\x31\x1b\xb3\x45\x1a\x69\
\x8d\x09\x28\xdc\x72\xc8\xfc\x30\x2b\x06\x2c\x64\x81\xf3\x60\x88\
\x11\xd3\x06\x3f\x7a\x8f\x10\xe2\x5d\x21\xec\xc2\x42\x71\x4d\xeb\
\xf9\x8b\x86\xbc\x5d\x79\xf0\x33\xc8\x48\x64\x81\xe4\x9c\xe3\x6e\
\x9d\x79\xf4\xcc\x67\x6c\xe7\xbe\x77\x47\x45\xb7\xfd\xf3\x9c\xd3\
\xda\x78\xc2\x51\x11\x1b\x41\xef\x9b\xa7\x8f\xb8\xed\xa5\xe4\x53\
\x67\xbe\x1c\x18\x75\xbe\xf7\x1e\x54\x5a\x49\x13\x5f\xfe\x0a\xe7\
\x7b\xae\x0d\xa9\x86\x46\x6d\x4b\xb2\x48\x25\x1b\x53\xbd\x93\x37\
\x8f\xb8\x65\xe2\x79\x4f\x0d\x79\x2c\xb8\xa5\xc9\x07\x33\x8d\x9e\
\x4b\x57\xce\x6c\x9a\x99\x6d\x6f\xef\x75\x86\x72\xc2\x23\x01\xd1\
\x9d\xc0\x6b\xd9\x7a\x8b\x0a\x62\xc5\x1d\xe7\x2e\x18\xfd\xea\x98\
\x80\xb5\x61\x3f\xee\x32\x6a\x41\x0b\xa8\x8d\xf4\xa4\x2f\xdf\x76\
\x5e\x8c\xf7\xbc\x91\x54\x0c\xc6\x14\x2b\xd6\x5a\x15\x45\x0d\x06\
\xc8\x46\x44\x8d\x2c\xf8\xeb\xf2\xed\x58\xf3\xfb\x57\x6b\x7e\xff\
\x7f\xe9\xb6\xb6\x62\x65\xeb\x90\x3e\x4f\x4a\x55\x76\x73\x06\xd8\
\xaa\x0a\x5d\x7d\x58\x4f\x96\x06\x60\x8d\x18\xa0\x94\x83\x22\x3c\
\x06\x58\x15\xd1\x05\x27\x5c\x7a\x7e\x47\x00\xc0\xcd\xc9\xc5\xc8\
\xdd\x24\x42\x30\xe4\x59\x30\xc9\xa2\xe9\xb0\x1a\x85\x27\x00\x60\
\x49\xdb\x5a\xde\xb9\xa3\xbe\x66\x3d\xed\xc8\x69\x07\x44\x4a\xbb\
\xdd\x26\x64\x24\xa4\x4d\xd1\x00\x40\x48\x44\xa5\xe7\xaf\x7b\xa7\
\x2b\xf4\xe6\x09\xe7\x3d\x39\x66\x71\x0a\xad\x0a\x98\x6d\x3f\x38\
\xbe\x2b\xef\x8f\x53\x4b\xd3\x6c\x71\x7e\x5b\xf3\x2a\x00\xbf\x9c\
\x7a\xdc\x84\x09\x66\xed\xc0\xd1\x82\x6a\xbe\x13\x71\xbb\x0f\xb0\
\x0c\x78\xb6\x68\xd8\x18\xce\x9b\x4e\x4d\xc2\x15\xb1\x70\xfd\xa9\
\x4a\x47\x4e\xbd\x65\xe8\x93\x0f\x14\xf4\xfa\xab\xce\x7f\x86\x1e\
\x4d\xa7\x03\xcf\xba\x16\xb4\x60\x5b\x47\xa8\x15\xb9\xee\x54\x53\
\xab\x3c\xff\xfe\xe6\x55\x00\x2e\x9d\x31\x78\xd6\x54\x53\xca\xff\
\x36\x12\xee\xd6\xac\x05\xa0\x6d\x49\x03\x2c\x7d\x2e\xb2\x2b\xeb\
\xfa\x47\x7d\xf5\xd8\xd4\xe1\x0f\x7d\x37\x99\xa5\x89\x09\x64\x64\
\x76\x8b\xdb\x97\xc1\x94\x45\x56\x24\x91\x34\x69\xa4\xed\x4d\xc7\
\xdc\xb4\x4f\x4d\x61\xef\x1f\x0b\x3f\xdc\xd3\xc2\xb7\x0c\x48\xcd\
\x86\x63\xaa\xf7\x81\x4a\xa8\x03\x03\x62\x89\x85\x54\xb5\x1d\xb7\
\x1c\xd4\x76\x77\xd1\x59\xfe\xfb\x64\x96\x16\x57\xfe\xae\xd6\xa6\
\x56\xd5\xfc\x68\xf3\xab\x37\x8c\x9c\x71\xb4\x2c\xec\xf3\xcf\x48\
\xa8\xfb\xc0\x02\x77\x19\xdf\x14\x10\x91\xf5\xb5\xa6\xd4\xe7\x96\
\x49\xe7\x4e\x1a\x7e\xde\x64\x78\x2d\x5b\x80\x72\x15\x8d\x04\xfa\
\x07\x6d\xbc\x65\xe8\x93\x2f\xbb\x70\x1a\x2d\x95\xd8\xb2\x26\xe9\
\x46\x65\x4c\xef\x31\xf3\x96\xa6\x5b\x8e\x3d\xab\x6d\xc8\x8b\x13\
\x07\x2f\x74\x2e\x5e\x04\x9d\x45\x46\x26\xdb\x92\x6f\x03\xb8\xaa\
\xfc\xe7\xfd\x9f\x3b\x32\x32\x09\x32\x1f\x47\xfc\x0a\xc0\xdb\x34\
\xa6\x0e\xb9\xff\x97\x71\xd9\xf7\xe7\x4c\xae\x35\x5c\x04\x88\x04\
\x13\x07\x3a\x5a\x81\xc7\x1a\x2b\x38\x32\x5f\x5a\x31\x3b\xef\x2c\
\xbf\xfc\xbc\x79\x89\xe7\x81\xed\x5f\xd7\xfd\xf4\xfd\x21\x2c\x57\
\xf8\xe7\xc1\xb8\x54\x6c\x1b\x08\x58\x99\x00\x08\x19\xda\xdb\x30\
\x81\x60\x59\x92\x22\x6d\x4a\xeb\x11\xdb\xf8\xd6\xce\xd0\x00\x94\
\x52\xed\x21\x84\x44\xb9\x39\x11\x3e\x7c\x1d\x53\x66\x2d\x00\x0c\
\xc0\x62\xde\x59\x24\x9f\x64\xf6\xeb\x66\x52\x53\xa6\xb7\x9b\xdb\
\xf3\x76\x49\xdd\xe2\xbe\x2d\x18\x0b\x26\x41\x21\xe9\x99\xf6\xf5\
\xc5\xe8\x3b\x27\x9e\xf7\xe4\x98\xc5\x13\x07\x2f\x74\xd2\x68\xd6\
\x1f\x76\x28\xcb\x42\x1e\x36\xdd\xd6\xac\x2b\x00\xdd\xd9\x0f\x5e\
\xde\x71\xd6\xa2\x63\x26\x6e\xec\x7d\xff\xd0\x02\x2d\xbf\x44\x73\
\xfb\x92\x10\x85\xa4\x2b\xa3\x92\x03\x57\x1e\xce\xeb\x0e\x63\x89\
\x6c\xdc\xed\x73\x7c\xad\xd3\xef\x91\x5b\x87\x3c\x71\xe7\x2d\x87\
\xdd\x3f\x9c\x40\x36\x8d\xb4\xcd\x24\x32\xf2\xa3\xcc\x27\x3e\xee\
\xf3\xad\xfc\x1e\x19\xb0\x1c\xb3\xe8\xa8\x79\xc9\xe7\x0e\x3d\xaa\
\xd3\x7b\xf7\x62\xed\x6d\x5a\x1e\x13\x71\x25\xe0\x58\x80\xe1\x71\
\xd1\x42\x85\x42\x75\xe8\xff\xf7\x5b\x47\xb6\xfe\x21\x4b\x81\xf9\
\x65\xe5\x35\x54\x04\x29\xa7\x1f\x3d\x7d\xcf\x5b\x86\xcc\xbe\x3a\
\xbe\xfe\x80\x85\x61\x7f\x97\x0b\xad\x24\x65\x39\x18\x7e\x10\x88\
\x3d\xf6\x74\xde\xe6\xfc\xe0\x4f\x51\x93\x1b\xad\x8d\x45\x76\x3b\
\x3b\xaa\xf7\x9d\x3b\x73\xf0\xac\x9f\xa4\x52\x4d\x8a\x40\x3c\xbb\
\x6d\xb6\x4d\x35\xb5\xaa\x0b\xe7\x8c\x59\xb1\x31\xfc\xca\xd7\x4a\
\x76\xd3\x3b\x6e\x19\xb4\xcc\x9b\x9c\xae\x75\x77\xfd\x72\x68\x71\
\xdf\x9f\x13\xc8\x56\x24\xe0\x3f\x28\x09\x6f\x49\xaf\x12\x24\xca\
\x62\x16\x20\x6d\x4b\xd6\x55\xdd\x77\x71\x8b\x7b\xff\x73\xe6\x11\
\x77\x8e\x1c\xbf\x68\x48\xc0\x48\x4b\x24\xc0\x29\x16\x65\x01\x10\
\xb1\xa5\xc8\x4a\x0a\x29\xf1\xc1\x36\x63\xcb\x09\x54\xa0\xc2\x4b\
\xe6\x6f\x47\xfd\x6d\xd7\x19\x83\xdb\xee\xac\x53\x7b\xff\x5c\x93\
\xd2\x3e\x7b\x95\x15\x7a\x5b\xa9\xa3\x09\x64\x43\xe4\x88\x3c\xaf\
\xba\x39\xb9\x68\xe4\x51\xe7\xcd\x4b\x3c\xff\xef\x06\xf9\x3e\xb9\
\x03\x90\xc1\xd4\x72\x33\xf7\xd9\x6e\x5b\x05\x90\x40\x60\x8b\xc4\
\x3e\x7a\xb2\x1b\x9c\x45\xc1\x12\x10\x76\xc3\xc6\x7e\xf3\x36\xed\
\x8c\x5f\xd2\x51\x8a\xc8\xab\xcc\xab\x04\x88\x61\x0b\x11\xcb\x3b\
\xd5\x50\x12\x03\x69\xe2\xc4\x8b\x9c\xd8\xa4\x3e\x33\x62\xe1\x5d\
\xf7\xc9\xe9\x76\x0d\x40\x2a\xb8\xd6\xfa\x5d\x45\x5d\xb7\xe6\xb4\
\x71\xb3\x92\x2f\x04\x88\x7b\xf9\xc1\xda\x76\x80\x2e\x0f\xa4\x27\
\x4e\x3a\x37\x35\x39\xfa\xf2\xd1\x67\x4a\x13\xfd\x7e\xd4\xa9\x3b\
\x58\x83\xe0\x99\xa2\x26\xb6\x28\xe8\x9c\x26\xe1\x88\x98\xda\xe5\
\xd4\x82\x17\x3d\x39\x73\x48\xdb\xad\xda\x59\xf3\xbb\x64\xb6\x72\
\x93\x6c\xbb\x69\x46\xf9\x6b\x4d\x79\xa1\x86\xe9\x69\xba\x7e\x52\
\xd3\x35\xf7\xda\xfc\x01\xbf\x09\x8b\x9e\xe7\x33\x42\xd0\x28\x19\
\xcb\x1a\x3e\x29\x5d\xc3\xbb\xff\x60\xc6\xa1\xb3\xfc\x64\xf6\xa8\
\xff\x01\x08\x68\x63\x3d\x61\x6c\xaa\xb6\xe7\x6b\x47\xfc\x48\xb5\
\xd7\x5c\x16\x55\x3d\xeb\x0a\xb2\x88\x02\xe7\x35\x59\x08\x62\x69\
\x05\xa0\xa4\x50\x44\x10\x82\xc1\xf0\xe1\x31\x11\x69\x36\xc6\x14\
\xd0\xc5\xc2\x8d\xc6\x6b\x44\xf7\xdf\x0d\xbc\x3f\x7d\xcc\xa4\xa6\
\x67\x12\xe7\xb7\x7d\x6f\x13\xb7\xb5\x30\x9a\x5a\xd5\x85\x6d\xcd\
\x4b\x27\x1f\x76\xcf\xd8\x5a\x7f\xb7\x47\x25\x85\xa5\x61\x5f\x14\
\xa9\x64\x14\x77\xfb\xe1\xa4\xc1\xb7\x4d\x4b\x66\xcf\x7c\xe5\xc3\
\x6e\x50\x36\xa4\x58\x6d\x66\xaf\x11\x01\xa2\x64\xf2\xd6\x11\x35\
\x7d\x9c\x62\xff\x47\x6e\x1b\x39\xeb\xe7\xd9\xef\x26\x27\x24\x93\
\x59\x53\x6e\xef\xc4\xda\x44\x96\x12\xd9\x04\x27\x91\xb4\x68\xfb\
\x97\xb2\x97\x52\x48\x51\xb0\x77\x32\xca\x56\xda\xaf\x99\x47\xde\
\x77\xba\xea\x68\xfc\x4b\x34\xd4\xb8\x6b\xde\x16\x34\x5b\x23\x05\
\xc1\x4a\x48\x19\xbc\xb1\xba\x22\xae\x22\x3c\xbf\xcb\x16\xc4\xdb\
\x7f\x06\x81\x27\x0e\x9e\xe8\x8c\x6f\x6b\xf6\xf1\x39\x0e\x41\x15\
\x4d\xa8\x8a\x4d\xf4\x36\xb6\x00\x54\x06\x3e\x2c\xa3\x86\xd9\x04\
\x84\x22\x21\xc1\xd6\xac\x1c\x7f\xfd\x75\xfe\x0e\x6b\x00\x00\x30\
\x9e\xbf\xc2\x06\xdb\x34\x60\x58\x16\x2c\x1c\xda\xa0\x1a\x00\xbc\
\xb9\x04\x03\x69\x27\x20\xfe\xb2\xb9\xad\x59\xcf\x9c\xf4\xe8\x5f\
\xe2\xb2\x7f\x73\xce\xb4\x7b\x44\x50\xc4\xae\x91\x6c\x54\xc9\x59\
\x39\x66\xcc\xac\x13\x1f\xaf\x4c\x06\xb6\x67\x76\x8f\x2c\xcc\xe6\
\x44\x30\x99\x8a\x40\x7a\xda\x84\xe3\x8e\xcb\xf6\x5e\xff\xa3\x73\
\x84\xa8\xfb\x6e\x94\xba\x0d\xd0\xb0\xf0\xb8\xa4\x61\x0d\xf2\xdc\
\x65\x20\x5c\x11\x51\xbb\x8d\x2e\xea\xd8\x69\xb7\x1e\xfa\xd4\x64\
\x1d\x5f\xff\x7f\xc9\x2c\xbd\xb9\xbd\x40\x52\xe5\x81\x2e\x7f\xef\
\x2a\x00\x17\x4c\x1b\xf9\xc0\xdd\x61\xdd\xeb\x6f\x21\x51\xd7\xa7\
\xc0\x79\x6d\xd8\x57\x79\x08\xaf\x8e\xfb\xfd\x74\xfa\xb0\x47\xde\
\x36\xfb\xde\x3c\x4d\xbe\x7c\xc1\x85\xf2\xa5\xda\x4b\xe3\x4e\xc3\
\xde\x25\xe5\x21\xc7\x9d\x1a\x6c\x05\x20\x21\xc9\x11\x0e\x48\x74\
\xe9\x0d\x56\x83\x57\x90\x20\xcf\xfa\x36\xaa\x54\xa8\x77\x54\xd6\
\x3b\x1e\x19\xf8\xd6\xd3\x06\x1e\x77\x59\xab\xe3\xb2\xff\x31\xc8\
\xa9\x7b\x33\xc7\x64\x4e\x6c\x79\xa4\xa5\xb3\xa5\xad\xc5\x8c\x0a\
\xde\xd7\x27\xa6\x0d\xbb\xff\xf7\xf5\xbc\xef\xff\x16\x48\x1b\xdf\
\x7a\x1c\x0b\xf7\x08\x79\x85\x8e\x9f\x01\x38\x3b\xfb\x41\x35\x5f\
\x02\x1c\x47\x75\xb3\x6c\x40\xe0\x60\xc5\x90\xc1\x02\xc4\x86\x4b\
\x86\x64\x38\x12\xb2\xfd\xae\x2a\x5c\xf9\xbd\xc4\x2d\x23\x2e\xf9\
\xa3\xf8\xea\x63\x77\x27\xd3\xcd\xde\x96\x9f\x4a\x06\xb7\xca\xc5\
\x68\xa4\x81\x08\xaa\xd8\x72\x7b\xc3\x15\x46\xe9\xf4\xe1\x77\x0c\
\x53\xa6\xf7\x4f\x9c\x42\xed\xe9\xc2\x71\x91\xb7\x39\x9f\x99\x15\
\x91\xd0\x11\x8a\x39\x5d\xfe\xea\xf5\x70\x78\xad\x8b\xba\xfd\x35\
\x6b\xa3\x48\xc9\x02\xb7\xaf\x0e\xbb\x5d\xef\x00\xc0\xc5\x8b\x2e\
\xd6\xe3\x31\x1e\x9f\x7b\x1d\x4a\xaa\xa8\x03\xd2\x27\x38\x03\xfe\
\x4b\x0b\x10\x74\x7a\x19\x9b\x90\x24\xdd\x9a\xb2\xcb\x30\x04\x09\
\x58\xed\xad\x06\x03\xd9\xc4\xf6\x5b\xce\x54\xfc\x03\xfc\x62\xfe\
\x4d\xcd\x1e\xc0\x24\x89\xa1\xa3\x4e\x83\x34\x32\xd6\x0c\x00\x03\
\x76\xd0\x64\xa4\x82\xf8\x4f\x3e\xf0\x81\xb3\x63\xbc\xeb\xb7\xf2\
\xb6\xcb\x67\x66\x07\x50\xc6\x61\x47\xb5\xd3\x8a\x9f\x8f\x99\x7b\
\x62\x26\xb5\x9d\x87\xff\x83\x89\x20\x38\xb4\x4c\x99\x44\x46\x5e\
\xfe\xe0\x83\xa5\xaf\x2f\x38\xfa\xfa\x0d\x8d\xf7\x0e\xcd\xe9\xa5\
\x97\x7a\xc5\x0d\xaf\x44\x65\x54\x29\x15\x16\x81\x3e\xb3\xe1\x82\
\xc9\x69\x92\x91\x70\x5c\xf4\x1e\x1f\x6a\xdf\xf5\x99\xec\xd0\xc7\
\x5b\xa6\x96\xad\xb6\x19\x4c\xdb\xd1\x16\x60\xf3\xf7\x36\xb5\xaa\
\x71\x73\x8e\xbf\xbb\xd4\xb8\xe2\xf0\xa2\xb7\xe9\xc5\x28\x45\x15\
\x41\x18\x66\x5f\x95\xa0\x2d\xbc\xc8\x1f\xe5\x92\x6f\x3c\x5d\x2f\
\xfb\xff\x39\xec\xd4\xed\x9d\xe7\x9c\x36\xd6\xb3\xb0\x80\x80\x23\
\x62\x88\xa8\x62\x69\xdd\xf2\x8d\xc5\xd7\xfe\x97\xc2\x2b\x0e\xf1\
\x1a\x9e\xdc\x3f\x3f\xe0\xc1\x81\x1d\xf2\xf1\xfd\x21\xd7\x0f\xdf\
\x58\x7a\xb3\xa5\x54\x5a\xfb\x56\x9c\xa2\x4a\x40\x5a\xcb\x5a\x75\
\x71\x97\x5f\xa3\x76\x3b\xdc\xdf\xd8\x7d\x66\x0b\xa7\x39\x8b\xac\
\x98\xdd\x36\xdb\x66\x90\x91\x7e\x64\xf5\x6f\x3a\xf5\xca\x25\xae\
\x0c\x0b\xb2\x40\xd1\x16\xac\x8b\xba\xb3\x6e\x1a\x9c\x39\x20\x9b\
\x4d\x9a\x32\x71\x8a\xa8\xfc\xcc\x19\xa0\x47\x20\x63\x11\x1c\x7e\
\xc9\x52\x08\xe1\x4a\x0b\x62\xc3\xda\xe6\x6d\x49\xbb\xb2\xd7\xf0\
\x88\xdd\x25\x63\xff\x71\xc2\x33\x33\x86\xb6\xfe\x7a\xda\xd0\xbb\
\x8e\xcc\x7c\xf5\xfa\x06\x10\x97\x0f\x7c\xb3\x4e\x22\x69\x92\x48\
\x1a\x66\xd0\xa4\xa6\x49\xbb\x4f\x19\x76\xef\x39\x99\xa1\x8f\xdd\
\xed\xe8\x7e\x73\xa2\x6a\x97\xd3\xb5\x60\xeb\xd9\x82\x65\x1b\x88\
\x71\xc6\x44\xcc\xc9\x15\xd6\x3e\xa7\x63\x2b\x9b\x61\xec\x3a\x85\
\x10\x08\x30\x92\x5c\xb0\x34\x2f\x8e\x7d\xe2\x5b\x1b\x77\xc6\xc5\
\xf7\x99\x60\x80\x02\x6c\x99\x37\xab\x51\x60\x5b\xa6\x00\x95\x2f\
\x1f\x90\x4d\xc8\x25\x44\xea\xfd\xe3\xc5\x1d\x5f\x2f\xaf\x18\x88\
\x3a\x35\x85\xe7\x4a\xb9\xae\x0e\xc7\xa9\xab\x35\xa6\x64\x8d\xb2\
\x90\x32\x3a\x36\x93\x49\xfc\x11\xd9\xb5\xbc\xad\xab\x9b\x9b\x6f\
\x92\x44\x46\xa6\xb3\xcd\xfa\xa6\xc1\x99\x03\xa2\xd4\xeb\x5a\x2b\
\x85\x61\xeb\x49\x00\x26\xca\x61\x67\x13\xde\xbe\xfe\xdc\x79\x5f\
\xfd\x75\x0a\x1f\x3f\x93\xde\x1e\xb5\xb0\x64\xb0\x2e\x4b\x81\x9d\
\x35\xe5\x01\xfc\x75\xca\x57\xae\xbc\xd9\xac\x1f\xf2\x2d\x49\xf1\
\xcb\xa3\x4e\xf7\x5d\x7d\x78\xf0\xe1\x5b\xb6\xc6\xe6\x91\xb3\x42\
\x86\x6b\xa3\xa2\x5b\x0a\xeb\xdd\x31\xd3\x07\x3f\xfc\x2b\x7a\x9a\
\xa6\x80\xc1\x9f\x34\x33\xff\xb8\xf6\xa4\xb5\xa9\x55\x35\xff\xa3\
\xf9\xcd\x6b\x47\x5c\x7b\x74\xa3\x3f\xb4\x35\xe4\xd4\x0f\x28\xda\
\xbc\xd5\xf0\xc8\x0d\xd5\x45\x1d\x0a\xed\x9b\xb3\x79\x0d\xb6\xc4\
\x24\x20\x49\x89\x08\x85\x45\xae\xb4\xa1\xbd\x43\xae\xbd\xb6\xd0\
\xeb\x8d\x3f\x7d\xe3\xc1\x6f\xac\xfd\xc0\x5f\x5f\x04\x30\x0f\xc0\
\xbc\x49\x4d\x7f\x9a\x40\xb9\x83\x7f\x11\x56\x7d\x2e\xf3\x59\x1b\
\xcb\xbe\xea\x42\xa7\x5f\xe7\xec\x76\xfc\xcc\x43\x1f\xfa\xee\x18\
\x1c\xfb\xa7\x80\x08\x95\xc0\xf9\x59\x2a\x4e\x3f\xf4\x91\x5f\x92\
\xb5\x33\x21\x88\x8c\xd1\x36\x16\x6a\x50\xc5\xc2\xba\x8b\x00\x7c\
\x27\xbb\x24\x4b\xc1\xa3\x4a\xc8\x8d\x8a\x3a\x61\x63\xa3\xec\x00\
\x30\xcc\x2e\x85\xa9\x88\xf5\x73\x7c\x4f\x47\x7b\x84\x76\x3f\x28\
\x67\x3a\xd9\xc2\xa0\x64\x72\x86\x24\x21\xec\x36\x0c\x70\xa8\x71\
\x40\x41\x77\x5c\x61\x36\xec\xb2\xe6\xd6\x61\x73\x96\x32\xfc\xb7\
\xc1\x76\x05\x0b\xa7\x96\x35\x37\xce\x1c\x8a\xbe\x11\x44\xf6\x89\
\x88\x9a\x98\x54\x0a\x05\x2e\x70\xde\x76\x68\x80\x05\x41\x1a\x47\
\xb8\x0e\xd9\x12\x36\xf9\x6f\xdd\xbc\xa1\x7e\xc9\x65\x35\xab\x3b\
\x42\x22\xda\x38\xd4\x93\x7e\xd0\x4d\x13\xc1\xda\x40\xfb\x72\x76\
\xd3\x6c\xf9\xef\x54\xa6\xda\x06\x9b\xf8\xb2\x30\x4c\xa0\x45\xf3\
\x49\xac\x30\xf1\x41\x53\x81\x60\x5c\x07\x23\x58\x6b\x54\xb0\x44\
\xae\x2c\x19\xec\x58\xa4\x91\xb6\x99\x00\xc1\x5d\x25\x54\x69\x76\
\x48\x84\x18\x44\xf0\x6c\xc1\xd4\xa8\x9e\x5f\xf6\xaf\x1a\x7f\x69\
\x32\x9b\x34\x13\x07\x2f\x54\xdb\x53\xfa\x24\x00\x4c\x19\x77\x65\
\x2c\x2c\x7a\x4d\x0d\xbb\x75\x71\x5f\x17\xc1\x0c\x8e\xc8\x98\xea\
\xd2\x2b\xe6\x7d\xb9\x7f\xdb\xa5\x19\xb0\x6c\xc1\xa7\x66\x30\xca\
\x95\xdb\x38\x93\xe0\x80\xd6\xfb\x74\xf3\x95\xed\xce\xb3\x07\x76\
\x9a\x77\x7e\xee\x7b\x5d\xab\xa2\x22\xae\x48\x38\x02\x00\x0c\x7c\
\xce\x71\x97\xef\xc8\x6e\xfb\xc4\x55\xbf\xc9\xb7\x0e\x9b\xf3\xe0\
\xd4\xa3\xee\x1a\x90\x6e\x6b\xd6\xa9\x54\x00\x6e\x6d\xeb\x2f\xd0\
\xdc\xd6\xac\x33\x09\x96\xdf\x7a\xea\x5b\x6b\x74\x8f\x77\x4f\x2e\
\xe9\xf6\x75\x0e\x45\xcb\x68\xbb\x65\xdf\x16\x2c\x88\xa5\x94\xae\
\x8c\x8b\x98\x82\x2e\x14\xf3\xde\xbb\xd7\xe6\xa3\xaf\x0d\x1e\xbd\
\x68\xd4\x15\xdf\x78\xf0\x1b\x6b\x03\xb5\xdd\xe0\xe7\x6f\xf1\x47\
\xb4\x36\xb5\xaa\xf3\xdb\xbe\xb7\xe9\xeb\x0b\x47\x7d\xa7\x68\x57\
\xfc\x28\xc4\x52\x12\x39\x06\x6c\xa5\x47\xc6\x38\xb6\xc7\xaf\x67\
\x8e\xbc\x63\xaf\x00\x24\xce\x82\xc1\xe4\xed\xff\xee\x5d\x79\x6f\
\xfd\xab\x21\x0a\x49\x10\xa3\xc4\x1e\xa4\x8c\x9d\x76\xd7\x05\x77\
\xd5\x24\xb3\x49\xd3\x92\x0a\xac\xe7\xde\x5e\x12\x53\x6c\x11\x2a\
\x83\x56\xd6\x15\x2e\x4a\x26\x77\x3f\x77\xbf\xeb\xf0\x0d\xe6\xb5\
\xab\xd9\x16\x75\x44\xc4\x94\x90\x24\x00\xb2\x9e\x29\xf8\x79\x93\
\xf3\x2d\x94\x55\xaa\xae\x67\x94\x7a\x0e\x8d\x8b\x7e\x89\x1a\xb9\
\xc7\xe5\x35\xd4\xf7\xfc\x1a\xa7\xef\x89\x31\xd5\xe7\x20\x47\xc5\
\x62\x1e\xf9\x3a\x6f\x72\x9a\x6d\x60\x99\x2e\xe1\x88\xb8\x88\x38\
\xbe\xb7\xfe\xcd\x82\x5d\x7a\xc6\x98\x67\x8e\x3a\xff\xd2\xb6\x4b\
\xbb\x50\xb3\xef\x90\x90\xaa\x09\x31\x6b\xcb\x04\x32\xec\x41\x49\
\xff\xc5\x2d\x77\x16\x3e\xf7\x61\xcd\x7b\x16\x91\xcc\x30\xd6\x94\
\xcf\xc7\x87\x0b\xc4\x88\x7f\x99\x22\x80\x89\x28\x69\xb4\xcf\x9b\
\x44\x79\x84\x60\x61\xa1\x5c\x59\x17\xdc\xe2\x3b\x28\xcf\x5d\xd6\
\x2d\xd0\x32\xff\x77\x63\x8a\x04\x12\x60\x80\x7c\x6b\x4c\xc8\xf6\
\xf8\xdd\xd4\x43\xef\x1d\x35\x7e\xd1\x10\x7f\xe2\xe0\x85\xce\xb6\
\xf8\x01\xb6\x34\xcd\x0e\xb6\xfb\x5e\x3b\xe0\xf7\x75\x4e\xbf\x2f\
\x17\x38\xe7\x33\x31\x39\x22\x4c\x05\x7f\xfd\x3a\x1b\xea\x18\x3b\
\x28\x9b\xf6\x16\x57\x16\xa6\x3f\xd5\x2c\x4c\xef\x4b\x04\x17\xcd\
\xbd\x68\xc3\xe8\x05\xa3\x7e\xad\xeb\x5f\x3d\xa8\xab\xb4\xe2\x4f\
\x6c\x8a\xb9\x88\x8c\x2b\x62\x09\xb6\x56\x78\xb6\x68\x4b\xc2\xf7\
\x23\xb2\xd7\xb1\x6e\x47\xdf\xb9\x33\x0f\x6b\xbb\x34\x9d\x26\x4b\
\x20\xde\xde\x96\xa0\xb5\xa9\x55\x8d\x7e\xf0\xf4\x37\x8a\xb4\xf2\
\x27\x12\xc1\xfe\x05\x81\x88\x29\xf0\xb2\x37\x7e\x7e\x63\x4e\xbf\
\x73\x73\x31\xf4\xce\x88\xc4\x33\x4d\xdf\x3e\x6f\xce\xe8\x37\x52\
\x65\x59\xed\x60\xbf\x3f\xf8\xf9\x5b\xfc\xb1\xcd\x6d\xcd\x3a\x85\
\x94\x68\x6d\x62\xf5\xf5\xf9\xcd\x7f\xc8\xd9\x15\xd7\x47\x45\x44\
\x31\xc0\x86\xb5\x8d\xb9\x3d\x22\xb6\xab\xe1\xdb\x01\x46\x92\x40\
\x4b\xd3\x6c\x79\xfe\xe4\xf3\x8b\xe4\x94\x66\xaa\x00\x9d\x66\xc3\
\xbe\x0d\xc9\xda\xbe\x9d\x2f\x89\x61\x01\xe9\x33\xa0\x7d\xef\x3e\
\x74\x68\x5c\x08\x27\x12\x24\x00\x09\x66\x03\xeb\x17\xc4\x39\x0f\
\x5f\x95\x1b\x3b\xff\xa8\xef\x74\xe2\xd5\xc3\x72\x85\xe5\xb7\x59\
\x5f\xeb\x08\xc5\x1c\x97\x22\x0e\x33\xa9\x80\xed\xee\xf9\x05\xce\
\xfb\x05\xdb\xe9\xe5\x6d\xa7\x57\xb0\x9d\x7e\xc1\x76\xf9\x1e\x17\
\x7c\x6d\x7d\xcd\xcc\x20\x08\x19\x12\x51\x19\x17\x51\x65\x38\xb7\
\xa6\x83\xdf\xf9\x3d\xf6\x7a\x71\xe8\xe8\x85\x27\xde\x31\x61\xef\
\xfb\x43\x0c\x26\xb2\x91\x2f\x87\x44\x0d\x00\x32\x00\xa9\x82\xdf\
\x69\xe1\x76\x3e\x57\x51\xbf\xfe\x42\x24\x00\xf1\x5e\x3b\xcf\x5b\
\x61\xda\x23\x3e\x6a\x9b\x80\xd9\x14\x89\x24\xc0\x82\x2c\x1b\x90\
\x0d\xed\x35\xe1\xb2\x09\xa1\xf2\xe2\x0b\xed\x88\x48\x64\x2a\xc5\
\x62\xf4\x93\xc7\x3e\xd8\x59\x5a\xf5\xcf\x88\x8c\x06\x1f\xa2\xf5\
\x49\xc8\x70\x38\x82\xdd\xee\x9c\x3c\xf4\x81\x63\xc7\x2f\x1a\xe2\
\x73\xd9\x9d\xf6\x93\x12\x41\x26\x91\x91\xe9\xb6\x66\x3d\x6d\xc4\
\x1d\x27\xc6\x79\xd7\x6f\xe7\x6d\x41\x83\xad\x14\xe4\x58\xf6\x8b\
\xa2\x60\x97\x5d\x38\x7a\xce\x09\x6f\xa4\x9a\x5a\x55\x1a\x9f\x9d\
\xc4\xd8\x96\x89\x20\xd5\xd4\xaa\xc6\xcc\x1a\xb3\xfa\xac\xa7\x0f\
\xfb\xbe\x17\x7d\x77\x48\x41\xaf\x98\x44\x5a\x53\x48\xc4\x24\x48\
\x58\x58\xab\x8a\x26\xaf\xa5\x8a\xd5\xd4\xda\xbe\x57\x67\x86\x3f\
\x76\xe3\xa4\x54\x2a\x9c\x46\xda\xa6\x52\xdb\x9e\x04\x9a\xdb\x46\
\x19\x06\x8b\xd0\x0f\x0b\x93\xf3\xbc\xfa\x05\x57\x84\x24\x98\x0d\
\x81\xac\x04\x91\xaf\xd6\x5e\x94\x5c\x38\xea\xfc\x71\x73\x4e\x7b\
\x36\x83\x60\x24\x99\x6e\x6b\xd6\x9f\xf4\xc0\xa4\x91\xb6\xa3\xda\
\x60\x52\x60\xe1\xef\xb7\xfc\x87\x39\xb3\xf6\x5d\x25\x5c\xc1\x96\
\xa9\x68\x0b\x2c\xa5\x3b\xe6\xce\xa6\x3b\xeb\xb7\x98\xc3\x93\xd1\
\xed\x0f\xe4\xbd\x76\x06\x84\x04\xb1\x89\xa8\x38\xa4\xa9\x3d\x1c\
\x00\xd6\xae\x5d\x2b\x00\xa0\x21\xd6\x27\x2e\x85\x8c\x58\x6b\xcb\
\x0f\x2f\x43\x45\x65\x27\x83\x69\x52\x53\x6b\xf8\x82\x85\x67\x2d\
\x38\xeb\xb9\x23\x12\x14\x59\x3f\x24\x6f\x97\x5d\xe9\x95\xd6\xbd\
\x0c\x5d\xa4\x28\x42\x4e\x8c\xe3\x4e\x98\x62\x8e\xa2\xb0\xeb\x50\
\xc8\x75\x44\xc8\x71\x45\xc8\x09\x8b\xa8\x13\x53\x35\x2a\x26\xa3\
\xca\x9a\x3c\x4a\xfe\xda\x45\x05\xb3\xf4\xc7\xd4\xe3\xad\x2f\x9f\
\x35\xb7\xf9\xa7\xc9\xec\x45\x1b\x32\x89\x8c\xec\x73\xf0\xf1\x9a\
\x40\xac\x10\x3a\x30\x58\xa8\xb2\x90\x70\xc8\x90\xbf\x5e\x44\x36\
\xbc\x5d\x7e\xe1\x5f\x08\x57\x6a\xda\x0c\xa1\x06\xf5\xbc\x2e\x4b\
\x82\xd1\xd6\x26\x80\x6c\x99\x05\x47\x61\x5e\x45\x08\xb8\x50\x86\
\x35\xac\xc5\x2e\x3d\x96\xec\xba\x2b\x00\x54\xca\xb6\xed\x8d\x96\
\x72\x81\xe2\x84\xda\xbf\x5d\xd4\x1b\x3b\x94\x08\x2b\x06\xc3\xb0\
\x67\xa5\x08\xd7\xc7\xb0\xcb\xbd\x33\x07\xb7\xfe\x34\x9b\x20\x51\
\x1e\x15\x71\xaa\x6c\xa4\x91\x42\x6a\x73\x69\x9a\x42\x4a\x4c\x1c\
\x3c\xd1\x41\x16\xc8\x24\x6e\x6c\x74\xbd\x5d\xff\x2e\x45\x84\x99\
\x7d\x01\x56\x36\x42\x61\x95\xb3\xcb\xae\x39\x77\xd1\xe9\x77\xb7\
\x36\xed\xec\xbe\x7f\xdb\x37\xfe\x2a\xf3\xea\xb1\x6d\x27\xbf\x9c\
\x58\x30\xf2\x02\xdf\x59\xd1\x5c\xd0\xeb\x9f\x0a\x23\xac\x04\x39\
\xc1\xca\x29\xfb\x9c\xb7\x45\x1d\x57\xbb\x5f\x10\x7b\xe4\xd8\x87\
\x26\x35\x4d\xaa\x4f\xa7\xd3\x76\xdb\x2b\x01\xe2\x96\xa6\xd9\x22\
\x99\x4c\x1a\x8b\xc2\xd5\x22\xb0\xd8\x02\x00\x76\x64\x04\xc2\x0f\
\x0f\xcc\x20\x23\x53\x03\x5e\x74\x2b\x64\xa0\x6d\xc2\x1b\x9a\x66\
\x8b\xb3\xa7\x9f\xdd\x61\x45\xee\x1a\x97\x14\x81\x08\xc6\xfa\x36\
\xe6\x76\xef\x95\xef\x88\x1c\x8d\xf7\x16\x7d\x58\x37\xbc\xf6\xa2\
\x67\xba\x96\x29\x28\x41\x95\xe1\xaf\x52\x83\x00\x60\x63\x64\x4f\
\x0e\xca\xf2\x50\x1c\x82\xc2\x96\x2d\xc0\x20\x0b\x0b\xe5\x38\x2b\
\x09\xc4\xb1\x9e\x6b\xfd\x14\x58\xa4\xc0\x22\xf1\xc4\x31\xcf\x27\
\xe7\x1d\xf1\x63\x9c\xfc\xc7\x2f\xdb\xfa\x15\xc3\xda\xf9\xd5\xcb\
\x3a\xf0\xce\x4d\x39\xbb\xe2\x91\x12\xd6\xbd\x56\x30\x1b\x96\x17\
\xfd\x0d\xcb\x4b\x66\xe3\xd2\xbc\x5d\x33\xa7\x93\xdf\xc9\x74\xe2\
\xad\x1f\xea\xc8\xf2\xa1\x89\x85\x23\x87\x9e\x39\xff\xe8\x2b\x93\
\xf7\x27\x57\x6d\xb1\xaa\x6b\x93\x59\x32\xc1\x12\x95\x3b\x40\x07\
\x24\x1a\x38\xc2\x81\x10\xe6\x8d\xc4\x43\x17\x6d\xc4\x17\x04\x00\
\x2c\x6b\x25\x70\x59\x16\x8e\xb7\x3c\xe0\xbc\xb5\x63\xc0\xc6\xcd\
\x6c\x3d\xfb\xaa\x28\x6f\xc4\x5b\xb6\x26\x2c\xe3\x91\x8d\x79\x1c\
\x08\xe0\xcd\x81\x4b\x76\x6c\x54\x47\x69\x0a\xb0\x80\xb9\xa7\xbc\
\x3e\x6d\xf0\xdd\xe7\x44\x4c\xbf\x3b\xa5\x8a\xc0\xb2\x6f\xb5\xf5\
\x40\x52\xa9\x98\xdc\xed\xb7\xa5\x77\xe6\x9d\x36\x73\xc8\xea\x3f\
\xca\x3d\xa6\xde\x99\xcc\xbe\x37\xf2\xd9\x42\x86\x8c\xb1\x28\x68\
\x1a\x6f\x79\xa7\xf5\xcf\xb5\xaa\xf7\xae\x5d\xb6\x43\x13\x11\x85\
\x44\x54\xb5\x7b\xef\xbe\x14\xda\xeb\xa5\x1f\x67\x9e\xce\xc8\x51\
\x6d\xa3\xcc\xe7\x20\x3b\x33\x10\xf0\xfb\x07\x62\x20\x25\xe7\x1d\
\x3f\x3b\xc5\x38\x7c\xff\x21\x8f\x8d\x77\x45\xfc\x57\x71\xb7\x5b\
\x43\x4e\xe7\x34\x60\x54\xce\xef\xf4\x6a\x9c\xbe\x47\xa2\x80\x7f\
\xdc\x30\xf2\xf7\xc7\xbd\x3b\xe7\xc7\x39\x46\xcb\x36\x3d\x88\x15\
\xd9\x35\xee\xb1\xf6\xb6\xfc\xda\x9a\x5f\xb9\xb2\x7b\xcf\x40\x6d\
\x88\x41\x4a\x7c\x2d\x49\xc9\x5f\x60\xc9\x76\xd2\xae\x47\xcd\xb6\
\xdc\xc6\x74\x6f\x8f\xec\x2d\xb9\x35\xb1\xff\xa7\x44\x6d\xcc\x42\
\xfb\x42\xba\x82\x54\xe4\x28\x00\xb7\xcf\x2e\x53\xab\xcf\x79\x98\
\x72\x33\x0e\x6e\x5d\xe2\x08\x67\x37\xdf\x7a\x64\x61\x41\x46\xed\
\x9f\x4a\x41\xac\x48\x0f\x36\x00\x50\x78\x27\x17\x12\xd4\x40\x16\
\xb0\x82\x88\x8c\xf5\x50\x68\xdf\xb8\xf6\xbd\xcf\x3c\xa8\xdc\x52\
\x29\x16\x03\x97\x80\x92\x69\xf2\x80\xec\x02\x00\x0b\x36\x57\x82\
\xa9\x94\xbb\xf4\xce\xb8\x03\x00\xfd\xf7\xeb\x6f\x93\xb7\x25\x0b\
\x5b\x3e\xf9\x63\xe9\x7d\xfa\x85\x66\x8b\xe5\x37\xdc\x79\xda\xe4\
\x06\x90\xea\x6b\xcb\x38\x9f\x43\x2e\x3a\x6d\xe9\x79\x22\x70\x06\
\x90\xc9\x4f\xd8\xa7\xf8\x7c\xa5\x00\xaa\x88\x52\x6f\xfe\x27\xe1\
\xc3\xd7\xc3\xd5\x47\x09\x34\x30\xf9\x2f\x6b\x5b\x44\xd9\x66\x94\
\x5d\x11\x85\xd4\xa1\xa3\x00\xdc\xb5\x38\xdb\xb8\xc3\x23\x81\x24\
\x02\xc1\x88\x71\x6d\xcd\x77\x4f\x3e\xf8\xbe\x73\x6b\xb0\xdb\xcd\
\x8e\x13\x51\xbe\xf5\x7c\xcb\x46\x95\x50\x30\x61\xd9\x63\x98\x15\
\x35\xb7\xe4\xde\xfc\xce\xcb\x33\x0e\xfe\xf6\xbd\x70\x3b\x9f\x30\
\x5c\x78\x9d\x65\x71\x9d\x71\x8d\x90\x5a\xf6\xb2\xc5\x48\x2f\x57\
\xf5\x3c\x23\xc4\x8d\x63\x0a\xd4\x65\x08\x2c\x85\x70\xac\x6f\x3a\
\xfc\xbc\x58\xf6\x8d\x0b\xb3\x3f\x28\x94\x5d\x5a\x3e\x37\x19\xbc\
\x72\xdb\x66\x12\x19\x99\xa4\x84\x05\xe8\x6f\xd3\x8f\xbc\xed\x11\
\x14\xfb\x5f\x1b\x55\x3d\x8e\xc9\x9b\x9c\x61\x18\xa7\x4b\x77\xf8\
\xb5\x4e\xdf\x91\xd6\x1c\x3a\x35\x4d\x74\xea\xc0\x33\x33\x72\xb3\
\x21\xc9\x56\x26\x9c\x04\x32\x72\xec\x3f\x92\x1b\x6f\x3b\xf4\xf1\
\x47\x1d\x0a\x8d\xd6\x54\x62\x8f\x4b\x00\x42\x83\xa6\x1f\x75\xdb\
\x9e\x63\x1f\x3d\xf3\xcd\x6d\x91\xf0\xda\xfc\x1a\xd2\x69\x9b\x46\
\x0b\xf1\xbd\xc9\x77\x6f\x1d\x31\xe7\x45\x87\x42\x87\x96\x58\x33\
\x13\x48\xc2\x19\x00\x00\x68\x1b\x65\x07\x56\xaa\x4f\x87\x57\x04\
\x1d\x29\xb3\x65\x86\x35\xa8\x89\xcf\xf9\x41\xe4\x47\x10\xb9\xf2\
\x95\x1b\x17\x5a\x05\xde\x76\x0c\xb2\xc2\x40\xc6\x51\xf8\xd7\x9f\
\x5b\x69\xe1\x98\x38\x05\x6a\x99\x3d\x5b\x0c\x6c\x5b\xcb\x8b\xb1\
\x98\x93\xe9\xb4\x07\x20\xb8\x28\x9e\x0f\xbe\x26\x83\xac\x58\xdc\
\xd4\x48\x2d\xa3\x46\x59\x4a\x07\x95\xd8\x96\x2a\x96\x2d\x29\x10\
\xd2\xe0\x62\x57\x74\x0f\x47\x86\x1a\x0d\x0c\x03\x82\x2c\xfb\x60\
\xe5\x2f\x06\x80\xc6\xa6\xd9\xf4\xef\x90\xa6\xdf\x81\x95\xe0\xcd\
\x6a\x60\x24\x2a\xcf\xbd\xa5\x0f\x13\xaa\x11\x1f\x65\x07\x5e\x92\
\xeb\x16\x16\x6c\x87\x47\x20\xc9\xb0\xf0\x61\x20\xb8\xee\x84\x09\
\xc7\x5d\x16\x4a\xa3\xd9\x60\x27\x78\xda\xa5\xdb\x9a\x75\xaa\xa9\
\x55\x9d\xfb\xcc\x89\x53\x73\xbc\xfc\x78\xed\x77\x2d\x8b\xaa\xb8\
\x23\x20\x0d\x83\x51\x30\x39\xe3\x01\x26\x1a\xea\xbd\x7f\x5d\xa8\
\xff\x8f\xa2\xd8\xf3\x6e\x87\xfb\x3f\xeb\x78\xfb\xbe\x14\xca\x7f\
\xe9\x65\xa7\xb8\xf7\xd3\x75\x72\xdf\x87\x6a\xc4\xae\x17\xfb\x64\
\xac\x25\x2b\x20\xa4\x0e\x53\x58\x16\xc4\x9a\x5f\x5f\xb8\x60\xec\
\x53\x15\xf5\x9f\xcf\xe3\x07\x55\x71\xc5\x4d\x35\xb5\xaa\xb1\x8f\
\x9d\xf9\xda\x19\x0b\x86\x7e\x25\x6f\x96\x5d\x1d\xa5\x90\x94\xc2\
\xd1\xcc\x56\x75\x99\x4e\xaf\x4e\xee\x71\xca\xd4\x43\x1e\xf9\x59\
\x32\x9b\x34\x65\x9f\xc4\xad\x8e\x32\xaf\x82\x8c\x97\x7b\x84\x8d\
\x0f\x26\x22\xb6\xc6\x44\x65\xb7\x28\x4a\xf5\xc3\x00\x6c\xb7\xfe\
\x42\x26\x10\xef\x61\xb0\x79\x55\x06\x5b\xd5\xd0\x30\x60\xa2\x5d\
\xee\xbf\xec\xfe\x50\x1a\x64\x37\x0e\x5e\x54\x56\x29\x91\x1d\x15\
\xbd\x1a\x06\x83\x24\x44\xef\x9e\xfd\x24\xca\xe8\x34\x4b\x77\x0f\
\x47\xb8\xe0\x80\x21\x26\x34\xb4\x8e\xf4\x88\xb7\x57\x34\xfc\x3f\
\xac\xc5\xa1\x74\x40\xd1\xae\xb4\x30\x1f\x98\x5a\x10\xca\x74\xe7\
\x74\x5b\xb3\x2e\x93\xa6\xf8\xc3\xe4\xe9\x00\xc0\x76\x44\xbe\x14\
\x16\x71\x30\x5b\x03\x82\xf0\x4c\x0e\xc2\xe0\xc5\x1d\xd9\x7d\xf9\
\x77\x56\x01\x9b\x0f\x3b\x57\xcc\x41\x3f\xbc\x02\x10\x1f\x76\x3b\
\x31\x98\xce\x7d\x72\xf4\x9b\x8c\xe2\x42\x57\x46\x00\x10\x3c\x2e\
\x9a\x88\x6c\xd8\xab\x7e\xd3\x09\x47\x04\xe0\x5c\x76\xa7\x88\x76\
\xa4\xcb\x63\xab\xb3\x17\x9d\xf0\xcf\x8e\x86\x67\x47\xe6\xf4\x8a\
\xdb\x14\x84\x8a\x88\x98\x24\x12\xc4\xc6\xb0\xa7\x8b\x3a\x87\x9c\
\xaf\x01\xa3\x54\x8d\x13\x72\xeb\x1b\x5c\x59\x5f\xa7\x54\xbd\xd0\
\xe4\x98\x42\x59\x23\x1e\x0c\x1b\xa6\x88\xd3\xee\x2f\x5b\xb0\xff\
\x81\xb7\xfd\x26\x93\x60\xd9\xf2\x39\x28\xfd\xb7\xe6\x3d\xe0\x14\
\x8b\x14\xb3\x48\xcc\x3b\xe2\x3b\x9d\xf2\x9d\xdf\x84\xc9\x75\x88\
\xa4\x61\xb6\xaa\x60\x8a\x26\x4c\x0d\x2d\x53\x07\xdf\x7e\x48\x32\
\x4b\x66\x5b\x04\x47\x5a\x82\x84\xce\x14\xeb\x98\x9b\xb7\xed\x1a\
\x24\x25\x13\x59\x45\x21\x08\x2d\x87\xec\x0c\xe6\x19\x29\xd2\x1c\
\xec\xcf\x11\xb3\x05\xc8\xc6\x1a\x80\x10\x00\xec\x1b\xef\x0c\x7a\
\x51\x21\x7a\x72\x79\x24\x4d\x44\x60\x6d\xfd\xd7\x9f\x99\x58\xe4\
\x54\x50\x21\x94\x3a\x8b\xdd\x04\x14\x88\xd8\x0a\x92\x60\xc3\x1d\
\x7e\xbb\x5e\xb3\x35\x00\x5c\xc5\x9c\x15\x29\x50\x4b\xb9\x4d\xda\
\xd6\x9e\x5d\x21\xb4\x9f\x80\x03\x22\xb0\x80\x14\x25\x53\xcc\xfb\
\x4e\xfb\xeb\x5b\xf2\x57\xbe\x18\x43\x80\x2d\x5c\xc1\x99\x3f\x71\
\x1d\x58\x7c\xd4\x48\x8d\x08\x6c\x6c\xfe\x56\xa1\x4d\xf0\x37\x5a\
\xe6\x90\x8c\x41\xfa\xb1\xcb\x68\x9b\x0c\x16\xb6\x6e\x6c\x95\x49\
\x64\xe4\x05\xff\xbc\xe0\xdd\xe4\xbc\x91\x89\x82\xb3\xec\xa4\xa2\
\x59\xff\x84\x30\x46\x44\x65\x5c\xb9\x14\x56\xc4\xe4\x30\x98\x99\
\xad\x6f\x58\xfb\x16\xbe\x05\x1b\x66\xd6\x02\x80\x04\xac\x95\xe4\
\xa0\xa0\x37\xe6\xad\xb3\xf2\xe2\x21\xd7\x5d\xe7\x67\x91\xc5\x17\
\x05\xbc\xa1\x34\xd9\x96\x32\xd8\x79\xd6\x93\x47\xff\xac\x13\xcb\
\x6e\x8a\xc9\xa8\x02\xc8\x1a\xf6\x10\x71\xeb\x95\xa0\x86\x3f\x30\
\x83\xb6\xe5\x81\xa4\x72\x69\x3f\xe0\x68\xbc\x6e\xa8\xf4\x86\x43\
\x0e\x05\x2b\x22\x06\xe4\xab\x21\x15\xac\x60\x7b\x47\xba\x04\x62\
\xe3\xf9\xd1\x40\x3b\x91\x59\x40\x80\x0d\xd6\x1d\xfa\x97\xe3\xbb\
\x18\x4c\xa3\xda\x46\x99\x89\x17\x4f\x74\xb4\xc6\xc1\x06\x06\x4c\
\x4c\x02\x02\x50\x76\x63\xcb\xe2\x25\x7e\x4b\x3a\xb8\x81\x99\x65\
\x68\xb3\x15\x37\x00\x66\xed\x15\xfc\x97\x4a\x9f\x34\xfd\x61\x30\
\x05\x1a\x8b\x49\x43\xe9\x60\xd1\xaa\x42\x8f\xc6\x56\xca\x92\x07\
\xe3\x73\x67\xdf\x32\x91\x9e\x25\x29\x58\x94\x56\x36\xd6\x3c\xbe\
\x3a\x00\xad\x5b\x3e\xf7\xcf\xd0\xc6\x6e\x08\xc0\x71\x46\x91\x2c\
\x6f\x36\x04\x21\x02\x6f\xbb\x3d\x78\x59\x90\xd3\xab\x59\x79\x7b\
\xbb\xb7\xa6\x5d\x92\x92\x20\x88\x92\x2d\xd8\x88\xaa\x39\x6e\xda\
\xf0\xcc\x01\x09\x24\xec\x76\x4a\x5f\x7d\x8c\xaf\x7b\x4a\xa4\xc0\
\x62\xf4\x13\x5f\xb9\x2f\xb1\x60\xd8\x11\x3e\xad\x3d\xaa\xd3\x5f\
\x7a\x7d\xd1\xac\x7f\x5d\x9b\xbc\x71\x20\x55\x88\x1d\x27\x6c\x95\
\xc3\xc6\x08\xb0\x65\x41\x44\x44\xcc\x0c\xb2\x2e\x39\x32\xaf\x57\
\xfe\x76\xdc\x9c\xe4\xb3\xa9\xa6\x56\x95\xfd\x9c\x96\xfe\x1f\xd7\
\xb3\xb7\xb4\x8d\x32\x29\xb0\xe8\xb7\xeb\xc2\x4b\xf3\x76\xf5\x4b\
\xae\xa8\xb8\xd9\x96\x4c\x54\x36\x36\xcf\x1c\x79\x77\x73\x65\x9b\
\x70\xeb\x4b\xf5\x8c\x1c\x94\x4e\x7a\x0c\x7f\xb1\x43\x12\x04\xb0\
\x66\x0d\x82\xda\x27\x73\xcc\xc4\xba\x20\x49\x6e\x5b\x4b\x97\x42\
\x4a\x2c\xce\xb6\xf0\x3d\xa9\x54\x54\x91\x7b\xb8\xcf\x5e\x20\x14\
\x4c\x8a\x99\xcd\x3b\x44\x64\xb3\x03\x16\x3b\x04\xc0\x99\xdf\x30\
\x34\xcc\x75\xfb\x7a\xb6\x68\x01\x82\x82\x64\x66\xef\x79\x22\x70\
\xc3\xde\x05\x09\x00\xd2\x71\x1b\x39\x40\x9c\x58\x80\x00\x61\xda\
\x0f\xfa\x4b\x7d\xf1\xa3\xde\xaa\xc0\x29\x38\xd0\xdc\xbb\x69\xc8\
\xcc\xdd\xa6\x1f\x7d\xcf\x88\x5b\x8e\x7b\x78\x68\xe6\x98\x87\xfb\
\x81\x82\x4b\x65\x8b\x75\xee\x8f\xec\x96\x93\xd9\x84\x4d\x64\x12\
\x52\x48\x77\x0f\x03\x0d\x86\x25\x45\x0a\xc2\xf2\x6b\x27\x3c\x78\
\x75\x29\x55\xe6\x50\x7c\x9e\x1f\x9b\x40\x54\x96\x7c\x22\x62\xa5\
\xdc\x1e\xd6\x98\xcd\xaf\x5a\x08\x61\xb6\x85\x08\xb4\x19\xe0\xc9\
\x24\x58\x9e\x37\xeb\xbc\xe5\xec\x16\x67\x86\x64\x88\x40\x64\x2c\
\x1b\x1b\x92\x75\xae\x2d\x75\x4b\x07\x6f\x4a\x62\xa7\x83\x63\x15\
\x8f\x79\x30\x70\xd6\xfc\x63\x5a\x47\x2f\x1c\x75\xf1\xea\x11\xd3\
\x07\x51\x6c\xd5\x41\x79\xf1\xf6\x89\x45\x67\xc5\x39\x79\xb9\x7c\
\x8c\x75\x36\xfc\xca\x91\x0e\x38\x60\x8e\x58\x97\xc2\xb2\xa3\xb8\
\xec\xe5\xe8\xde\xf9\xab\x18\x2c\xbe\x08\xa5\xff\xc7\x8d\xd8\x46\
\x66\x7f\x50\x80\xd3\xf1\x43\x36\x05\x62\x10\x31\x8c\x75\x55\x1c\
\x64\x1a\xbe\x05\x00\x8b\x3f\xb4\x2f\xfe\xf0\x68\x2c\xef\x57\x30\
\xf4\xdc\xf2\xa2\x28\x69\xd6\x00\xc9\xde\x5e\x7b\xb7\x3d\xb6\xbc\
\x79\xb7\xf6\xf0\x0f\x44\x0b\xa5\x91\xb6\xf9\x07\x9b\x7f\x1f\x95\
\xbd\x76\xf5\x6c\xc9\x30\x48\x90\x35\x64\x65\xa9\xf5\x3d\x45\x60\
\xe2\x10\xf7\xfc\x79\xc8\x8d\x89\xb2\x3c\x95\xf0\x4c\x9e\xfe\x7f\
\x7b\x5f\x1e\x26\x55\x75\xa6\xff\x7e\xe7\x9c\x7b\x6b\xed\xa6\xd9\
\x17\x05\x04\x77\xd1\x44\x65\x13\x51\x9b\x76\x17\x97\x68\x62\x95\
\x6c\x82\x26\x51\xb2\x3b\xf9\x65\x32\x59\x66\x29\x2a\x33\x59\x27\
\x99\x89\x31\x63\x06\x37\x54\x04\xa4\xca\x18\xe3\xae\x11\xa1\x11\
\x65\x77\x8b\xa8\x51\x56\x95\x45\xb6\x6e\xba\x6b\xbd\xf7\x9c\xf3\
\xfd\xfe\xb8\x55\xd8\x31\xd1\x01\x6c\x14\xb0\x5e\x1f\x9e\xfe\xc3\
\xe7\x81\xae\x5b\xf7\x7c\xe7\x5b\xde\xef\x7d\x85\xd4\x8f\x01\x40\
\x5f\x77\x40\xf0\x39\x8c\xe8\x13\xac\x9e\x10\x4b\x92\x80\x35\xdb\
\x86\x0d\x9f\xfa\x37\xcb\x67\x95\x03\xcd\x69\x90\x9d\x35\xec\x91\
\x2f\x64\x87\x2f\x9b\x17\xe5\x23\x5f\x75\xda\x0f\x7f\x0e\x3b\xba\
\x2d\x45\x6b\xf7\x57\xb3\x23\x56\x2e\xce\x8c\x5a\x78\x6d\x90\x0d\
\x07\x7a\x03\x1f\x54\x29\x03\xc4\xe7\xde\x72\x6e\x9c\xac\xea\x6f\
\xac\xdd\xdd\x43\xf3\xb9\xb8\x2a\x10\xbf\x59\x20\x0e\xd4\x77\x25\
\xb8\x04\x82\xc6\xe6\x9d\xa3\x67\x0f\x99\x3b\x7c\xfe\x83\x2e\x37\
\x5c\x58\xb4\x25\x03\x86\x04\xc0\x96\x79\x1f\x32\x00\x00\xab\x4e\
\xa8\xac\x06\x84\x77\xde\x98\xd7\xdb\xcb\x82\x84\x00\x58\x94\x6d\
\xc1\xd4\x85\xfa\x5e\x71\xe7\xc8\xdf\x5f\x96\xcc\x92\x49\x35\xa6\
\x14\xf6\xa3\xb5\x74\x06\x2c\x6f\xb8\xe9\xa6\xf2\xb8\xe6\x4b\x5f\
\x99\xb0\xf8\xa2\x47\x92\x8b\x9a\x66\x5e\xb5\xf8\x9c\x39\xe4\x85\
\x2e\x22\x52\x02\xc4\x0c\x48\xb0\x2e\x11\xb0\xfd\xdb\xc9\x6c\xb2\
\x98\x4d\x64\x0f\x9a\xb9\xed\x07\x36\x47\xc1\xe2\xca\x85\xe7\x3f\
\x56\xb4\x3b\x17\x87\x29\x2c\x2a\x3b\xfe\x20\x13\x3a\x6f\xfa\xd0\
\x99\x7d\xd3\x69\xda\x63\x6e\x40\x35\xcd\x95\xa2\xf8\x82\x36\x05\
\x10\x93\x00\x43\x87\xdd\x3a\xc1\xd1\xd0\xf1\x95\xb2\x4f\xec\xb1\
\xc2\x12\xd2\x36\x09\x32\x73\x4f\x7f\xea\x27\x51\xea\xf7\x8d\x92\
\x2d\x19\x62\x26\x05\x47\xb5\x97\xb7\xbd\xcb\xdd\xb6\xdc\x9e\x6e\
\x6e\xd2\xc9\x57\x4f\xf4\xee\x3a\xe5\xa9\x9f\xd4\x47\xfb\x5e\x54\
\xe2\x82\x21\x06\x39\x22\x24\xf2\x68\x79\x4b\x1c\xfe\xc6\x63\x00\
\xb0\xaa\xe7\xb6\xa0\xab\xef\x73\x5d\x90\x88\x70\x65\xf9\xcc\xdf\
\x15\x2c\x9f\xfd\x55\xaf\x89\x82\x51\x60\xa3\x9a\x35\xf4\x89\xe9\
\xf5\xea\xe8\xfb\xc2\x4e\x8f\xb3\x1d\x27\x1e\x27\x0a\xb1\x14\x21\
\x90\x08\xc7\x42\xb2\xcb\x69\x31\x3a\xec\x8e\xcc\x29\xcf\x3e\x39\
\xf3\xcc\xdf\xf7\xfd\x90\x20\x40\x00\x50\xd7\xde\x67\xa0\x20\xd5\
\xc3\xb0\xe6\xa0\x8f\xa1\xe1\x86\xf1\xea\x81\xbc\xf1\x57\x5d\xa7\
\x4e\x25\xae\x74\x67\x9e\xf2\xe0\x3f\x47\xcb\x47\x2e\x8d\xc9\x81\
\x97\x5a\x29\xc0\xb0\x02\x80\x91\x70\x48\x70\x50\xd7\x4c\xfb\x80\
\x00\x2f\x3e\x78\xcc\x43\x36\x93\xc8\x88\x89\xcd\x57\xbe\xee\xdb\
\xd6\xff\x0d\x73\x44\x32\x84\xb5\xb0\x20\xe1\x72\x94\x0f\xff\xdf\
\xe9\x17\xcc\xec\x9b\x6e\x4e\xeb\x7d\xa1\xab\xee\x69\x20\xd8\xad\
\x9d\x0f\x16\x37\x5e\x18\x50\x36\xef\x3e\xe5\xd1\xef\xd5\xab\x7e\
\x43\xcb\xd6\xd3\x0c\x70\x84\x22\xb2\x5d\x6f\xcd\x4e\x78\xe1\x0b\
\x8f\x1f\xa8\x4a\x2d\x7b\x8d\xe0\x40\xb2\x8a\xd8\xe9\x41\x75\x4d\
\x64\xac\xd1\x51\xd5\x50\x1f\x51\x3d\x2e\xd8\x9b\xee\x7d\xb5\x67\
\x20\xe2\x3b\xde\x28\xe9\x5c\x91\x84\x94\x0c\xcb\x0e\xc2\x10\xa5\
\xc8\x49\x7b\x7a\xdb\x54\x69\xc2\x33\x2f\x98\xde\x37\x3b\xb2\x39\
\x13\xd1\x03\x7e\x50\xb6\x7e\x20\x91\x4d\xc2\x2a\x48\x18\x55\x7a\
\x21\x9c\xab\x3f\x62\xe6\xa8\x87\xc7\xcf\x1a\xda\xfc\x58\xbd\x7b\
\xf8\x0f\xca\xec\x19\xcb\x46\xb0\x10\x56\x59\x22\x16\xb9\x5f\x24\
\xb3\xdf\xc8\x75\x6c\xd2\x0a\xe5\x44\xab\xce\x86\x0c\x86\x70\x55\
\xfe\xef\x64\x1e\x34\x2d\x35\x8d\x8e\x79\x24\x3d\xbb\x7b\xe8\x84\
\xeb\x4b\x30\x7e\xd1\xe4\xb5\x61\xa3\xc1\x6c\x18\x6c\x48\x58\xbf\
\x64\x8a\xba\xc8\x25\xaf\x2e\xdc\xff\x3c\x55\xe8\xfd\xd0\xdd\x9f\
\xb9\x3b\x36\x0d\xd3\xe8\xfd\x41\xa0\x1a\xf4\x0c\x3b\xc7\x84\x64\
\x54\x72\x20\x46\x2e\x7c\x94\x41\x52\xae\x39\x10\x27\x00\x99\x44\
\x46\x06\x0c\xd3\xa4\xb9\xfb\xcc\x39\xa7\x1f\xb7\xf6\x5b\xcf\x76\
\x71\x8f\xfb\x0f\xe9\xd4\xc7\x0a\x1c\x48\xc3\x31\xc3\x38\x14\x71\
\xcb\xb6\x85\x59\x95\x7f\x0b\x00\xbb\x65\xee\xf6\x34\x00\x54\xf7\
\xb4\x53\x48\x09\xb7\xcb\xda\x54\x5b\x79\xcb\x3a\x57\x84\xa4\x65\
\x26\xcf\x94\x4d\x54\xf5\xec\x5b\xd7\xd2\x6f\x46\x2a\x05\x31\x04\
\x43\x88\x3b\x61\x2c\xf8\xa1\x69\x71\x6a\x1a\xbe\xf5\xf8\x45\xde\
\x1f\x2e\xff\x6d\xb7\xb0\xd3\xe5\x1f\xca\xd0\x96\xd8\x92\x20\x87\
\x0a\x7e\x4b\x11\xe1\xdc\x0f\x01\xa6\xbd\x49\x8d\x0f\x68\x54\xc6\
\xb1\x5a\x6c\x6a\x2e\xe9\xb6\xa2\x10\x52\x01\xd6\x2a\xe9\xb2\x63\
\xc3\x4d\x7b\xe3\xfb\x97\x46\x9a\x01\x60\xd5\xe8\xb5\x9b\x0c\x79\
\x1b\x1c\xb8\x81\x76\x34\x09\x90\x71\x4f\xe8\xb8\xaa\xfd\x77\x6f\
\x1b\x04\x41\x95\x88\x78\xe6\xe8\x87\xa6\x84\x76\x9c\xba\x2c\x4c\
\x03\x13\x25\xf8\x06\x64\x24\x05\x59\xb9\x2c\x73\x89\x1d\xd4\x5f\
\x80\xf2\x61\x2f\x75\xa1\xa3\x66\x37\x84\x06\x5c\xa8\x61\x2c\xb3\
\x15\x42\x48\x3f\x26\xe2\xce\xae\xd2\xa6\x67\xde\x74\x7f\x32\x3d\
\x05\x16\x55\x21\x94\x4c\x26\x21\x95\x74\xbb\x59\x6b\x83\xe5\x60\
\x10\xa0\xf4\x16\x00\x40\x36\xb1\x5b\xc6\x2b\x8d\xb4\x1d\xf2\xc8\
\x19\x5f\xee\xee\x0c\x4a\xb4\xdb\x36\x8f\xd9\x57\x00\x44\x88\xc2\
\x2a\x4c\x11\x15\xa1\xb0\x0a\x8b\xa8\x23\x20\x04\x1b\xeb\xe6\xb9\
\xdd\x6b\x88\x1c\x3e\x54\xc8\x3e\xa9\x34\xd2\x7f\xa3\x44\x34\xa6\
\xfa\x19\xb5\x18\xa2\x28\x02\x10\x2c\x91\x94\x9e\xc9\x17\x4c\xec\
\xdd\x0d\x41\x26\x7c\x60\x4c\x00\x3a\x7e\x0f\x37\x5e\xf8\xcd\xfa\
\x3b\x47\x3c\xfc\xcb\x48\xf9\xe8\xe6\x58\xe8\xb0\x61\x25\xf2\xb5\
\xb5\x5e\x30\xf6\x17\x4a\xc4\x44\x4c\x95\x79\xcb\x4b\xed\xf1\x37\
\xcf\x1d\xbf\xe4\xbc\xd9\x1f\x66\x4e\x22\xfe\xaf\x83\x37\x24\x31\
\x84\x92\x4f\x4d\xdd\xc5\xd1\xdc\xd7\xc0\x3e\x49\xe1\x5a\x10\xcb\
\x82\xc9\xeb\x2e\x72\xe0\x05\x47\x3f\xf6\xd4\x4d\x49\x24\xcd\x82\
\xc6\x05\x72\x7f\x06\x81\x21\xaf\x0e\x21\x02\xb1\xb7\xe9\xb8\x6f\
\xc7\x9c\xbe\x7d\x7c\x2e\x5b\x06\x21\x22\xc3\xb2\x8c\x1d\xb7\x4e\
\x5e\xf2\xb9\xd5\x99\x04\x3a\x5d\x51\xf8\x93\x26\x0b\xb5\x1d\xdb\
\xb6\xd1\x8a\xf2\x3a\x45\x0e\x18\x20\x0d\x4d\xc2\x86\x4f\x4a\xa5\
\x20\x02\xa1\xcf\x3d\x7a\xe6\x9c\x41\x46\xa6\xd3\x69\x4d\x6c\x5e\
\xab\xba\x1d\xf9\xec\x43\x48\xf7\xb8\x4c\x22\xe5\x56\x3d\x09\xfe\
\xc6\x34\xb5\x32\x4b\xbf\x7b\x54\xf6\xf4\x7b\x4f\x5d\x30\xaf\x5e\
\x1f\x75\xa7\x54\x5d\x0e\x2f\x70\xbb\x66\x18\xc1\x4c\x06\x4c\xa6\
\x5a\x6c\x0a\xe1\x02\x32\xc2\x65\x63\x74\x41\xe7\x35\x60\x19\xa4\
\x74\x94\xe2\x6e\x5b\xf1\xed\xf5\xed\xe1\x4d\x93\xd3\xcd\x0b\x4c\
\x95\x10\x0e\x00\x5b\xa7\x9d\x10\x61\x50\x77\x53\x59\x1f\x20\x00\
\x7e\xb1\xb8\x6d\x37\x09\x07\xa0\x64\x16\x76\x46\xe3\x8c\xb0\xe5\
\xf8\x77\xca\xac\x2d\xac\x91\x80\xe0\x10\x85\x44\xd1\x6e\x5b\x9a\
\xe3\x75\x5f\xce\x8b\x4d\x93\x72\x7a\xcb\x5c\xc9\x46\x04\xfa\xa8\
\x46\x15\xb9\x64\x25\xd5\x7f\x65\xc6\xf0\x4c\x9f\x6a\xa3\xf9\xfd\
\xf2\x77\xae\x8c\x9c\xc8\xc4\x20\x66\x96\xa4\xc0\x6c\x37\xbe\x5e\
\x7f\xff\x26\x00\x98\x96\xfe\xe4\x27\x00\xbb\x6f\x7d\x24\xcd\x1d\
\xa7\xdd\x77\x69\xf7\xed\x57\x2d\xed\xae\x8e\xfb\x0e\x64\x54\x96\
\x6c\xde\x00\x46\x30\x49\x13\x12\x51\xc9\xa6\x54\x68\xd3\xeb\xd2\
\xef\xf4\xbf\x71\xd4\xe4\x3f\x7d\xe1\xe9\x54\xea\xc3\x9b\x98\x62\
\x4f\xd2\xf0\x4c\x22\x23\x27\x2c\x3a\xef\xf1\xbc\xdd\xf4\xcb\x3a\
\x19\x53\x20\xd2\x04\x96\x05\x2e\xfb\x5d\xe4\x80\xaf\xdd\x3d\xe2\
\x89\x1f\x34\x35\x37\xe9\x69\x8d\x90\x7b\xb3\xc1\xb7\x37\xd1\x2f\
\x99\x4d\xda\xcc\x69\x99\x6e\xb0\x75\x53\xcb\xec\x59\xc0\x92\x94\
\x8e\xc8\x7b\xef\xb6\x16\xb0\xee\x67\x0c\xa6\x55\xd9\x69\x87\xc6\
\xed\xdf\xa1\x7b\x3f\xf5\x96\xa9\xbe\x95\xfe\x4b\x0a\xce\xee\xee\
\xbd\x25\xea\x77\xcc\xbc\x9b\xbb\x54\x45\xd5\xf6\xa6\x11\x68\x50\
\x5e\x45\x15\x0b\x71\x9f\x7d\x26\x76\x06\x96\xb6\x9e\x3a\xa0\x92\
\x14\x53\xc7\x74\x3f\x99\x25\xf3\xfb\x2b\xee\xee\x95\x19\xf6\xf4\
\x4d\x11\x6f\xf0\xc2\x98\x7b\xf8\xd9\x65\xb6\xda\xd8\x92\x25\x66\
\x12\xa4\x28\x42\x61\x15\x62\x47\xb9\x22\x2c\x08\xc4\x6c\x61\x08\
\xd0\x95\xb6\xa2\x50\xe4\xca\x28\x22\x4e\xa1\xbc\x71\xf9\x2e\xb1\
\xea\xdc\xaf\x2e\x1d\xbf\x3e\x55\x69\x20\xee\x7e\x09\xbb\x85\x1d\
\x66\x0a\x55\x59\x02\x0c\x0b\x36\xa6\xd8\xe1\x00\x54\xbc\x1b\xfa\
\x9e\xaa\x54\xf4\x18\x0f\x45\x30\x11\x47\x44\x5c\x14\xed\xf6\x87\
\x77\x7d\xe9\xce\x33\xc7\x2f\x3b\xf7\xf6\x71\xcf\x35\xce\x1a\xb7\
\xec\xf4\x71\x25\xbb\x25\xe5\x0a\x49\x20\x62\x63\xb4\xa9\x73\x7a\
\xd4\x85\xd1\xed\xc2\xa0\xa9\x57\x2d\x9b\x08\x49\x24\x2c\x73\x4a\
\x08\x72\x8f\x34\x1c\x04\x1f\x45\x0a\x96\xf4\xea\x74\x36\xeb\xf1\
\x27\x3c\x01\xe0\xca\x4a\x78\x32\x9b\x34\x37\x9d\x7b\x53\xbf\xd9\
\xc3\xe7\xdd\xd6\x15\xc7\x3e\x58\x1f\xea\x7d\x5c\xd1\x16\xb5\xb5\
\x1e\xc0\xc4\x8a\x5c\x11\x15\x61\x95\x37\x9b\xe6\x6b\xbc\x71\xfa\
\xf8\xe5\xe7\x4c\xfb\x4e\x36\x5b\xcc\x24\x32\xf2\xff\xba\x10\xf7\
\xa8\x86\x4c\x64\x83\x91\x9f\x33\x60\xfa\xf7\x5b\xf5\xba\x05\x51\
\x11\x77\x98\x48\x33\x6b\x55\x66\xad\xeb\x45\xff\x9f\xdc\x33\xe2\
\xa9\x7f\x4a\x37\x93\x4e\xed\x66\x61\x75\x1e\xa6\x35\x2e\x90\x00\
\xd8\xf7\x1a\xae\x8e\x3b\x3d\x7b\x18\xab\x0d\x43\x70\x08\x2e\x19\
\x9b\xbf\x71\xea\xca\xa9\x9b\xb3\x89\xec\x3e\x9b\x95\x1e\xa8\xa8\
\x1e\x5a\x68\x7f\xb5\xa4\x40\xad\xd2\xb2\x66\x12\xb2\x07\xa1\x67\
\xff\x4a\x61\xbc\x47\xcf\x7a\x41\xe5\xa7\x41\x69\x95\xb1\xc5\x60\
\xbf\x85\xad\x75\x45\x34\x8c\xb2\x3c\x2a\xc8\xb6\x87\x28\xae\x8e\
\xd7\x98\x30\xf7\xf4\xf9\xd7\x99\xb7\x8e\x5f\x19\x95\x47\x7c\x83\
\x54\x84\x4a\xb6\xa8\x19\x46\x00\xc2\x86\x65\x5c\x92\xf1\xfd\xbc\
\xbf\xe9\xc7\xed\xd8\xf2\x0f\x65\xdd\xfa\xa6\x80\x15\x61\x11\x52\
\x31\x44\x9c\x10\x5c\x25\x8c\x15\x9e\x6e\x7d\x67\x97\x5d\xf7\xbd\
\x4d\xbd\xe6\x9e\x39\x75\xe5\xd4\x35\x1d\x69\xc7\xd3\x2a\xbf\x7b\
\x9f\xba\xcf\xf4\x14\x4a\xc4\xad\x35\x00\x11\x2c\x69\x84\xeb\xa2\
\x2d\xd5\xdf\xbb\xaa\x26\x6d\x3d\xe7\xa8\x90\x8c\x82\x01\x4b\x44\
\xc2\xb3\xed\xc6\x8b\x6e\xfd\x8f\xa9\x53\x6f\xf1\x33\x27\xbc\xe2\
\x4e\x1f\xba\xc2\x49\x81\xc5\xeb\x17\x3f\xfb\x93\xa2\xd9\xb5\x41\
\x91\x2b\x01\x66\x21\x15\x33\xc4\x90\xbf\xbe\x54\x02\x6a\xec\xdd\
\x57\xf4\xe8\x6a\x99\x06\x6a\x36\x15\x6b\x05\x06\x84\x5e\xb5\x37\
\x8d\xd1\xfd\x71\xe1\xa5\x1a\xe7\x2b\x4a\x93\x25\x22\xbe\x7b\xe4\
\xc3\xd7\xf7\xdc\x35\x72\x45\xbd\x33\xf8\x4b\x96\xa4\xf1\x4c\xd1\
\x30\x1b\x21\xc8\x31\x51\x19\x57\x46\xb7\xed\x6c\xf5\xdf\xbc\x61\
\xfc\x92\x33\xcf\x19\xb7\x6c\xdc\x4b\x15\x0e\xc4\x1e\x09\x97\x8a\
\x3d\xad\xc1\x57\x65\x57\x71\x32\x9b\xb1\xe5\xba\x0d\x57\x15\xf8\
\xdd\xf5\x21\x11\x73\x08\xc2\x58\x36\x52\x13\x4c\x83\x1c\xf8\xf3\
\x7b\x47\xcc\xfb\xf5\xee\xa5\x8d\x4e\x6c\x0c\x4e\x6b\x1e\x63\x1e\
\xbd\xf0\x9b\x21\x62\xe7\xab\x9a\x03\xf3\x3e\x09\x29\xdb\xbd\xed\
\x2d\xbe\xdb\x7a\x73\x70\xfb\x1f\x3c\x6c\xad\x3d\xc5\xb6\x4a\x8d\
\x2f\x42\x66\x83\x66\x1f\xc4\x81\x5e\xbd\x43\xae\x14\xc6\x69\x00\
\x80\xec\xab\x59\xda\xc3\x67\x18\xcc\xb8\xbc\x5d\x7f\x29\xea\x76\
\x4b\x44\x82\x01\xeb\x8a\x28\x94\x0d\x9d\x52\xa9\x2f\x3d\x02\xd9\
\x99\xa3\xfe\x70\x4e\x66\xd8\xe2\x45\x31\xd3\xff\x16\xc7\xe9\x72\
\x78\x81\x0b\xda\xb2\x26\x66\x82\x03\x57\x84\xe1\xa8\xbc\xb7\x69\
\x51\x51\x6c\x3c\x6b\xdc\xf3\x8d\xff\x32\x71\xc5\x98\x1b\xeb\x4e\
\x5f\x7c\x52\x89\xde\x3d\xb3\xe4\xbe\xf5\xa5\x76\xb9\xfa\xdb\x25\
\xf1\xce\xd4\x02\x6f\x6c\xf2\x7a\x2c\x19\x32\x61\xd9\xd9\xbf\xb8\
\xe1\xf1\x9b\xca\xef\xdf\x39\x18\x52\xf9\xdd\x73\xad\x6d\x3d\x44\
\x40\x04\x32\x82\x21\xb4\xf6\x50\x2e\x16\xd6\xbf\xbf\x37\x41\xc6\
\x52\x65\x57\x18\x04\x21\x3c\x5b\xf0\xc3\x4a\x6c\xce\x24\x32\x72\
\xd5\xab\x59\x1d\xa8\x06\x4f\x43\xfa\x47\x69\x2d\x88\x37\x09\x56\
\x81\xd5\x20\x83\x98\x02\x3d\x8b\x6d\xcd\xc1\x33\xad\xf6\x03\xc4\
\xce\x7e\x83\x25\x9c\xae\x86\x7d\x66\x86\x60\x6b\xc1\xca\x7b\xb5\
\x63\x8f\xe0\x93\x48\xf7\xd3\xcd\x4d\x7a\xd6\x69\xf7\x8f\x98\x33\
\x7c\x41\x73\x03\x1d\x35\x3d\xec\x34\xf4\x2d\xd8\x9c\x36\xd6\x17\
\x96\x89\x1d\x11\x16\x92\xad\x6a\xf3\xd7\xde\xdb\x42\x2f\x0e\x9b\
\xb4\xfc\xa2\xdf\x30\x31\x02\x7e\x04\x99\x7d\xf6\x05\xf8\x50\x35\
\x9f\xc4\x10\x99\xcc\x4e\xde\x7a\x77\xe3\xbd\x97\x52\x89\x9e\x74\
\x45\xf7\xbe\x9e\x2d\x68\x6b\x7d\x59\x00\xeb\xb8\x1a\x74\xc3\xac\
\xa1\x4f\x77\x9f\x16\x1f\x73\x6d\xba\xb9\x59\x77\x46\x47\xbe\xb2\
\xc8\x63\x66\xef\x7a\xe0\xdc\x98\xdb\xeb\xd8\x32\x4a\x06\x04\x84\
\x29\x44\x45\x6c\x9a\x39\x79\xf1\x17\xb6\x86\x13\x2c\xd3\xd9\xb4\
\xc1\x21\x87\x80\x6e\x69\x0a\x85\x35\xbe\x2a\x81\x82\xc5\x2c\xe3\
\xc8\xa8\x28\x21\x7e\x0c\x80\x85\xbb\xb7\x37\xf7\x8c\x20\x0e\xd1\
\xaf\x75\x0d\x6f\xd7\xdb\x24\xa9\xde\x3e\x97\x4d\xb0\x35\x22\x3f\
\x93\x44\xd2\xcc\x1e\xf5\xe8\x29\xe4\xc7\xbe\x2b\xca\x75\xe3\x23\
\xa1\x06\x14\x6c\x49\x93\xd5\x04\x22\x48\xb8\x14\x26\x57\xe5\x4b\
\xdb\x37\x14\xd5\xae\x9f\x4c\x7c\xfe\xbc\x5b\xc0\xef\x31\xee\xc6\
\xde\x44\x65\x00\x8b\x2a\x7f\xde\x57\xca\xb0\x4c\x00\x96\x3e\x40\
\x8b\xc1\x16\x54\x9c\x42\x0a\x56\x30\x33\x20\x98\x7d\x58\x93\xcb\
\xbd\xa7\x25\x59\x69\x76\x5a\x9b\x87\xb0\x15\xcb\x66\x6b\x22\x32\
\x1e\x2a\x78\x3b\x86\x4e\xc8\x26\xdf\x9a\x3e\x74\x85\xb3\x02\x97\
\xca\x61\x2b\x87\xf9\xb7\x5f\x70\x7b\x4f\xde\xe9\x1c\xe3\x0b\xbf\
\x62\xee\xc1\x6c\xca\xa5\x6d\x1d\x17\x7b\xaa\x59\x85\xa3\x23\xc7\
\x84\x65\x1d\x95\xe0\x6b\x62\x88\x32\x17\x00\x51\x7a\xfd\xe3\x9e\
\x00\x04\x3e\x0d\x10\xc9\x2c\x99\xdb\x2e\xfb\x6e\x9d\xbb\xa5\xe9\
\xbb\xa4\xbb\x7f\x2f\x16\xea\xe9\x96\xb8\xe8\xc3\xf8\x12\xc4\x04\
\xa9\x10\xb1\x21\x55\x2c\x6f\x5b\xeb\x89\x6d\x3f\x9c\xb4\xe2\xb2\
\xb9\xd5\xf1\x2c\x35\x93\xde\x5b\x29\x3d\xb5\xb7\x63\xb9\xca\xa1\
\x7e\xe5\x8e\xa1\x99\x0b\x1a\x5c\xf5\x68\x58\x76\x3d\xbc\x68\xf2\
\x1a\xd0\xb2\x68\x8b\x7e\x83\x3b\x68\xd2\x89\xde\x7f\xf4\xf9\xf5\
\xc8\x85\x93\x92\xd9\xe4\xbb\xf3\x3b\x41\x7c\x13\x00\xa4\xe9\x36\
\x5e\xca\x18\x13\xb7\x59\x40\xaa\xf6\xf2\x4e\x4f\x84\x5a\x7e\xd7\
\x29\x2a\x45\x07\x28\x12\x95\x0e\xb4\xea\x21\xb6\xf9\x3b\xcb\xbe\
\x90\x11\x07\x60\x2b\x21\x41\x9e\xdf\x73\x6f\x27\x29\x0c\x26\x3c\
\x46\xed\x73\x47\x2c\x5c\xa3\x48\xf5\xf6\x6d\x99\x34\xfb\x10\x14\
\xfb\x6c\xf6\xf4\x45\xbf\x84\x17\xff\x56\xd8\xa9\x77\x8a\xb6\xc0\
\x25\x93\xb7\x4c\x56\x2a\x72\x28\x2a\xe2\x68\xf5\x36\xef\x34\xa2\
\xf8\x5f\xbb\x7a\xbd\xf9\xbb\xeb\x9e\xbc\x6e\x67\xc5\xcf\x49\x50\
\x07\xc6\x5d\x36\x91\x15\xab\xb6\xf6\xa4\x31\x95\xd4\x7d\x48\xaf\
\x6d\x9c\xc8\x26\x2c\x7d\x80\x49\x47\xf5\x10\x86\xea\x63\xfd\x1d\
\x1d\x82\x61\x8f\x89\x49\x18\xf6\x4b\xb2\x8f\xb3\x0b\x2f\x55\x08\
\x4f\xe9\xa0\x61\x48\x6a\xe7\x0b\xf9\x62\x43\x59\x85\xeb\x5d\x66\
\xdf\xb2\x08\x03\x85\xae\xff\x79\xeb\xc8\xec\x9a\xeb\x96\x0e\x0b\
\x64\xd6\x2f\xbc\xb1\xa7\xdd\x76\xe4\x1d\x61\xa7\xa1\x7b\x99\x0b\
\x06\x10\xd2\xa2\x4c\x11\xb7\xb4\xb8\xe3\xa1\x1e\x53\x31\xc0\x31\
\x65\x3a\x5a\x85\x5c\x90\xf1\xad\x24\xa9\x4a\x5e\xfb\x0e\xcf\x7d\
\x6b\xdd\xc7\xb9\x03\x50\xbd\xe4\x00\x98\x99\xa3\xff\x30\xc6\xd9\
\xd2\xeb\xb7\x71\xa7\xcf\x90\xa2\x2d\x71\x49\xe7\x0c\x00\x49\x10\
\xd6\x15\x11\x55\x32\xad\xb6\xcd\x6c\xfc\x2d\xa2\x2b\x53\x93\x16\
\xfd\xa0\x25\x83\x8c\x5c\x85\x55\xbc\xaf\x5a\x17\x6a\x5f\x66\xf3\
\x95\x43\xfd\xe7\xbb\xc6\xde\x7f\x7e\x64\xa7\xfe\x63\x84\x7a\x1c\
\x5d\xb4\x05\xcd\x30\x4e\xde\xe6\x74\xd4\xe9\x7f\x6e\x1f\x73\x66\
\xf3\xf4\xd3\xee\x9d\xd0\xd4\xdc\xf4\xfc\xbe\x06\x01\x06\x13\x05\
\x7b\x02\x5d\xec\x06\xf7\x6c\x8f\x3d\x62\x10\x22\x88\x50\xce\xee\
\x9c\x3f\xf1\xef\x58\x4d\x1d\x52\x48\x4f\x63\x20\x8d\xc2\x86\xb7\
\xb6\x38\x91\x5e\xed\x11\x15\xef\xa6\xd9\x04\x1e\x98\x6e\xf4\xe8\
\x8e\x9d\xec\x3d\xcb\x27\xb2\x22\x49\x30\xb3\x46\xe8\x37\x24\xc4\
\xe9\x00\xa1\x64\x4b\xec\xca\xd8\xf1\x0e\x22\xc7\x17\x64\x09\x45\
\x93\xd7\x4c\x2c\x41\x10\x0a\x8a\xd9\xea\x1d\xad\xde\x86\x19\xc5\
\xfa\x77\x6e\xbe\xb6\x79\xfc\xfa\x8e\xae\x38\x1d\x6f\xf4\xaa\x54\
\x3a\x2a\x07\x6b\x4f\xb0\xdb\x85\xca\xa7\xde\x52\x38\x80\x2d\xb1\
\x24\x17\xda\xea\x5d\x42\xf9\x5b\x83\x2e\x3c\x98\x90\x66\x06\x0b\
\x7a\x8e\xd6\xcc\x3a\x79\xc1\x53\x75\xe8\x7d\x71\x1e\x3e\xfb\x5c\
\xe6\xa8\xdb\xed\x48\x55\xa6\xe7\xee\x3d\x75\xfe\x3c\xdf\x98\x5d\
\x76\x6b\x74\x4c\x44\xf5\xec\xef\xa1\x68\x19\x96\x5c\x11\x41\x5e\
\x6f\xdf\x1c\x76\xb6\x35\x77\x34\xb5\xa9\x3e\x37\xa2\xc8\x09\x16\
\x0c\x26\x0b\x49\x61\x30\xcc\xbb\xeb\x91\xdd\x1e\x7c\x8e\xe0\xf9\
\xef\x2f\xec\xb6\x27\xcb\x92\x99\x79\xc1\x7f\xf5\xc5\xf6\x13\xa7\
\x85\xbc\x9e\xd7\x39\x4e\x3d\x15\x6d\xc1\x67\x66\xc9\x44\x2c\xa1\
\x64\x18\x8e\xc8\x79\xef\xae\x30\xe1\x1d\xff\x38\x71\xe9\x65\xcd\
\x9d\xe5\x4e\xb4\x4f\x75\x7a\x20\x3c\x99\x91\x53\x1e\xfd\xfc\x6b\
\xf9\xd0\xf2\xb3\x8a\x66\xf3\xa2\xb8\xac\x57\x80\xd0\x20\x96\x79\
\xd3\xa6\x23\xaa\xdf\xb1\x5d\xf5\xd1\xf3\x67\x0c\x7d\xfc\xf2\xa6\
\xe6\x26\x5d\x55\x60\xd9\xab\x04\xb8\x52\xa7\xf9\x9b\xa3\xc3\x43\
\xa2\xae\xaf\x86\x67\xc1\x44\x0c\x03\xab\x8a\x73\x01\x26\x1c\xc0\
\x54\xcd\xce\xc2\xda\xde\x2b\xf2\x0c\xbf\x8d\x20\x00\x66\xb6\x0c\
\x48\xdf\xe9\xb5\xb7\x7f\xcf\xaa\x4a\x53\xd1\x9a\xf2\x9f\x99\x35\
\xa8\xf2\x02\x58\x86\x2d\x9b\x82\x27\x60\x7d\x80\xa5\x00\x81\x58\
\x58\x41\x82\x0c\x95\x77\x68\xb1\xf3\x8f\xd5\xc3\xbf\x3f\x46\xbd\
\x64\x11\x25\x7a\xcf\xdd\x1a\x82\xbd\x1c\xbd\x51\xfe\x3b\x4a\x55\
\x04\xd1\x92\x2a\xfa\x3b\x8c\x12\x21\x01\x03\xeb\x1b\xcf\x48\xa7\
\x3e\x16\x0f\x1d\x71\x59\xb7\xe8\x51\x57\xbb\x6e\xf7\xfe\x9e\x28\
\x19\x66\x43\x04\xc7\x77\x59\x09\x2d\xdb\xff\xf3\xf2\xe7\xbe\xdc\
\x5e\xad\xaf\x03\x3d\x8a\x84\x65\x66\x22\x56\x47\x58\x61\xab\x7b\
\x0c\x80\xe0\x37\xd2\xcd\xcd\x3a\x90\x2c\xdf\x7f\x13\x80\x2a\xa3\
\x92\x40\x76\xe6\xf0\x3f\x4e\x09\xed\x1c\xb9\xbc\xab\x7b\xd4\xf5\
\x24\x1d\xf8\x26\x67\x61\xad\x04\x84\x8d\x88\x98\x32\xba\xad\xb0\
\xb3\xfc\xfa\xbf\xbe\x36\xe8\xd7\xa3\x27\x2e\xba\xac\xb9\x83\x9a\
\x91\xe9\x34\x09\xc1\x7d\xc9\x04\x32\x89\x8c\xbc\xb6\xf9\x1b\x5b\
\x70\xc6\xd2\xf3\xdb\xcc\xfa\x6c\x4c\xc4\x14\xb1\x34\x04\x16\x65\
\x93\x37\xe4\x44\xeb\xeb\xa8\xf7\x1f\xee\x19\xfa\xe4\x77\x92\x08\
\x16\x37\x02\x1b\xe5\xbd\xf3\x12\x64\x3f\x72\x9a\x43\x51\x10\xc1\
\x08\x12\xaa\x60\x76\x95\xd1\x50\x5e\x04\x10\x57\x09\x33\x87\x22\
\xaa\xcf\x2b\xdd\x7c\x57\x49\x08\x7a\x4b\x05\x8b\x3c\xb0\xcc\x20\
\xc5\x3d\x99\x99\x92\xd8\x73\x9b\xb6\x21\xbb\x37\xdf\xf2\x2f\x7b\
\xb6\x00\x21\x04\x01\x20\xcb\x56\x48\x72\xdc\x28\xc5\x1c\x09\x45\
\xcc\x30\x4c\x56\x78\xf0\x21\x45\xfc\xd8\x98\x38\x72\xd1\xdc\x53\
\x9e\x5b\x3c\x7b\xf8\x53\x57\x54\x59\x68\x55\x62\xca\x47\xf9\x7c\
\x0b\x2a\xb3\x09\x76\x65\x5f\x1b\x6c\xf3\x07\x25\xbb\xb4\xa5\xae\
\x93\x5f\xd5\x7f\xe7\x7d\x13\x13\x9f\xbf\x62\x65\x81\xdf\x9d\x2a\
\xb4\x27\x1c\x11\x56\x60\x62\x0b\xb3\x5b\x10\x54\xdb\xb2\x06\x0b\
\x4b\xe4\xa0\x8e\x62\xa1\x16\xbd\x26\xfb\xe6\xe2\xf3\x6e\x0c\xac\
\xe2\x92\xf6\xbd\x20\x46\x3c\xfb\x92\xd9\x0d\x42\xaa\x41\xbe\xf5\
\xc1\x95\xc5\x39\x86\x7e\x0d\x00\xa6\x2d\xd8\x3f\x17\x4b\x85\xbf\
\x8f\x74\x73\x93\xbe\xbb\xf1\xee\xa3\x66\x0d\x9b\x77\x7f\x9c\x8e\
\xba\x53\xaa\x1e\x87\xe5\x39\xa7\x39\x50\x97\xb7\x52\x84\x44\x18\
\x8e\xca\x15\x37\x3c\xb1\x53\xfc\xe5\xf4\xc9\x2f\x5c\xf2\x1f\xe9\
\x6c\xd6\xcb\x24\x02\x87\xe5\xce\x1a\x4f\x8a\xce\xd8\xe0\x4b\xfe\
\xf7\x77\x8a\xe3\x96\x35\x26\x77\xe9\x37\xff\xd3\x15\x4a\x11\x39\
\x41\xeb\xc5\xfa\x16\x2a\x64\xeb\xd5\xa0\x5f\xce\x1e\xba\xe0\x8e\
\x40\x4c\x84\xec\x9e\xae\x6a\x0e\xa9\xa4\x69\xd2\xba\x27\x54\xd5\
\x64\x1c\x72\x00\x98\xf5\xce\xe8\xe2\x86\x8e\x2c\xb7\x43\x15\x43\
\x10\x74\xca\x85\x43\x6d\x80\x00\x83\xc8\x42\xc3\x6a\xd5\xef\x96\
\x61\xd3\x22\xf8\x90\x65\x97\xbf\xed\x29\x04\x2c\x49\xd1\xd5\xbe\
\xad\xb9\x54\x86\x25\xc1\x60\x13\x46\x14\x65\x93\x5b\xd4\xe6\xaf\
\xfb\xb5\xf5\xf3\xc5\x98\x88\xab\x60\xc9\x12\xc6\xb0\xb6\x5a\xc0\
\x46\xc2\xbd\x4f\x8b\x8a\xc3\xee\xcf\x8e\x58\xf6\xdc\xac\xa1\x4f\
\x5d\x4e\x14\x10\x53\xaa\xbc\xf4\x7d\x9b\xee\x4c\xb3\x81\x54\x45\
\xf8\x30\x4b\x16\x00\xb1\x84\x84\xd1\xf6\xad\xe4\x55\x59\xaf\x62\
\x27\xcf\xef\xbf\x74\x26\xaf\x1c\x7b\x7b\x5b\x79\xdd\x95\xda\xdf\
\xb9\x26\x24\x5c\x15\xa1\x98\x13\x91\xf5\x6e\x48\xc4\xdc\xb0\x8a\
\xab\xb8\x8c\x39\xc2\x14\x4a\x6d\x78\xf3\xdf\x9d\xe5\xff\x3b\x7e\
\x1a\x31\x57\xde\x13\xee\x38\x3a\x75\xbc\x2e\x03\x05\xb9\xdd\x8c\
\x0d\x5c\x30\x19\x16\x46\x95\xd7\xef\x3f\x26\x1f\x07\x29\x7b\x8a\
\xc5\x3d\x43\x1f\xf8\x56\x38\x7f\xdc\xf2\x2e\xee\xe0\x2b\xb4\x60\
\x63\xb8\x64\x89\x41\x04\xc7\x44\x65\x4c\x79\xba\x65\xfb\x2e\x7f\
\xed\x57\x26\xbc\xd0\x74\xe1\x57\x97\x4d\x7e\x69\x7f\x79\x12\x8a\
\xce\x60\xac\x55\xb9\xfa\x13\x96\x9f\xff\x4f\xad\x66\xf5\xf5\x30\
\x65\xe3\x50\x44\x32\x91\x35\xac\xa9\x2c\x3c\xbf\xde\x1d\x78\x6d\
\xcf\xad\xc9\xf9\xd3\x87\xde\x79\x64\xb0\x44\x34\x5f\xfd\xdf\xb2\
\x61\x09\x0b\x01\x48\x47\x1e\x56\xd9\xd4\x82\x14\x12\x24\x6c\x4b\
\x32\x9d\xf4\xaa\xc6\xed\x87\x74\xfe\x9f\xa8\x6c\x5c\x3a\x66\x1d\
\x55\xf6\xbb\x2d\x2c\xc0\x14\x89\xc7\xfb\x45\xf7\xf2\xcb\x62\x00\
\xd0\x03\x1e\xd9\xc0\xf0\x37\x4b\xa1\x08\x80\x0d\xd8\x6f\x85\xb5\
\xe3\x57\x9e\xf3\x6d\x3f\xba\x7e\x78\xbb\xbf\xf1\x0e\x58\xed\x47\
\x29\xa6\x44\x50\x76\xd8\xb2\xcd\x1b\x1f\xc6\x84\x9d\x6e\xa3\x62\
\xb2\xef\x1f\xe6\x7c\x76\xe1\xd3\x77\x7d\xe6\x0f\x17\xfc\x55\x46\
\xb0\x97\x81\x60\x5a\xf5\x70\xf8\x26\xcc\x44\xbb\x5d\xa8\xd8\xd3\
\x3b\xc0\xc0\x90\xc4\xdf\x8a\xcf\x26\xb3\x49\x93\x41\x46\x4e\x7e\
\xf9\xb2\xdf\xbf\x3b\xf8\xd1\x93\xf3\xbc\xee\xda\x12\x6d\xbb\xb7\
\xe0\xbd\xfb\x6c\xc1\xdb\xb2\xa2\xe8\x6d\x99\x9f\xa3\xb7\x7f\x5c\
\xee\xf2\xd6\xd0\xe4\x92\x73\xff\x2d\x49\x59\x53\x11\xc5\xd8\xfd\
\x9e\x54\x47\xa7\xe5\x9d\xe2\x28\x57\xc4\x04\x33\x0c\x40\xb2\x64\
\xf3\x90\x21\xf3\x97\x0f\xa3\x46\x7f\x34\x26\x1f\x99\x3b\x47\x3c\
\xd0\x34\xfb\xd1\x45\xcf\x36\x84\x4e\xbc\x51\xba\xf5\x0d\x05\xdb\
\xae\x2d\x1b\xc1\x10\xd6\x95\x11\xa9\xd8\xa8\x9c\xbf\xe1\x9e\x62\
\xf4\xc5\xe1\x57\xaf\xbc\x68\x7a\x20\x86\x1a\x28\x36\xef\x8f\x77\
\x5d\x75\xa2\xd8\x65\xd5\xa3\xee\xd6\x7b\x46\x3d\xf0\x17\x5b\x3e\
\xec\xae\x88\xdb\xed\x88\x12\xe5\x7d\x6b\xb5\x2a\x52\xde\x8f\x87\
\xfa\x8d\x92\x3a\xf2\xdc\xcc\x51\x0f\x7f\xf1\xea\xe6\xa6\x47\x76\
\xfb\xab\xff\x1f\xe9\x0c\xd9\x40\xe8\x24\x10\x8a\x60\x90\x80\x8f\
\x8a\xbc\x2c\xe1\xd0\x46\xcf\xad\x0b\x82\xba\xdd\xf7\xde\x26\x51\
\x69\x57\xb1\x61\x16\xd4\xe0\x38\x87\xf7\x05\xb0\xbd\xaa\x6b\xb7\
\xa7\x93\x00\xba\x9b\x4a\xf7\x8e\xfc\xe2\x1a\x87\x9c\x23\x7c\x2e\
\x42\x0b\x1f\x82\xc5\xa9\x37\x5e\x78\x63\x68\xc2\xe3\x89\x55\x00\
\xbe\x74\xcf\xf0\x87\x6f\x42\x29\xf7\x3d\x21\xe3\xe3\x42\xaa\x8b\
\x28\xa1\x68\x98\x0d\x97\xfc\xa2\x06\x11\xc5\xc2\x87\x37\xb9\xa6\
\xa1\x69\xce\xd0\x67\x16\x5a\xd5\xfe\x73\x5a\x4a\x8f\xbe\xe7\x97\
\x98\x15\x7b\x70\x53\x51\x1a\x64\x41\x80\x80\x8a\x55\x0d\x6c\x18\
\x0c\x0a\x53\xa0\xeb\x97\xcd\x7e\xa0\x9e\x64\x85\xb7\x90\x03\x70\
\x67\xe5\xcf\xdf\xf8\x49\x05\x36\xe1\xc9\xbf\x91\x02\xab\x8e\x4e\
\x09\xea\x33\x0e\x85\xe0\x91\x67\x01\xa5\x7c\x9b\x2f\x86\xa4\x7d\
\x3b\x98\x00\x7c\xf4\x9d\x92\xdd\xe2\xaf\xd9\xa4\xb9\xe9\xf2\x9f\
\x74\xef\xbe\x79\xf8\x8f\x1d\xee\x31\x35\xec\xd4\xa3\x22\x5d\x2f\
\x08\x44\x20\x89\x08\x42\xaa\xe8\x6d\x7b\xd5\xa3\xcd\xdf\x9b\xb4\
\xfc\xf3\x0f\xef\xee\x13\x04\xa3\x3d\xec\x77\x1b\x81\xce\x72\xc5\
\x99\xdf\x38\x5f\x4d\x5a\x7c\xf9\xc2\x9d\xee\x8a\x33\xf2\xfe\xd6\
\xe6\x18\xc5\x1d\x41\x4a\xb3\x35\xaa\x64\x73\x5a\xa9\xfa\x5e\x21\
\xbf\xef\x83\x77\x0f\x7b\xf2\x1f\xab\xb5\xcc\x07\xdd\x1c\x29\x80\
\x60\x01\x6b\x79\x2b\x51\xd5\xec\xd8\x82\x41\x5d\x32\x73\xdf\x6b\
\xe8\x1c\xca\x58\x50\xf9\x19\xaa\x93\x5b\x0d\x7c\x80\x05\x31\x98\
\x15\x1c\x59\x6a\xf5\xea\x3a\x12\x6a\xf6\xac\xb1\x0a\x01\x06\x98\
\xf4\x9f\xa9\x62\x27\x6b\x60\x60\x85\xec\xdf\x75\x57\xd7\x2e\x29\
\xa4\xc4\x7c\xcc\x57\x93\x96\x5f\xf2\x62\xe2\xc5\x33\xc7\x97\x9c\
\xb7\xc7\xe4\xf5\xc6\xc7\x05\x6b\x19\x96\x31\x05\x12\x82\x99\xb9\
\xc4\x79\x6d\x85\xb0\xd1\xf0\x61\x67\x45\x78\xc0\x23\xb3\x87\x2e\
\x7a\x6a\xe6\xd0\x47\xcf\xaf\x66\x04\x29\x04\x56\xdc\x1f\x92\x12\
\x03\x00\x9e\xf8\x7f\x77\xc7\x48\xc8\xde\x86\x0d\x82\xd3\xc0\x90\
\xc2\xbe\xd3\xb1\x69\xf9\x41\x41\xa0\xca\x98\xdb\xdd\x60\xe6\x40\
\x85\x38\xd5\x38\x5f\xa5\x52\xbb\x6d\xc2\xff\xe6\x1d\xa9\x4e\x00\
\x84\xe3\x1c\x63\x03\xaa\x10\x1c\xe1\xc0\xb2\xdd\xb4\xf1\x84\x27\
\x36\x56\x54\x88\xb9\x33\x9a\x7c\x49\x24\xcd\xdd\x67\xfc\x31\xd1\
\x7d\x63\xd3\xb2\x2e\xf2\xe8\xa9\xa4\x42\xa6\x68\x73\x86\x59\xcb\
\xf7\x18\x95\x65\xbf\xcd\xac\xfd\xc5\xba\x7e\xf7\x9f\x36\x69\xf9\
\xe7\x1f\xee\xe8\xd3\xb0\xbf\xdf\xaf\x4e\xdf\xe5\xaf\x5a\x53\x25\
\xb3\xb4\xf1\xc6\x0b\xbf\x79\x81\xdc\x9a\xfc\x4d\x44\xf5\xbe\xbe\
\x24\x61\x0d\x6b\x62\x5b\xb4\x42\x85\xd1\x40\x83\xfe\x73\xf6\xa9\
\x4f\x0f\xcd\x1f\xf9\xc2\xd7\x93\xd9\xe4\xce\xbf\x3b\x2a\x6c\x5c\
\x20\xd0\x0c\x6b\xbd\xe2\x46\x11\x21\x58\x10\x19\xd6\x60\x2b\x07\
\xdb\xdb\x9c\x7e\x00\xde\xde\x17\x45\xdb\x83\xaa\x07\x50\x49\x45\
\x8b\xed\xa5\xf5\x44\x3a\xb0\xf5\x61\xb0\x84\x03\x96\xa1\x86\x7d\
\xcd\x28\x24\xe5\x57\x81\x75\x45\xc7\xcf\x18\x97\xc2\xf5\x25\x2f\
\x7a\x74\x1a\xe9\xad\x43\x12\x43\x28\x95\x0d\x9a\xb5\x13\x97\x50\
\x33\x80\xe6\xbb\x4e\xfd\xc3\x05\xb2\xd8\xf0\x4f\x91\x70\xd7\xb3\
\x1d\x11\x17\x1e\x97\x8d\x85\xb1\x25\x9d\xb7\x92\x04\xd5\x39\xfd\
\xce\xf1\x4c\xfd\x39\xf7\x9e\x32\xff\x49\x2d\x76\xfd\x6c\xd2\x4a\
\x9a\x8f\x8a\x2c\xf8\x90\x44\xf6\x03\x6b\xd7\x2d\x0b\x77\x85\x5d\
\x46\x9d\x75\x82\x95\x67\x08\x86\xf6\xcb\x9b\xf7\xc6\x0f\xf1\xaf\
\xab\x1c\xb2\x68\x86\xfd\x30\x15\xdf\x24\xae\x32\xcc\xa0\xb9\x23\
\x9c\xa3\xac\x08\xd2\xc8\xa0\xd4\xf1\xd7\xdf\x70\xd3\x4d\xe5\x8f\
\x62\x04\x1a\x30\x60\xa7\x21\xdd\x4c\x7a\xfa\xe8\xe9\x03\xba\x98\
\xe3\x7f\x11\x32\x3d\xae\x62\xa5\x90\xb7\x39\x1f\xb0\x12\x10\x46\
\x92\x94\x21\x56\x2a\xe7\xbf\xbd\xa4\x14\xdd\xf4\xed\x6b\x9b\xc7\
\x2d\xe9\xac\xd1\xde\x27\x95\x01\xfc\x95\xc6\x5f\x0a\x29\x71\xc3\
\xe3\x37\x95\x93\xcf\x9f\x39\xb5\xc5\x5b\xfd\x35\x18\xcf\x0f\x8b\
\x98\x24\x22\xc3\xac\xa9\xcc\x9e\xae\x0f\x0d\x1a\x57\xbf\x7e\xd4\
\xa2\x3b\x46\xfd\x7e\x78\x30\x2a\xe4\xbf\x3f\x2a\x54\xa5\xe5\x16\
\x3e\x88\x05\x59\xb6\x3a\x2e\x1b\xe2\x5c\x8c\x9f\xfd\x51\x14\x6d\
\x0f\x36\x68\xd1\xe2\x19\xa1\x03\x55\x5d\x06\x3b\xc2\x85\x43\x6a\
\xc0\x5f\x79\x39\xec\x01\xaa\xb7\x9f\x4f\xa5\xd7\x8b\xba\x2d\xe8\
\xb1\x82\x39\x24\x63\x24\x49\x1d\x53\x9d\xbe\xa4\x41\xbb\xd5\x99\
\x52\x48\x89\x29\xcf\x5f\xf1\xc4\xa4\x3f\x37\x9d\xd3\xce\x6f\x8e\
\x2d\xf8\xef\xcc\x13\x30\x32\x22\xe2\x4a\x40\x10\xb3\xe1\xa2\xcd\
\x69\x16\xca\xc4\xc3\x03\xce\x8f\x88\x41\x4f\xcf\x3d\x75\xc9\x23\
\xb3\x86\xfe\xe9\x8c\x34\xc8\x7e\x58\x46\xe0\x86\x7b\x44\x01\xb8\
\x5c\x51\xb2\xb5\x6c\x01\x41\x45\xec\x4f\xfb\x6c\x30\xee\xbe\xe2\
\x27\xdd\x40\x72\xa0\xb6\x3e\x08\x04\x01\x82\xe5\xd2\x1b\xbb\xb3\
\xa4\x7d\x94\xe6\xaa\xaa\x5a\xdd\x75\xda\x43\x53\x1a\xec\x67\x97\
\xd5\xc9\x01\x57\xf9\xcc\xc6\xe7\xa2\x05\x8c\x04\xa4\x8d\x52\xd4\
\xb1\x7e\x2e\xd7\x62\x56\x7f\x77\xfe\x29\x67\x9d\x75\x6d\xf3\xb8\
\x25\x99\x04\x77\xda\x68\xef\x13\x0f\x00\x1d\x9b\x83\x99\x04\xcb\
\xc9\x2f\x8e\xfd\x5d\x91\x36\x36\x7a\xe5\xed\xab\x63\xa2\xce\x21\
\xe1\x68\xcb\x5a\x16\x38\xef\x47\x54\xaf\xe3\xeb\xf4\x11\xcd\x77\
\x0e\x7b\xe4\xda\x24\x28\x18\x15\x06\xb6\xd1\xef\x89\x55\x76\xf3\
\x17\x94\x74\x6b\x4e\x90\x50\xcc\x16\x0c\x09\x2a\x44\xbe\x95\x49\
\x24\xe4\xab\xcd\xdb\x18\x87\x70\x2b\xa0\xba\x8f\xee\xd6\x47\xb6\
\xfa\xba\x54\x24\x12\x82\xc0\x56\x08\x05\x5b\xe2\xae\x7b\xaf\xe3\
\x19\x8c\x0d\xc3\xb6\xf4\x86\x66\xbd\x43\x92\x43\x04\xb6\x92\x42\
\x70\x10\x3f\xe9\xef\x35\xdd\xaa\x1a\x84\x0c\xa6\x6b\x56\x24\x1e\
\x1b\xf7\xfc\x98\x73\xf3\xf2\x9d\x73\xf3\xc5\x4d\x7f\x92\xda\xca\
\xb0\x8c\x2b\x22\x45\x96\x2d\x17\x6c\x41\xb3\x54\x36\x1a\xea\x3d\
\x36\x24\x7a\x3f\x33\x77\xe8\xc2\x07\x67\x0c\xfd\xc3\x98\x34\xc8\
\x26\x51\x09\x04\x89\x8c\xac\x72\x3c\x94\xdb\xa5\x87\x14\x6e\xc4\
\xb2\x61\x00\xc2\xb7\x1e\x38\x44\xdb\x3b\xbb\x11\xf7\x9e\x0f\x40\
\xd0\x58\x0c\xe5\x8f\xed\x4b\xac\x1a\x2c\x0c\x33\x04\x31\x0c\xa4\
\x32\x7f\x0e\x02\xe0\x02\xda\x57\x69\xae\x99\x67\xdc\x7e\xc2\xac\
\x53\xe7\x3f\x5a\x4f\x47\xdd\xe9\x52\xd7\xde\x79\xdd\xae\xc1\x46\
\x10\x0b\x2b\x45\x48\xb8\x0c\xd5\x5e\xde\xf0\x68\x41\x6c\x38\x6d\
\xf2\x8a\xb1\xbf\xbc\xe5\x16\xf2\x83\x5b\x9f\xcc\x27\x51\xd2\x8a\
\x8f\xc3\x1b\x6f\x7e\xe3\x7c\x35\x79\xe9\x25\x4b\xdb\x23\x4b\x4f\
\x6f\x2f\xbd\xfd\xc7\x08\x87\x1d\x09\x87\xc1\x56\x96\x6d\xd1\x08\
\x15\x0d\x37\x38\x83\xee\x98\x75\xea\xbc\xdf\xdd\x78\xe1\x37\x43\
\xe9\x34\xd9\x54\xe3\x7c\x55\xed\x0f\x8c\x7f\xf2\x8a\xb7\xb5\x2d\
\x3c\x1a\xa6\x10\x88\xc0\x25\x5b\x34\x75\xaa\xf7\xa9\xe5\x0d\x5f\
\xfc\x72\x36\x30\x18\x91\x87\x6a\x00\xa8\xee\xa3\xef\x78\xeb\xa9\
\x77\xad\xf1\x5a\x04\x54\xe0\x6e\xca\x04\x72\x55\x9f\xbd\x75\xae\
\xad\xca\x44\x7f\x61\xf1\xe4\xad\x90\xe6\x2d\x25\x14\x00\x86\x61\
\x0b\x21\x42\x27\x74\x14\x23\x79\x7f\x20\xa8\x7e\x1f\x0c\xa6\xab\
\x17\x8f\x9d\x37\xee\xa5\x33\xce\x6f\x37\xab\x2f\x6e\x2f\x6e\x5c\
\xa8\x18\x32\x22\x63\xaa\xb2\x88\xcf\x45\x9b\x33\x56\x08\x8e\x85\
\xfa\x5f\x5a\x27\x07\xcf\x9f\x3d\x74\xd1\x43\x33\x4f\x7d\xec\xcc\
\x6a\x46\xd0\xb2\x76\xb0\x60\xb0\xf0\xf2\x5e\x77\x97\xc2\x54\x71\
\xa0\x97\x9e\x2d\xc1\xe4\x72\x6f\x55\x58\x7b\xbc\x3f\x74\x25\x00\
\x40\xe8\xe8\xe0\x88\x53\xa7\x18\x6c\x00\x48\xcf\x16\x59\x29\x7e\
\x6d\x6f\x02\x4f\x47\x91\x8e\x54\x8a\xd5\xcc\x61\x4f\x7c\x57\x95\
\x4e\x58\x5a\x17\x3e\xe2\x22\x0d\xd6\xbe\x29\x5b\x80\x05\x91\xe4\
\xa8\x88\x2b\x5d\x6e\xdd\xd4\x6a\xde\xfc\xe2\xf8\xe7\xcf\xbe\xf8\
\x9a\xe5\x89\x55\xc1\x24\xec\xe3\xbf\xf5\x3f\xb6\x00\xf0\x7e\xe6\
\xe0\x97\x16\xdd\xb0\x6d\xdc\x0b\x67\x5d\x9e\xb3\xeb\x7e\x48\xc6\
\x67\x45\x21\xc1\x00\x1b\xeb\xc1\x63\xd6\x5d\x43\x83\xbf\xd2\x77\
\xeb\xb8\x85\xb7\x0c\x9f\x3d\xa4\xea\x17\x50\x25\x03\xc9\xe8\x8e\
\x5f\x95\xbd\x76\x4b\x2c\x05\xb3\x25\x9f\xac\x0d\xa3\xd7\xcf\xee\
\x3c\x7d\xce\x91\xe9\xca\xdf\x7f\x28\x97\x00\xbd\xa6\x6d\xf3\xa4\
\x83\x82\xa8\x4c\xb3\x2b\xf6\x8f\x47\x75\xe4\x4b\xec\x69\x16\x5c\
\x7d\x56\x06\xe5\xd5\x92\x02\x09\x07\xcd\x1a\xcc\xf2\x98\x07\x2f\
\x99\x1e\xad\x66\x6f\x1f\xc4\xfd\xe8\x18\x08\xa6\xbc\x78\xc5\xa3\
\x13\x5e\x3a\xb3\x31\x87\x0d\x97\x14\x4b\x5b\x9f\x96\xc6\x8a\x10\
\xc5\x24\x41\x32\xd8\xda\x82\xc9\x69\x90\x63\xea\xdc\xc3\x2e\x09\
\xcb\x7e\x0b\xef\x1d\xf6\xcc\xc3\x77\x9d\x76\x7f\xe3\xd4\x95\xc3\
\x7c\x02\x59\x5d\x92\x2e\x91\x0a\x4e\x13\x83\x40\xd6\x8a\x3a\x5b\
\xae\xac\x0b\x77\x7e\x46\x55\x79\x9f\x8c\x2f\x8f\x27\x76\x02\xeb\
\x0c\x08\xe1\x9b\x52\xd9\xa3\x9d\x6f\xed\xe9\x0e\x40\x47\x91\x8e\
\x3b\x87\xdf\x7b\xd6\x71\x8f\x2e\x7a\xa6\x41\x1d\xf5\x0b\xa5\xba\
\xc4\x4b\x26\xa7\xd9\xfa\x92\x01\xeb\x50\x44\x08\xed\x8b\x36\x7f\
\xc3\xed\xad\xd1\x97\x86\x5d\xb3\xe2\xf2\x19\xfb\x7b\xb4\x77\xc0\
\x05\x80\xea\x8b\xc3\x60\x4a\x31\x8b\x71\xcb\xce\xf9\x69\x51\x6e\
\xb8\xd4\x98\xfc\xe6\xa8\x8c\x2b\x40\x18\xb0\x91\x79\xe4\xfd\x48\
\xa4\xcf\x88\xae\x38\x7a\xd1\x9d\x23\x1e\x1b\x9f\xcc\x92\x49\x37\
\x37\xe9\xe9\x43\x57\x38\xc9\x67\x3e\xbf\xac\xa8\xb7\xde\x1f\x11\
\x31\x09\xb0\xd5\xec\x71\x48\xd4\x37\x84\xcb\x03\xee\x9f\xf1\xb9\
\x19\x0d\xc9\x6c\xd2\x70\x8a\xc5\xa1\xc8\x06\x64\x30\x25\xaf\xca\
\x7a\x60\x7e\x47\x40\x05\x3a\x20\x82\x21\xb4\x13\xeb\x98\xd6\xef\
\xed\x21\xb0\xec\xbd\x4e\xb0\x20\x21\xc8\xb0\x86\x80\xea\xe7\x15\
\xe3\x7d\x2a\x5a\xf8\xf4\x7f\x7d\x9f\x04\xe2\x0c\x32\x92\x99\xe9\
\xea\x65\x17\x3d\x92\x7c\x71\xe4\x39\x05\x67\xfd\xc5\x39\x6f\xd3\
\x3c\x05\xa8\xb0\x8c\x49\x02\x91\x65\x1d\xec\x18\x08\xc9\x71\xb7\
\xff\xc5\x51\x7b\xc4\x82\x7b\x87\x3e\xfb\xd8\x5d\xa7\x3c\x36\x0a\
\x11\xa7\x4f\xe5\x33\x41\x40\x41\x48\xda\xd5\xf5\xb8\x58\xcb\x5f\
\x33\x05\xf6\x03\x7c\x71\x8c\x10\x81\x44\x7a\x40\x2e\xb3\x9b\x9c\
\xe1\xce\xe6\xe0\x5f\xfd\x60\x72\x59\x47\x42\xcf\xf4\x73\xbf\xd7\
\xe5\xce\x11\x8f\xfd\x26\x46\x47\xcf\x8f\xaa\xbe\xa7\x15\xb9\xa0\
\x99\x7d\x0b\x30\x11\x29\xc4\x45\x5c\x95\xfd\x6d\x7f\xc9\xd1\x6b\
\x97\x4e\x58\x31\xe6\xcb\x53\x9f\x99\xba\x39\x93\xc8\xc8\xa0\xbf\
\x72\x60\x34\xae\xc5\xc7\xee\x92\x8b\x20\xbd\x9f\xb4\xf4\xb2\xc7\
\x76\x3a\x7f\x39\x33\x57\xde\xf2\x74\x94\x62\x4a\x90\x34\x6c\x8d\
\x2c\xea\xbc\x91\xaa\xae\xa1\x01\x47\xcc\x9e\x33\x7c\xc1\x6f\x53\
\x53\xa6\x84\xa7\xae\x1c\xe6\x4f\x1f\xba\xc2\xd1\xf1\x4d\xdf\xc9\
\xfb\x5b\xde\x75\x28\x2c\x18\x96\x4a\x5c\xd6\x71\xf7\xf0\xcf\x44\
\xde\x39\xf6\xbe\x19\x53\x52\x61\x4a\x93\x3d\x14\x33\x81\x2c\xb2\
\xc1\xe8\xce\xe8\x56\x49\x01\x1d\x48\x5b\x0d\x52\xf2\xf0\x19\x53\
\x52\x61\xda\x0b\x36\x60\x47\x48\xe5\xaf\x32\xc6\x03\x5b\x22\x86\
\x35\xae\x88\x87\xbc\x7c\x97\x63\x02\x11\xc9\x3d\x33\x80\xed\x38\
\xca\x65\x66\x9a\xf8\xdc\xa5\x8f\x4e\x78\xe1\x8c\x73\xcb\x62\xdd\
\x15\xc5\xf2\xd6\x67\x1d\x2b\x65\x58\xc4\x65\x85\xc2\x64\xf3\xba\
\x5d\x43\x84\x6c\x9d\x7b\xd8\x85\x11\xd1\x7b\x61\x48\xf7\xf8\x79\
\x99\xcb\xcc\x60\x92\x24\x60\xb4\xdf\x52\xdc\xf9\xf4\xce\xfd\x25\
\xc7\x95\xae\xf4\x95\x24\x45\x8f\x09\x9c\x88\x2d\x88\x24\x2c\x79\
\x6b\x93\xff\x9d\x2c\x06\x13\x80\xbf\x7f\x2b\x77\x24\xf4\xcc\x19\
\x7e\xff\x25\x5d\x5b\x2e\x5f\xda\x5d\x1e\xf3\x4d\x88\x30\x95\x6d\
\x41\x03\x2c\x08\xca\x46\x64\x5c\xb2\x2e\xd8\x56\xef\xcd\x5f\x6f\
\x3e\x7c\xe9\x69\x53\x96\x8f\x7f\xb8\x33\xf9\xfb\x07\x6d\x00\xf8\
\x6b\x3b\xb0\x8c\x9c\xfa\xdc\xf8\x35\xbf\x1f\x3c\xea\xfc\x36\x6f\
\xc3\xcf\x25\x1b\xa5\x44\x48\x00\xc4\xda\x7a\x56\x93\x35\x5d\x9c\
\x41\x5f\x3f\xf1\xb5\xaf\x3e\x3d\x63\xd4\xac\xe3\xa6\xae\x1c\xe6\
\x4f\x79\x76\xca\x5b\xbe\xbb\xf9\x7a\x49\x65\x21\xe0\x58\xb0\x91\
\x45\xb4\xfb\x75\xa1\xbe\xe7\x84\x56\x9d\xfb\xc0\xcd\x67\xdc\xdc\
\xb5\xba\xad\x78\x28\x96\x01\x32\x2a\x77\x56\x64\xfd\xc1\x6c\x41\
\x82\xba\xb8\x7e\xef\x08\xf6\xc1\xd9\x17\x00\x28\x54\x7a\xbd\x68\
\x73\x86\x04\x14\x83\xd9\x11\x61\x18\x2b\x8e\xeb\x98\x25\xec\x4d\
\x86\xd7\x31\x10\x8c\x5b\x7c\xf1\x03\x57\xbd\x38\xea\x8c\xbc\x5a\
\x9f\x2c\x9a\x2d\x4b\xc2\x24\x65\x58\xc6\xa5\x24\x41\x6c\x0d\xe7\
\x4d\xbb\x21\xe5\x2a\x47\xc4\x7a\x58\x58\xa0\xe2\x18\xc4\x6c\x4a\
\xab\x4e\xf8\xef\x72\xc7\x7e\x45\xe7\x4e\x00\x88\x1f\xbc\xfe\xc1\
\x28\x0c\xf5\xb1\x08\xe4\x10\x24\x11\x40\xe6\xb5\x0e\xea\x53\x78\
\xff\x68\xaf\xaa\x94\x74\xeb\xa5\xb7\xf6\x9e\x3b\x7c\xde\xff\xba\
\xe2\xc8\x87\x5c\xb7\xe7\xb1\x25\x5b\xd2\x81\x9d\x20\xa0\x28\x24\
\x22\xc2\x51\xed\xde\xc6\x67\x4b\xce\xfa\xb3\x26\xae\xbc\xe0\xdb\
\xdf\xfe\xe3\xb7\x5b\x3b\x9b\xbf\x7f\xd0\x07\x80\x8e\x7b\x04\x99\
\x2c\xdb\x09\xcf\x37\x7d\xbf\x5d\xaf\xbf\xc2\x78\x6d\xdb\xa2\x01\
\xd9\xc4\x18\x68\xd1\x6e\xda\x75\x48\xf4\x1c\x55\xe7\x1f\xf7\xdc\
\x8c\x53\x1e\xbc\x1a\x00\x26\x3c\x77\xf9\x83\x6d\xe5\x75\xd3\xc2\
\x90\x4a\x08\xd7\x87\xb5\x81\x40\xa9\x73\xf8\x05\x3d\x4a\xc3\x9e\
\x99\x31\xea\xbe\xe3\x9a\x9a\x9b\x74\x0a\xf3\xd5\xfe\x14\x29\xfd\
\x58\x27\x01\xd5\x2d\x3e\xed\xad\x66\x7a\x8f\x31\xc7\x3e\x85\x68\
\x7d\x43\x64\x1f\x46\x34\xc1\x97\xdf\xc3\x6c\xb2\xe4\xb5\x10\x4b\
\x80\xc0\x04\x01\xc9\x91\xe3\x3e\xea\xf7\xba\x9b\xdc\x65\x09\x13\
\x17\x5f\x94\x7d\x75\xd9\xe9\xa3\xcb\xe2\xad\x64\xa9\xbc\x75\xb1\
\x63\x84\x0c\x89\x98\x24\x10\x98\xad\x31\xd0\x96\xaa\x5a\xe0\x04\
\x28\x57\xed\x4c\xff\x3b\xec\xdf\xf2\xfa\x3a\xa1\xa1\x5a\x29\x6b\
\x4a\x2f\x72\x6f\x86\x3a\x5c\x5b\x1f\x80\x20\x6b\x0d\x98\xf4\xdf\
\xf5\x01\x98\xdf\x71\x6b\xef\xf4\x87\x27\x35\x6c\x3e\x69\x59\x5c\
\x0d\x9e\xca\xe4\x18\xcf\x16\xac\x85\x11\x44\xd2\x46\x28\xa6\x8c\
\x6e\x69\x6d\xb7\x6f\xfe\xc3\x5f\x96\x9f\x79\xd6\xe4\xc5\x89\xe7\
\x3e\xa9\xd1\xde\x41\x11\x00\xaa\xa3\x42\x02\x21\xd5\x38\x5f\x4d\
\x5e\x79\xd9\x03\xf9\xd0\x9a\x51\x05\x7f\xcb\xfc\x18\xc5\x1d\x82\
\x62\x82\x15\x25\x2e\x18\xa1\xe2\x5d\xbb\x39\x47\xde\x3d\xfb\x94\
\x79\xb7\xde\x3a\xf2\xd6\xde\x93\x9e\xbf\x2c\xdd\x52\xde\xf0\x8b\
\x28\x39\x2e\xc1\x61\xc0\x88\x02\xe7\x74\xd4\xed\x31\x24\x66\x8e\
\x58\x74\xf7\xb0\x07\xbf\x90\x46\x93\xfe\x30\x96\xe1\xc1\x84\x31\
\x95\x9f\x46\x97\x0a\xcc\xc1\xea\xaa\x81\x65\x92\x4e\x5c\x85\xc3\
\x87\x77\x5c\x9d\xde\x73\xc5\x61\x42\xf2\xf7\xc9\x6d\x80\x5e\xef\
\xb0\x03\x82\x65\x4b\x0c\x21\x82\x0c\xe0\xa3\x3a\x2b\x05\x2f\x3d\
\x23\x93\xc8\xc8\x34\x91\x4d\x2c\x3e\x3f\x9b\x5c\x79\xda\xe8\x76\
\xbd\x61\x62\xc9\xdf\xb2\xc2\x21\x29\x43\x41\x3f\x87\x00\x10\x83\
\x98\x08\x30\xba\xbc\x09\x16\xc8\x20\xd3\xe9\xef\x66\xb5\xac\xa1\
\xae\xd1\x81\x4a\x86\x42\x96\xad\x05\x43\xf8\x5c\x00\x23\xb7\xba\
\xe3\x04\x20\x55\x11\xe4\x6c\x6a\x6e\xd2\xb7\x9c\x79\xcb\xa0\x39\
\xa7\x3c\x9d\x6d\xd0\x83\x67\x2a\xd5\x6d\x40\xde\xe6\xb4\x65\x5f\
\x00\x64\x43\x14\x16\x92\xad\x6c\xd7\x1b\x32\x79\xf7\xa5\x61\xe3\
\x97\x5e\x7c\x63\x9a\x98\x3f\xc9\xd1\xde\x41\x13\x00\xaa\x99\x59\
\xb5\x24\xb8\xe6\xb9\xf1\x6b\xb2\xdf\x3d\xfd\xbc\x36\xbd\xf6\xa7\
\x12\x46\x38\x08\x0b\x06\xb3\xe6\x92\xf5\x25\xf9\x5d\xc2\x83\xbf\
\x1c\xd7\x43\x96\xde\x75\xf2\x7d\xe7\x5e\xfd\xe2\xf9\xdf\x6b\xf5\
\xd7\x4e\x73\x58\x4b\x49\x21\x01\x66\x2a\x9a\x9c\x91\x54\xd7\xbd\
\x4e\x1c\x79\xdf\xec\xe1\xf3\x7e\x9d\x9a\x32\x25\x5c\xb5\xd4\x3e\
\x98\xb3\x81\x05\x95\x9f\x6e\xdc\x6d\x65\xe8\xc0\x3c\x07\x6c\x43\
\x22\x42\x26\x17\x6e\xc0\x3e\x29\x0e\x5b\x09\x0b\x30\x7b\xab\xa4\
\x10\x00\x08\x06\x3e\xc8\xaa\x23\x67\x4e\x7c\xb4\x7e\x5f\xfb\x0a\
\x1f\x16\x08\x40\xc4\x93\x5e\xbc\x70\xf6\xab\x2b\x46\x8f\x2c\xca\
\x77\x2e\x2f\xd9\x6d\x0b\x45\xc0\xcb\xa9\xa8\xfc\x09\xb0\xd5\xed\
\xe8\xb8\x04\xb5\x1f\x26\x00\x3a\xe7\x1f\x19\x12\x11\x22\x22\x03\
\x22\xe9\x73\xa9\x28\x42\xc5\xd5\xd5\xd1\x63\xaa\x71\xbe\x4a\xa7\
\xc9\x12\x13\xee\x1d\xf5\xe8\xd7\xba\x14\x3e\xb3\x3c\x1e\x3a\xe2\
\xca\x12\x59\xad\xb9\x64\x00\x86\x20\xc5\x51\x8a\x29\x6d\x76\xae\
\x6e\x33\x6b\x12\xe3\x57\x34\x5d\x75\xcd\x73\x53\xd7\x04\x9b\xae\
\x01\x1d\x1a\x07\x85\x9b\xf0\x01\x82\xdd\x25\x41\x92\xed\xf8\xe5\
\x67\xff\x30\x27\xd6\x5d\xea\x73\xeb\x5b\x31\x11\x57\x24\x84\xb1\
\x46\xab\x82\xcd\xfb\x61\xb7\xe7\xc0\x98\x3a\xea\xf1\xd9\x43\xff\
\xf4\xed\x09\x2b\xce\x4f\xe7\xc4\xea\xcb\xd8\x6f\x6b\x0f\x89\x98\
\xb4\x20\xb6\x28\x5b\x23\x60\xbb\xa8\xc1\x37\x1c\xff\xca\xd4\x45\
\x77\x8d\xbe\xff\x8c\x6a\x24\x3e\x58\xb3\x81\xea\xad\xe4\x99\xfc\
\xfa\xb2\x29\x80\x88\x08\xcc\xac\xa0\x00\xa9\x7a\xef\x5b\x59\x11\
\x90\x5d\x28\x64\x56\xb3\xb0\x95\xc6\xa2\x0f\x42\xa8\xaf\xb3\xb6\
\x38\x60\x4f\x26\x01\xfb\x1e\x08\x52\x18\xff\xdc\x79\x7f\x2c\x44\
\x16\x5e\xa5\x8d\x57\x14\x50\x44\x04\x86\x65\x38\x61\xda\xba\x2f\
\x64\x9c\xbd\x81\x2e\xab\x63\x08\x12\x20\xcb\x52\x48\x30\xeb\xcd\
\xb1\x63\xdb\xb6\x06\x4d\x3e\x61\xd3\xcd\x4d\xfa\x9e\xc6\x7b\x4e\
\x9e\x3b\x62\xfe\xbc\x3a\x3a\xfa\x7f\x1c\xa7\xa1\x7b\x89\x73\x86\
\x61\x24\x51\x20\xd2\xc1\xa6\xc8\xbb\xec\xeb\xbf\xd9\x7a\xf4\xfc\
\x11\xd7\xac\xbc\xfc\xbe\x2a\x7f\xbf\x6a\x4a\x8a\x83\xc6\x4e\x1c\
\x07\x96\x19\x46\xb5\x24\x98\xb2\xf8\x73\x0f\xef\xe8\xf9\xea\xe9\
\x05\xbb\xf9\xa1\x88\x8d\x38\x82\x14\x33\x5b\xe1\x73\xc9\xc0\x09\
\x53\xcc\x19\xf0\x5f\xf7\x9e\xba\xe8\xf7\x4e\xff\x8d\xf3\x5b\xbd\
\x15\x27\x17\x4b\xef\xbe\x11\xe3\x7a\xc5\x10\x96\xd9\x20\x6f\xf3\
\x3a\x1a\xea\x3d\x34\xea\x0d\x5c\x30\x7b\xf8\x53\xff\x79\xdb\x17\
\x7f\x5e\x57\x19\x45\x8a\xbd\x11\x25\x39\x10\x50\x25\xc4\xe8\x5c\
\xa9\xcd\xb0\x06\x88\x08\x02\x2c\x94\x02\x09\x39\x10\xd8\x3b\x3a\
\xf0\x5f\x89\x83\xc0\xbe\xe0\x9b\x22\x00\x12\xcc\xd0\x61\x27\x26\
\xe1\xd6\x1d\x0f\x60\xbf\xd0\xac\x3b\xfa\x3e\x86\x45\xff\x18\x5b\
\x8d\x8a\x7d\x1d\x98\x2c\x7c\xb6\x1b\xf7\xd7\x73\x9c\xd6\x3c\xc6\
\x06\x3a\x15\x6a\x30\x43\x80\x99\xa1\x58\xc1\x1a\xbd\x7e\xe5\x2d\
\xd7\x97\x92\xd9\xa4\x99\x31\x65\x72\x78\xf6\x69\x4f\xfc\x20\x94\
\x3f\xe6\xb9\xb8\x33\xa8\xa9\x60\x3d\xad\xb9\xc4\x01\xef\xc2\xa1\
\x30\x42\x4e\xd1\xdf\xfa\x7c\x41\xbe\x75\xce\xc4\x65\x63\x6f\xf8\
\xda\xec\x1f\xb4\x54\x9b\x7c\x07\xe3\x4e\xca\x81\x78\x10\x76\x97\
\x04\x5f\x7d\xe4\x9a\x8d\xc9\x65\xa3\x2f\xdb\xa5\xdf\xfe\x01\x5b\
\x6d\x5c\x19\x91\x60\xb0\xb1\x65\xf2\x58\xeb\xb8\x7b\xd8\xe7\xd5\
\xba\x11\xaf\x44\x22\x47\x1e\xb1\xe5\x8c\x1f\x7d\xa6\xbd\xb4\x7e\
\x4e\x94\x1d\x25\xa4\x14\x80\x45\xc9\xe4\x0d\xab\x90\xa8\x57\x83\
\xff\xb1\xfe\xcf\x63\x96\xdc\x73\xfa\xc3\x9f\xa3\x2a\xc7\x7d\x1f\
\x24\xca\x3e\x29\x4c\x4b\x4d\x03\x00\x34\x0c\x8a\xb5\x0b\xc1\xc5\
\x80\x30\xc3\x20\x21\xc0\x05\x8a\xee\xcb\xdf\x59\x25\xbb\x30\xed\
\x7c\xa3\x6c\x72\x3e\x41\x48\x10\xb3\x24\x17\xa6\x24\x8f\xdc\xaf\
\x19\x4d\x22\x58\x91\x75\x43\x6e\x37\x29\x55\x98\xd9\x54\xa4\xbb\
\x0d\xd8\x2f\xb7\x63\xff\x8d\xa1\x2d\x00\x38\xca\x39\xd2\x72\x45\
\x80\x84\x24\x0c\xbc\x3f\xa7\x41\xf6\xf6\xc6\x59\x67\xc4\xff\x32\
\x75\x51\x83\x38\xf2\x27\x42\xc5\x23\x05\xd3\x66\x98\x7d\x49\x10\
\x36\x4c\x31\x09\x93\x2f\xe7\x79\x7d\x7a\xf3\xa8\xf4\xe9\x53\x96\
\x7c\xbe\xf9\x3d\x03\x95\x83\xd7\x8b\xf2\x80\xbd\x09\xab\x25\x41\
\x8a\x59\x4c\x5c\xd9\xf4\xb3\x3c\xd6\x9e\xeb\xfb\xbb\x5e\x8f\x89\
\x98\x12\x70\x0c\xb3\x11\x05\x9b\xd3\x90\x0d\x03\x63\x7c\xd8\xbc\
\x3e\xcf\x7c\xf7\x67\xe3\x5f\x69\x9c\xb0\xd3\xae\xfe\x22\x7b\xc5\
\x62\x94\xe2\x0a\x10\x0c\x6b\x6d\x81\xf3\x3a\x24\xbb\x9d\x10\x33\
\x83\x1e\x98\x33\x6c\xd1\xfd\xd3\x87\xfe\xfe\xd4\xdd\x12\x65\x8d\
\x07\xfe\xb4\xa0\x3a\x0f\xcf\x39\x1b\x77\x18\xd6\x2d\x92\x24\xc0\
\x60\x66\x40\x86\x9c\x1e\xc0\xde\x89\x83\x56\xd2\x7b\x06\x80\x1e\
\x03\xcc\x26\x90\xd9\x18\x58\x8f\x05\x4e\xcb\x82\xe5\x89\xfb\xc0\
\x30\xdc\x6b\x94\x0b\xb2\x6f\x48\x45\x05\x31\x2c\x11\xc8\xc2\x47\
\xa4\xab\xbb\x6b\x6f\x7c\x0f\xb1\x57\x5b\x7a\x40\xe6\xca\x1b\x7b\
\x02\xf2\x70\x13\x98\x17\x49\x0d\x0f\x2a\x2e\xde\x9d\x35\xf2\x4f\
\xff\xda\x50\x3c\x61\x7e\x88\x7a\x0d\xcd\xdb\x92\x6f\xd9\xb7\xcc\
\xc4\x92\xc2\x14\xa1\x88\x2c\xea\xcd\x0b\xf2\xf2\x8d\xd1\x57\x2d\
\x3d\x6f\xda\x0d\x37\x3d\x5e\xee\x20\x8c\x7a\x50\xaf\xa4\x8b\x03\
\xdd\x1f\xaf\x4a\x1c\xba\x66\xf9\xe5\x0b\x77\x36\x3c\x75\x5a\xce\
\xac\xbf\xcd\x05\x29\x45\x21\x01\x80\x34\x97\xac\x11\xd2\xd4\x85\
\x8f\xf8\x87\xb9\x9f\x79\x76\x25\x09\x5a\x6a\x43\x6b\x8f\x2b\x94\
\x36\x3f\x19\x81\xab\x94\x08\x4b\x30\x50\xe6\x82\x31\x80\xa9\x73\
\x0f\xbb\xa2\x81\x06\x2d\x99\xf5\xd9\x79\xbf\xbb\x63\xd8\xff\xf4\
\x4f\x37\x57\xa7\x05\x2c\x0f\xd4\xa5\xa2\xea\x3c\xfc\x81\xd9\x5f\
\xcb\x1b\x63\x0b\x24\x24\xc0\x8c\x40\x47\x4f\x1e\x0e\x00\xab\xb0\
\x77\xbc\xf9\x40\x6f\x30\x25\x2e\xb8\x67\x72\x9e\x84\x7e\x53\x0a\
\x55\xd1\x1b\xb4\x20\x92\xc7\x56\x49\x3e\xfb\x35\xd5\xcb\xdb\x90\
\x20\x01\x26\x30\x91\x90\x45\xbf\xa4\x73\x6d\x3b\xd6\x04\x19\x4a\
\x27\x93\x80\x2a\x59\x94\x6d\xef\x7d\x84\x24\xb7\xa7\xb6\x9a\x01\
\xc8\xa2\xcd\x59\x14\x23\xdf\xad\x17\x83\x7f\x44\x22\xac\xca\xb6\
\x60\xc0\x56\x30\xa4\x8d\x8a\xa8\x32\xba\x65\xe7\x4e\xff\x2f\x37\
\x5c\xb5\xf2\x8c\xa6\x6b\x96\x4e\x5c\xb9\x37\xae\x3b\xb5\x00\xd0\
\xd9\xc4\xa1\xa7\xbe\xbf\xeb\xaa\x65\x67\x5f\xd7\xca\x6b\x26\x1b\
\xe4\x5a\x23\x22\x2e\x85\x90\x46\xb3\x27\xf2\x54\xf2\xc3\x91\xde\
\xa7\xc6\x4c\xaf\x97\x51\xea\x3d\xe1\x7f\xfe\x7b\xf4\xc5\x6d\x58\
\x37\x5e\x7b\x3b\xb7\xc4\x44\x5c\x81\xa4\x30\x30\x5c\x30\xed\x5a\
\x3a\x21\x55\x1f\x39\xe2\x2b\x51\x3b\xfc\xc5\xd9\x43\xe7\xa5\x03\
\x02\x51\xe0\xa6\x72\x20\x07\x82\x0c\xa7\x34\x85\xb9\x84\x0a\xd9\
\x94\x01\x58\x9f\xeb\x2b\xa4\xd9\xbd\x3f\x30\x95\x1a\x9f\xc9\xbe\
\x5e\x7d\x11\x0c\x1b\xb0\x71\x0e\x9b\xf1\xd9\xff\x6e\xd8\x5f\x2a\
\xc0\xbb\x4d\x39\x62\xf1\x7e\xc4\x12\x54\x95\x03\x82\xd1\xbe\x6f\
\x0a\xfb\xe5\xe1\x55\x44\x3e\x6d\x9b\x7b\x6c\x84\xe2\x00\xb1\x05\
\x18\x12\x8a\x1c\xd9\xa5\x6b\x89\x4b\x5a\xb3\x1f\xe8\x04\x8b\xb0\
\x74\x2d\xab\x5c\xf9\xed\x39\xad\x91\x3f\x0f\x9b\xbc\xf2\x92\xdf\
\x30\x33\xa5\x52\x7b\xe7\xba\x53\x0b\x00\xfb\x61\x97\x20\x83\x8c\
\x9c\xb2\xec\x92\x99\xb9\xf0\xeb\xa3\x0a\x7a\xd3\x82\x08\x22\x8e\
\x90\x0e\xc3\x58\xe1\x99\x82\xb1\x4e\x44\xc4\xdd\x01\x3f\xfd\xca\
\x77\x9e\x7b\xae\x8c\xf6\x95\xa5\xe3\x7f\x7b\x54\x5b\xe9\xad\x9b\
\xe1\x97\x11\xa6\x88\x02\x04\x59\x63\x6c\x91\x0b\xda\x09\x75\xe9\
\xd6\xc5\x1d\xf4\x6f\xdd\xca\x43\x57\xce\x1e\xf6\xc4\xd7\x67\x4c\
\x99\x12\x7e\x2f\x10\x64\x0e\xa4\x40\xc0\x29\xb0\x20\x91\xb6\xac\
\xcd\x3b\x92\x24\x88\xc1\x96\x2d\x48\xc8\x7a\xe6\xaa\x78\xe6\xbe\
\x1d\x56\x82\xff\x0a\x5b\x1f\x20\x41\x9a\xcb\xac\xc8\xed\x4b\x91\
\xa3\x8e\xd9\xfd\xbf\xf7\x13\xb4\xb1\x03\x84\x94\x00\x13\x4b\x96\
\x10\xb0\x2d\x87\x7d\xb6\x7b\x6b\xc7\x12\xa5\xd3\xb3\x29\x11\x1f\
\x2c\x29\x04\x0a\x38\xc0\x00\x04\x2c\xfb\x4c\x81\xdd\x20\x62\x14\
\x57\xbe\x69\x59\x53\xe2\xd5\x57\x8e\x7b\x61\xcc\x84\xeb\x9f\xb9\
\x7e\x5d\xd5\x25\xf9\x50\x71\x9e\x3e\x28\x03\xc0\xee\xf5\xe2\x60\
\xfd\x57\x5d\xdb\x3c\xf1\xf5\x57\x2f\xfe\xe1\x79\x6d\xe5\xb7\xd3\
\xf0\xca\x26\x24\x62\x12\x2c\xd8\x5a\xc3\x39\x9b\xf7\x63\xa1\x3e\
\xc3\xe3\x7a\xf0\x2a\x77\xd5\x75\xff\x34\xfe\xa5\xc6\xaf\x7b\xe2\
\xad\x53\x73\xfe\x96\xc7\x15\xb3\x0c\x89\xa8\x24\x10\xfb\xb6\x64\
\xf2\x28\xf8\xe1\x50\xd7\x41\xf5\xce\xe0\xdf\xd6\xad\xfa\xfa\xd2\
\xd9\xc3\x9f\x9e\x92\x4a\x24\xdc\x4a\x8a\x77\xc0\x04\x82\x21\x89\
\xc0\xd3\xdb\x14\xcd\x76\x41\x81\xbd\xb7\x61\x03\x10\x7a\x66\x93\
\x43\xea\xb0\x0f\xd7\x52\x75\x12\x60\x28\xf7\x5a\x89\xf3\xcc\xcc\
\x92\x99\x4c\x44\xd5\x41\x1a\x1c\xbf\xbf\x0d\x32\xad\x27\x62\x81\
\x1a\xaf\x81\x14\x12\xbe\xd1\xdb\x2f\xb8\xed\xc2\x96\xfd\x41\x03\
\xae\xf6\x33\xd8\xd0\xb1\x1c\x4c\x51\x69\xb7\x34\x19\x0b\xe3\x8a\
\x98\x24\xe3\xdb\x76\xf3\xd6\x6f\x76\x0d\x5c\x34\x62\xdc\x8a\x2b\
\x7e\x7f\xb0\x8e\xf6\x0e\xd9\x00\xd0\xb1\x24\x48\x21\x25\xd2\xe9\
\x05\x66\xfc\x0b\x8d\xd3\xf2\xe5\x75\x8d\x79\x6f\xf3\xb2\xb0\x0a\
\x2b\x22\x49\x80\x11\x25\xd3\x6e\x84\x13\x76\xea\xc3\x03\xff\x6d\
\xee\x29\x8b\x97\x1b\x51\x2a\x4f\x5c\x79\xe6\x45\x05\xac\xbd\xbc\
\x64\x36\xbd\x14\x82\xe3\x84\x44\x58\x82\x2d\x79\x5e\xc9\x14\x4d\
\xd9\x38\x4e\xf7\xcf\xd4\xc9\x01\x77\x9e\xb0\xfe\x3b\x4b\x66\x8f\
\x78\x72\x7c\x2a\x05\x75\xa0\x05\x02\x19\x33\x86\x77\x1f\x10\x0b\
\x82\x8c\xe5\xb7\xe6\x23\xd8\xb7\xf1\x62\xa0\x93\x1f\xde\xfe\x86\
\xcf\xc5\x9c\x22\x25\x48\x58\x16\x50\x70\x54\x28\x70\xd3\x6d\xde\
\x0f\x1f\xa2\x62\x54\x2a\x45\xb8\x9f\xa9\x66\xff\x0c\x08\x65\xca\
\x24\x76\xc7\xb1\x4e\xcd\x00\x12\x48\x58\x30\x88\x4c\x55\x82\x3c\
\x90\x56\x22\x22\xc4\x44\x5c\x95\xbc\xcd\x2f\xe7\xe5\xdb\xe7\x8c\
\x5b\xd6\x78\xc3\x75\xd9\xef\xec\x3c\x98\x47\x7b\x87\x7c\x00\xe8\
\x48\x67\xcd\x24\x58\x4e\x79\xe5\xf3\x8b\x5f\x3f\xf2\xba\x33\xf3\
\xf6\xed\x1f\x91\xf1\x4d\x88\x62\x92\x48\x5a\x6b\xb5\x2d\x20\xef\
\x45\xdc\x5e\xc3\x62\xe6\xe8\x17\xe7\x9c\xfc\xf4\xbf\x4d\x5a\xf6\
\xb9\x3f\x5e\xb5\xe2\xac\x93\xdb\xf8\xcd\xff\x57\xf2\x76\xbc\x13\
\xe1\x88\x52\x14\x92\x00\xb8\x6c\x0a\xba\x64\x4b\x3a\xec\xf4\x38\
\x25\x26\xfb\xcf\x3e\xee\xa1\x67\x9e\x9b\x3d\xf4\x89\x2b\x53\xa9\
\xc6\x0e\x81\x80\x25\x3e\xc1\xa9\x81\x13\x71\x37\x33\xde\xfb\x0f\
\x0c\x41\x65\x92\xfb\x42\xdc\x09\xca\x06\x42\xdf\x7f\x3d\x6a\x07\
\xd8\x7b\x4b\x0a\x07\x6c\x2b\x77\xa3\x27\x8f\xaf\x10\x91\x6d\xe7\
\x7f\x77\xc2\x06\x5e\x9f\xd4\xcf\x54\xce\xb9\x80\x04\x04\x6d\xae\
\x0a\x7b\x76\xf6\x12\x10\x81\xf8\xee\xf3\xbf\x13\x25\x16\x47\x5a\
\xd6\x00\x98\x04\x49\x26\xed\xfb\x6d\xfe\x9a\x1f\xb7\xf4\xb9\x6b\
\xd4\x94\x25\x97\x35\x1f\x0c\xfc\xfd\x5a\x00\x78\x9f\x12\x71\x06\
\x19\x99\xce\xbe\xea\x8d\x5b\xda\x94\xca\x87\xd6\x36\x95\xbc\xad\
\x2f\x44\x28\xe2\x90\x90\x60\x6b\x64\xd9\x16\x0c\x54\xd4\xad\x8f\
\x1c\x91\x9e\x3b\x74\xe1\xf3\xb7\x9f\x7a\xf7\xc8\x49\xcb\x2e\xf9\
\xef\xad\xf2\x89\x21\x6d\xc5\x75\x29\xad\x5b\xde\x8d\x8a\xa8\x52\
\x42\x29\x10\xb3\x67\x0a\xbe\x67\x8d\x89\xba\x7d\x87\xc7\xd4\xc0\
\xec\x49\x8f\xfe\x6c\xd9\xbd\xc3\x1f\x9d\x38\xfd\xfa\xa1\x4e\x90\
\x0e\x06\x53\x83\x8f\x73\x7c\xb8\x6a\xb7\x3c\x38\xbf\x4b\x96\x51\
\x59\xa6\x81\x60\x11\x56\xf1\x9e\xdd\x00\xec\xee\x74\xef\x1d\x25\
\x78\xae\x6c\x6a\x6a\xd2\xb0\xde\x6b\x8a\x15\x88\x00\xcd\x06\xa0\
\xf0\x31\xd3\xaf\xbf\xde\x49\x83\x6c\x27\x7f\x4e\xaa\x28\x9a\x10\
\x31\xb9\x41\x1e\x4e\x4c\x20\xe8\xa2\xb7\x65\xb7\x18\x2c\x3a\x93\
\x47\x11\x64\x6e\x51\x1e\xd5\x8f\xc8\xed\x61\xac\x01\x11\x99\x30\
\x45\x45\xd1\xee\xcc\x8e\x5b\x71\xce\xbf\x4c\x7d\xf8\xd6\xc2\xc1\
\xc2\xdf\xaf\x05\x80\xbf\xb3\x93\x5e\x15\x65\x9c\xf2\xec\xe7\x17\
\x15\x4e\x9a\x7e\x7a\x9b\xbf\xe1\x67\xd0\xbe\x71\x28\x22\x41\x64\
\x2d\xfb\x36\x6f\x0b\x3a\xe2\x1c\x7e\x4a\x17\x1c\xf7\xec\x3d\x43\
\x9f\xf8\xb5\xd7\x25\x6e\x26\xbe\x7c\xfe\x8f\xda\x42\xaf\x9c\xba\
\x4b\xaf\x9d\xe6\xeb\xdc\xd6\x08\x45\x1d\x41\xae\xc3\x0c\x2e\x73\
\x51\xfb\x30\xc6\x75\x7a\x9e\x12\x91\x83\xee\x69\x58\x71\xd3\xd2\
\x39\xc3\xe7\x5f\x33\xfd\x92\x54\xf4\x3d\x7a\x31\xcb\xea\x8c\xf9\
\xe3\x80\x5f\xf0\x8a\x15\x01\x4d\x30\x33\x0b\x21\xa5\x2b\x45\x7c\
\x6f\xe5\xc1\xab\xe8\x59\xd9\x34\x64\xd2\x2f\x13\x73\x90\x25\x43\
\x83\x85\x38\x2c\xf6\xe6\x59\xfd\x3a\xea\xe8\x75\xd2\x6d\x0c\x00\
\xb8\xff\x1b\xf7\x77\x13\x52\xf5\x08\x98\x8d\x41\x32\x22\x1c\xdb\
\xb6\x5f\xfa\x27\x95\xe7\x52\xca\xe9\x5e\x8e\x08\x85\x2d\xb8\x12\
\x42\x01\xc1\x76\x55\x06\x19\xb9\x62\xe8\x72\xe7\xd3\x72\xeb\x1f\
\x72\x01\xe0\xfd\x0c\xc2\x6b\xef\xba\xab\x34\x61\xe5\xd9\x3f\xf0\
\xe8\xad\x46\xdf\xdb\xfa\x52\x4c\x44\x1d\x22\x45\x60\x4b\x25\x9b\
\x33\x50\x75\xd4\xcd\x39\xe6\x86\xfe\x3b\x47\x3f\x7f\xd7\xd0\x87\
\x3f\xf7\xe5\xe7\xbe\xbc\x69\xc2\x8a\x73\xd3\x45\xb5\xee\xd4\x96\
\xf2\xba\x9f\x5a\xbf\x75\x5b\x4c\xc6\x94\x14\x8e\x62\xb2\xb6\x64\
\x4a\xbe\xc7\x56\x87\x43\x3d\x4f\x89\xab\xfe\x33\xba\x6c\xbe\xe8\
\xf9\xb9\x23\xe6\x7d\x7b\x7a\xe3\xf4\x1e\xc9\x2c\x05\xa2\x99\xc8\
\xc8\xd4\xc7\xa0\x48\x24\xad\xf2\x03\x83\x14\x4b\x0c\x02\xb3\x80\
\x57\xf6\xc4\x47\x5d\x34\xb2\x54\x7c\xdd\x37\x25\x50\xa0\xf2\x6b\
\x42\x32\x1a\x53\xe5\x86\xc1\x1d\x75\xf4\x3a\x73\x25\xb7\x65\xa9\
\xed\x02\x2b\xbb\x5a\x36\x00\x13\x19\x6b\x00\x57\xac\xdd\x3f\xd9\
\x53\x10\xe4\x94\xe8\x75\x84\x43\x11\x30\xc3\x12\x0b\x32\x5c\x86\
\x70\xbd\x8d\x49\x24\xcd\x43\xf1\x87\x18\x9f\x42\x1c\x72\x12\x5a\
\x95\xa5\x13\x4a\x35\xce\x57\x13\x97\x5f\xb6\xb8\x78\xc2\xfd\xa3\
\x5b\xfd\x35\xbf\x24\xeb\xe9\xb0\x88\x4b\x41\xd2\x32\xfb\xc8\xdb\
\xbc\x0e\x87\x7b\x1d\x13\x17\xfd\x1f\x98\xfd\xd9\x79\xb7\xde\x76\
\xfa\x6d\xfd\xae\x59\x92\xdc\x78\xf5\x0b\xe7\xfe\x50\x47\x5f\x1d\
\xba\xcb\x5f\xfd\x63\xdf\x6f\xdb\x19\xa1\x98\xa3\x48\x39\xcc\x8c\
\xb2\x2d\xe9\x92\x2d\xeb\x70\xb8\xfb\xb1\x31\x67\xe0\x7f\x75\xc9\
\x9f\xfc\xd2\xac\x93\x17\xfc\xfb\x8c\xc6\x3f\x1c\x91\x44\xd2\xa4\
\xd3\x64\xdf\xb3\xc8\xda\x2f\xe5\x01\x89\x3a\xb7\x2b\x11\x01\x44\
\x4c\x44\x64\x59\x6b\x41\x68\xed\xa8\x20\xbc\x57\x07\x72\x4c\x50\
\xe3\x93\x2c\xad\x2e\xd9\x76\x0b\x40\x32\xc1\x86\x65\x1c\xd6\x8a\
\x13\xf7\x65\xcf\x00\x7b\x40\xc8\x09\xb9\xe1\x7a\x01\xe1\x58\xb2\
\x81\x2f\x27\x0c\xbc\x7c\xee\xdd\xfd\xa1\x06\x3c\xa6\x9a\x3d\x95\
\xf4\x91\x92\x1c\x50\x50\x43\x09\x9f\xcb\x60\xf2\x2a\x6b\xc0\x43\
\x6a\x01\xe0\xd0\x41\x20\xd1\x9c\x41\x46\x4e\xbe\xe7\x57\xf9\x09\
\xcb\xcf\xfb\x6e\x39\xfc\x76\x63\xd9\x6e\x5d\x1c\x42\xc8\x21\xe9\
\x08\x26\x86\xaf\x8b\xc6\x0a\x65\xbb\x44\x06\x7d\xb9\xbe\x7c\xd2\
\x92\x59\xa7\x3c\x38\x35\x91\x81\x1c\xff\xcc\x17\xdf\x9e\xb0\xe2\
\xbc\x7f\xd1\x75\x6f\x9d\xba\x4b\xaf\xfb\x85\xa7\x77\x6e\x8f\x8a\
\x88\x52\xc2\x51\x20\x0b\xcf\x94\xfc\x82\x29\xe9\x90\xd3\xb5\x5f\
\x43\xf8\x88\x7f\x89\x16\xfa\xbf\x70\xef\xf0\x67\x6f\xbb\x7b\xe4\
\xc3\x23\x69\xf7\x2a\x68\x40\x33\xee\xac\xf2\xa0\x42\x8d\x65\xf8\
\x74\x52\xf0\xb5\x05\x49\xac\x85\x5f\xf6\x8a\x2d\xad\x1d\x85\x3e\
\xf6\xc5\x2f\xd0\x98\xbf\xac\xf1\x75\x61\xab\x14\x0e\x31\x1b\x66\
\x4b\x10\x88\x9c\x08\x00\xdb\x3a\x91\x96\x5b\x4d\xc7\xdd\x48\xac\
\x8f\xa3\xc2\x92\x6c\x20\xfe\x11\x50\x72\x43\xfb\x65\x0f\xa0\x4a\
\x93\x26\xaa\x36\x36\x99\x05\x09\xe1\x71\xa9\xb5\xe4\xb6\xae\x05\
\xde\x9b\x88\xd4\x02\xc0\xa1\x94\x0d\xec\x76\xaf\x65\x39\x71\xe1\
\x65\x8b\x5f\xb9\xe8\xb4\xb3\x5a\xbc\xd5\xdf\x37\xe5\x7c\x7b\x84\
\x62\x2a\x70\xdb\x35\xc8\x73\x41\x3b\x6e\xd7\xfe\xf5\xa1\xa3\xff\
\xf7\x0b\xbf\x68\x7e\x6a\xc6\x67\xef\x1b\x0d\x00\x93\xe6\x5f\xb9\
\x61\xe2\xf2\x73\xbe\xd7\x52\xff\xd2\xc9\xbb\xec\x9a\x94\xd6\x6d\
\x1b\x23\x08\xab\x10\x22\x0e\x31\x91\x67\xca\x3a\x6f\x73\x5a\x39\
\xb1\x86\xba\xf0\x61\x5f\x8a\xd8\xc3\x9f\x9b\x3b\x62\xf1\xe3\x77\
\x8f\x78\xe4\xf2\x1b\x2f\xfc\x66\x28\xdd\xdc\xa4\xab\xe5\x41\xc5\
\x14\x83\xf6\xb5\x8b\xbd\x2a\x3b\x8d\xa7\x5f\x92\x8a\x42\x8b\x46\
\x9f\x3d\x80\x99\x1c\x72\x00\xf2\x37\xf2\xb1\xeb\x76\x00\x84\x1f\
\xe1\x47\x7b\xfd\x12\x57\xf7\xfe\xaf\x5e\x9e\x6e\x03\xd9\x37\x1d\
\x72\x40\x00\x34\x5b\x08\x84\x4e\x62\x66\x4a\x64\x61\x3b\x3b\x1d\
\x2f\xef\xf2\x7a\x28\x72\x01\x82\x25\x41\xb2\x64\x8a\x7e\x59\x79\
\x1b\x82\x4c\x26\xd1\xf9\x23\x40\x02\x04\x39\x87\x19\x62\x30\x83\
\x24\x29\x80\xcd\xe6\xf5\x63\xd6\x6f\xdf\x1f\xbc\x83\x5a\x00\x38\
\x90\xc8\x43\x59\x32\x99\x44\x46\xa6\xd3\xa4\x27\xbf\x70\xe1\xcf\
\xdb\xca\x6f\x8e\xcc\x17\xde\x7a\x24\x0c\x25\x95\x08\x0b\x66\x86\
\x36\x25\x53\x02\xfb\x31\xa7\xff\x98\xa8\x38\x62\xc1\x3d\xa7\x3c\
\xfd\xdf\x33\xc6\xce\xe8\x03\x00\x5f\x7d\xfa\xab\x1b\x27\x2e\x3b\
\xff\x47\x7e\xef\x37\x4f\xde\x59\x5c\xfb\x8d\x62\x69\xcb\xaa\x10\
\x94\x0c\xcb\x88\x22\x09\xb6\x56\xfb\x05\xdd\xee\x43\xba\x14\x95\
\x7d\x2e\xa8\xc7\xa0\x3f\xf4\xdd\x3e\xe9\xf9\x39\xc3\xe7\x7d\xff\
\xae\xd1\xd3\x07\x24\x91\x34\x55\x9f\xba\x7d\xc9\x0a\xb2\x27\x64\
\x9d\x34\xd2\xb6\x6e\xc7\xb0\x71\x71\xd9\xf3\x08\x6d\x7d\x4d\x44\
\xac\xa0\x98\xd9\x7b\xf6\xda\xbb\xd2\xa5\x4c\xc2\x4a\xde\xc7\xd1\
\xf9\xb4\xc6\x05\x12\x0c\xa8\x30\x5e\xa5\xca\xdf\x61\x60\x60\xb4\
\x3d\x76\xf6\xa5\xb7\x74\xef\x2c\x71\x90\xbf\x7a\xf1\x24\xa2\x80\
\xac\xf8\x01\x11\x84\x20\x4f\x51\x6b\x2e\x58\x7e\xea\x3c\x0e\x40\
\x75\x04\x38\xfd\xe2\xeb\xa3\x44\x62\xa0\xb1\x3a\xd0\x01\x84\x84\
\x45\x79\x7d\x3a\x9d\xd6\x1c\x8c\x1d\x6b\x25\xc0\x21\x9d\x0d\x74\
\xe8\x0d\x5c\xb7\x6a\xfc\x6b\xe3\x5e\x1e\x73\x49\xbb\x7e\xe3\x1a\
\xe3\xb7\xbe\x53\x27\xeb\x14\x48\x0a\x18\x23\x4a\x26\xaf\x65\x28\
\x22\xba\x86\x06\xff\x43\x6c\xfb\x09\x2b\x67\x9d\xf6\xc8\x97\x53\
\xa9\xe0\x39\x4d\x7c\x78\xe2\xf6\xc9\x2f\x5d\xf0\x3f\xef\x9e\x39\
\x77\xe8\x2e\xf3\xe6\xd5\x45\x7f\xdb\x32\xc7\x4a\x27\x2c\x62\x0e\
\xac\x50\x6c\x8d\x29\xd9\x9c\xef\x13\x1b\xd7\xed\x7e\x42\x17\x67\
\xf0\x4f\x23\xfa\x94\x97\xe6\x8c\x5c\x78\xe7\x9d\x9f\x7d\xb8\x29\
\x91\x80\xac\x66\x05\x55\x63\xcb\x14\x02\xe9\xa9\xbf\x6b\x35\x95\
\x62\x31\x7d\xe8\x0a\x27\xf9\x6a\xd2\x9b\xd3\x34\xe7\x48\xd7\xef\
\xfb\x63\x9f\xd8\x32\x8c\x00\x0b\xe1\xd9\x02\x59\x2e\xcc\xae\x6a\
\x07\x7f\xd4\x1a\x99\xd8\x2c\xb7\xc6\x07\x93\x20\x63\x7d\x1b\x12\
\xf1\x6e\xd8\xde\x75\xc8\xde\x4a\x8e\xed\x51\x33\x33\xe2\x1c\x4d\
\xc1\xbd\xcb\x04\x09\x21\x68\x67\xaf\x33\x7b\xb5\xef\x2f\x27\xa0\
\x7a\x7d\x7a\x5f\x62\xb7\x97\x61\xd3\xe1\xbe\xf7\x5f\xd9\xdf\x6c\
\xc7\x5a\x00\xc0\x81\x37\x29\x48\x21\x25\x52\x60\x31\x61\xe5\xa5\
\x77\x15\x9d\xd7\x87\xe6\xcd\xdb\x37\xa3\x5c\x36\x21\x15\x91\x2c\
\x08\xcc\x06\x05\xe4\x7c\x47\x76\xed\x57\x8f\xa3\x6f\x3d\xee\xe1\
\x45\xf3\xef\x1e\xf9\xc0\xc8\x6a\x4e\xf1\xad\x9b\x7e\xe3\x5f\xbd\
\xe2\x92\x7b\x5e\x5b\x3e\x6a\x54\x49\xbd\x7b\x59\xae\xfc\xf6\xe3\
\xac\x0b\x14\x15\x31\x25\x84\x74\x40\x6c\x7d\x53\xf4\xf3\x36\xef\
\x4b\x51\xdf\x50\xaf\xfa\x4f\x89\xbb\x03\x9e\xfe\xfc\xba\xc5\x2b\
\x67\x9d\xf2\xd4\x3f\xcf\x1a\xf5\xe0\x71\x54\xe9\x53\xa4\x41\xb6\
\xba\x99\x97\x49\xb0\xac\xba\xdd\x02\xe0\x74\x9a\xec\xd4\x95\xc3\
\xfc\x59\xa7\xdf\x3f\x4a\xe6\x8e\x7e\xd2\x75\x1a\xfa\xf8\xb6\x04\
\x30\x6c\x58\x44\x65\xd1\xec\x5c\xe6\x0c\xba\x6b\xfe\x47\x25\xae\
\x6c\xab\x36\xdd\x54\xe9\xc5\x22\xb7\x33\x31\x49\x10\x9b\x88\x6a\
\x80\xb2\xdd\xce\xed\xcc\x46\x60\x75\xcd\xd7\xe6\x45\xf7\xaa\x0c\
\x90\x23\x14\x7c\xdf\xdb\x34\x36\x3d\xb6\xed\xa3\x18\x73\x7e\x98\
\x13\x50\xb9\x2d\x3e\xc0\x91\xe1\xb0\x65\x63\x40\x04\x26\x0b\x86\
\x5d\xd7\x31\x00\x7e\x1a\xa1\x3e\x8d\x1f\x3a\x60\x11\xa6\xab\x4e\
\xac\x5b\x01\x7c\x7d\xd6\xf0\xcc\x3d\xda\x3f\xfc\xbf\xea\x9c\xde\
\xa7\x79\xd0\xd0\xec\x59\x9f\xcb\xd6\x40\x70\x3c\xdc\xe7\xac\xa2\
\x17\x79\xe6\xde\x11\xcd\x37\xe7\xbb\xad\xfe\x31\x3d\x4e\xdb\xe6\
\x83\xd5\x18\x82\x25\xd0\x43\x00\x1e\x9a\x75\x7a\x66\x54\x9b\x97\
\xfb\xba\xc3\xf5\x9f\x8f\x3a\xdd\x22\x1e\x79\xd0\xac\xb5\x61\x5f\
\x17\x58\x33\xa4\x94\x31\xd1\xf3\xb3\x84\x9e\x9f\x2d\x78\x2d\xff\
\x32\x77\xd8\x73\x0b\x8d\x28\x3e\x8e\x70\xfb\x82\x86\xe8\xbc\x57\
\xc7\x3e\x9e\x2e\x23\xfb\x5e\x17\x2f\x93\x49\x48\xfd\x3f\xc9\x53\
\x6c\xb9\xeb\x17\x1d\xaf\xdb\x97\x5c\xa7\xde\xf5\x6c\xd1\x10\x20\
\xa4\x0c\xb1\xb6\x39\x90\xda\xf1\xff\x92\xd9\xac\xc9\x24\xb2\x12\
\x59\x98\x8f\xa0\x38\x14\xf8\x05\x9e\xb0\xf1\xb5\xdc\xcb\xf5\xeb\
\x23\xa2\x7e\x90\xb6\x65\xe3\xb3\x06\x73\x34\x31\xfd\xfa\xe9\x3f\
\x1a\x73\xcb\x98\x4e\xb1\xaa\x5e\x95\x9d\xc6\x20\x80\x5c\xa7\xb7\
\x65\x0b\x66\x00\x96\x01\x69\xf7\x8b\x15\x76\x35\x70\x49\xe9\x1e\
\xe3\x52\x14\x65\xe3\x19\x30\x4b\x9f\x8b\x10\xca\xbe\xf1\x57\x01\
\xb0\x16\x00\x3e\x5d\xa8\x6e\x18\x66\x01\x91\x5c\x4e\x8b\x53\xa9\
\xc6\x33\x8f\x7e\xec\x9f\xff\x41\xd9\xba\x7f\x8e\xab\xbe\x0d\x25\
\x2e\x6a\x86\x46\x49\x17\xb5\x90\x11\x19\x15\xdd\x6f\x90\x3b\xea\
\x2f\x9f\x33\xe2\x89\x7f\x6f\x5a\x4e\xb7\x83\x81\xcc\x09\xaf\xb8\
\x18\x32\xc4\x24\xb3\xb4\x18\xc0\xe2\x59\xa3\xee\x3b\x4e\xdb\x5d\
\x93\xa5\x8e\x4e\x8a\xc8\xae\xfd\x21\x14\xca\x5c\xb2\x96\xd8\x94\
\x74\xc1\x0a\x21\x58\x3a\xb1\x70\x88\xc3\xe7\x13\xf3\xf9\xb9\xfc\
\x0e\xdb\x5a\x98\xb8\x76\xce\xa8\xc4\x1b\xcc\xfa\x1d\x52\xb0\x80\
\x8a\x9a\x5f\xaa\x93\xc9\xca\x93\x1a\xdc\x1e\x54\x54\x65\xf6\x6d\
\xc1\x00\x20\x21\x1c\x2f\x2a\x22\xa1\x16\xb3\xf1\x3f\xc6\x2f\xfd\
\xdc\xb3\x9d\x61\x27\x5d\x25\x34\x5d\x76\x0b\x15\xe6\x8c\xfc\xd3\
\x13\x2e\x39\x5f\x31\x28\xc3\xe3\xb2\x8e\xc9\x6e\xc7\x62\xe5\xa0\
\xcb\x09\x94\xad\xd8\xbe\x7f\x94\x7f\x8b\xd2\x48\x5b\xb6\xa0\x7b\
\x4f\xe3\x81\x56\x58\x10\x81\x48\x10\x24\x63\x63\xd0\xb8\xcd\x0a\
\x00\x9d\x4f\xc8\x29\xa9\x81\xc2\x95\x60\x18\x00\x42\x78\xba\xa4\
\x55\x8c\xb6\xec\x8f\xa6\x63\xad\x04\x38\xe8\x36\x0c\x2b\x74\xe2\
\x74\xb3\x9e\xb4\xec\xfc\x5f\x96\xea\x5e\x1e\xd6\xae\xd7\xcf\x91\
\xd6\x28\x97\xc2\x0a\x4c\x80\x35\x5c\xb4\x39\xdf\x51\xb1\x81\x31\
\x1a\x78\xdb\xdc\x11\x0b\x9b\xef\x1c\x71\x5f\x53\xf2\xd5\x13\xbd\
\x64\x96\x4c\xe6\x84\x8c\x9b\x6a\x9c\xaf\x26\x2e\xbe\xf2\xf5\xf1\
\x4b\xcf\xfe\xa1\xdf\x67\xfe\x67\xdb\x78\xf5\x75\x05\xb3\x79\x09\
\x5b\x5f\xc4\x44\x9d\xa3\x28\xa4\xd8\x12\xb1\x35\x7e\x89\xf3\xba\
\xc8\x25\x2d\x9d\x98\x88\x3a\xdd\x8f\xaa\x43\xff\xb1\x5d\xc4\xe0\
\xeb\xbb\xd8\xc1\x5f\xa9\xb7\x03\x26\xc7\x64\xef\xcf\x28\x55\x87\
\xa2\x29\x68\xb0\x66\x06\x58\x08\x25\xa2\x14\x0e\xb5\xe8\x35\x77\
\x8c\x5f\x71\xf6\xbf\x56\x0e\xbf\xed\x2c\xff\xa1\x80\x0f\x90\xcf\
\x78\xba\x1d\x00\x49\xb0\x21\x56\x92\x81\xf8\x8f\xe6\x37\xce\x08\
\x03\xef\x29\xeb\x7c\x14\x16\xe0\x93\x57\xdf\x1d\x65\x2d\x62\x16\
\x16\x04\x86\x10\x02\xa6\x54\x7c\x1b\x00\xbe\xd6\xd8\x93\xf6\xc7\
\x08\xd0\x09\x85\x8f\x0a\x1a\x8e\x0c\x45\x0e\xb1\xd5\xdb\x4b\xa1\
\x37\xde\xee\xec\xa6\x63\x2d\x00\x1c\x02\x74\xe2\x6b\xe6\x4f\x5d\
\x33\x7e\xc5\x98\x09\x39\xb5\xfe\x92\x52\x71\xfb\xf3\x11\x84\x95\
\x20\x57\x32\x33\x79\xba\x68\x4b\x30\x3a\x22\x0e\x3b\x2b\x6e\x8e\
\x7c\xfa\xde\xa1\x0b\x67\xdd\x35\x72\xce\xf1\xc9\x57\x93\x5e\xd5\
\xc7\x70\x7e\xe3\x7c\x35\xf1\x91\x1f\xb4\x4c\x5c\x7e\xf1\x6d\x57\
\xad\x38\x63\x94\xe7\x6e\x3a\xb3\xdd\x7b\xeb\x77\x65\xdd\xb2\x39\
\x04\xa5\x22\xa2\xce\x11\xe4\xa8\xa0\xd8\xb5\xbe\x67\x8b\x5e\xd1\
\xb6\x7b\x05\xd3\xe6\xe5\x6d\xbb\x57\xb0\xed\x7e\x89\xf3\x3e\xb3\
\x36\x24\x04\x0b\xe9\x88\xb8\xa8\x57\xd0\xa5\xc2\x2e\xbb\xe1\x7b\
\xe3\x97\x35\x7d\x29\x65\x53\xa2\x92\xba\x73\x67\x66\x43\xaf\x39\
\x2f\x3c\x53\x30\x3b\x57\x3a\x22\x4c\x0c\x62\xcf\x78\xa6\x3e\xd4\
\xf7\xb8\x4d\xed\xfd\x7f\x92\xcc\x92\x19\x82\x69\xb4\xaf\xcb\x3a\
\xd5\x86\x5c\x3e\x17\x3f\x8c\xa4\xea\x1b\x34\xe4\x04\xc1\x5a\x50\
\x44\xee\x0f\x0e\x00\x25\x90\xb0\xcc\x29\x01\xdf\x19\x6c\x99\x2b\
\x4e\x40\x0a\x16\xe5\xf5\x93\x1e\xbb\xa1\xbd\xb3\x7b\x0e\xb5\x00\
\x70\x88\x34\x09\x33\xc8\xc8\xab\x17\x5f\xf2\xc8\x96\xbe\xe9\xd3\
\x73\x66\xf5\x3f\x6a\xbf\x75\x5b\x4c\xd4\x29\x12\x92\x88\x2d\x95\
\x6d\xd1\xc0\x71\x6d\x3c\x74\xf8\x84\x98\x39\x66\xd9\xec\x61\x4f\
\xfd\xf4\xd6\xb3\x7f\xdd\x7b\xea\xca\x61\x7e\x53\x73\x93\x9e\xdf\
\x38\x5f\xa5\x1a\xe7\x2b\x30\x61\xe2\xb3\x63\x17\x8d\x5b\x71\xe6\
\xd7\xbc\x86\xbf\x9c\x94\x17\xab\x27\xb6\x9b\xb7\x7f\xef\xeb\xdc\
\x0e\x07\x52\xc6\xa8\xce\x89\x88\xb8\xeb\x8a\x88\x2b\xc9\x71\x05\
\x94\x2b\xe0\x3a\x21\x8a\x38\x51\x59\xa7\x22\x14\x71\xac\x2e\xb7\
\x17\xcc\xa6\x7b\x8c\xdc\x70\xda\xb8\x25\x63\x7e\x91\xe2\x94\x48\
\x23\xcd\x9d\xfd\xe2\x66\x13\x59\x91\x6e\x4e\x6b\xe1\xfa\xff\x4e\
\xc6\x27\x08\x01\x66\x2b\x8b\x5c\xd6\xf1\xc8\x61\xdf\x9e\x35\xe2\
\xa9\x7f\x4b\x82\x4c\x55\xa6\x6d\x6f\xb3\x81\x69\x15\xb3\xcf\xe2\
\x66\x5d\x27\xd8\x09\x59\x58\x66\x26\x32\xd6\x87\xe5\xf2\xda\xce\
\xae\xc7\x03\xb3\x21\xe2\xec\x79\x91\x3a\x62\xea\xaf\x59\xc3\x82\
\x48\xb2\x00\xa0\xd7\x10\x81\xb3\x9f\xf2\x33\xa0\x6a\x67\xfe\x83\
\x9a\x84\xa8\x36\x09\xcb\xc0\xe3\xbf\x9a\xd9\x38\x73\x2e\xf2\xde\
\xbf\x01\xb1\x2f\x86\x55\x17\x59\xe2\x92\x06\x5b\x2e\x9a\x82\x25\
\x15\x8b\xd7\xa3\xeb\xf7\xd5\xae\xf8\x35\x73\x46\xcc\xfb\xd5\x5b\
\x7d\x1e\x9f\xde\xf4\x60\x53\x3b\xc0\x94\x49\xcc\x95\x55\x3a\x4a\
\x32\x4b\x3b\x00\xcc\x06\x30\x3b\xd3\xf8\x70\x9f\x5c\x49\x8d\x96\
\x26\x32\x9c\x8d\x38\x59\xb0\xd3\x97\x05\xf5\x95\x82\x22\x20\x2a\
\x97\x0d\xde\x65\x61\xdf\x24\xe8\x27\x4b\xd8\xfe\xd8\xe4\x65\x9f\
\x5b\x17\x6c\xef\x05\x7b\xea\xfb\xab\x27\x92\x40\x46\x8e\x7f\xee\
\xbc\x3f\xde\x3d\xf4\xa9\x4c\x0f\xe7\xe8\x64\x9e\xda\x7d\xcb\xbe\
\xd2\x2c\x4d\x83\x73\x44\x3a\x3b\xf2\xd9\x61\x25\x67\xe3\xf7\xaf\
\x6e\x6e\x7a\xb5\xfa\xfb\x20\xf1\x9e\xdc\xf7\x87\x06\x80\x05\x0b\
\x04\x83\x79\xae\x78\xec\xe8\x10\xc5\xe0\xb3\x6f\x00\x26\x16\x1a\
\x92\xec\xf6\xce\xfe\x3c\x95\xbd\x03\xf6\x4b\x47\x75\x57\xec\xd6\
\x5b\xe8\x60\xef\x88\x18\x10\x7a\xd5\x6e\x7f\x84\xe6\x5a\x00\xa8\
\xe1\x83\x35\xec\x29\x85\xf9\xf2\xea\xe6\xa6\x77\x00\x5c\x3f\x73\
\xf4\xef\xef\xb0\x5e\xbf\x9f\x45\x65\xcf\x46\x03\x0b\xdf\xfa\x1a\
\xec\xd9\x22\x8c\x75\x9c\x6e\x7d\xa2\xe8\xf9\x9f\x83\x36\x5d\x79\
\xed\x3d\x23\xcf\xf9\xd1\xa4\xe5\x34\x37\x99\x85\x49\x81\xc5\x90\
\x44\x96\x18\x4c\xd9\x44\x56\x24\xb2\x09\xa6\x66\xda\x02\xe0\xf7\
\x95\x3f\x48\xa5\x20\x06\x2c\xcd\x74\x77\x8b\xe5\x50\x7d\xbd\xf4\
\xb7\x5c\xb2\x60\xe7\xd4\xa9\xb7\xf8\xd8\xbd\xb6\x9b\x91\xab\xb0\
\x8a\xf7\xb7\x50\x67\x06\x09\x0b\x30\xdd\x19\xbf\x73\x6a\x6b\x7b\
\xf4\xc4\x86\xc8\xe1\x27\x14\x6c\x9b\x6f\x8d\x56\x05\xb0\x8e\x38\
\x7d\x2f\x45\x39\x7c\xf6\xdc\x91\x0b\x6f\x2d\xc5\x37\xfe\x2e\x39\
\x2f\xf9\x46\xd0\x3e\x20\xa4\x1a\x9f\x56\x68\x5e\xf0\x81\xd6\xd7\
\xfd\x72\x75\x44\x20\x9e\x65\xe7\x9d\xe1\x08\x17\x9a\x3d\x06\x09\
\x59\xb2\x05\x4d\xdd\xed\xdb\x00\x90\xe8\xc4\x86\xdc\x90\xc4\x10\
\x42\x16\x60\x11\x1e\xe8\xc8\x48\xd8\xb0\xb5\x00\x09\x1f\x45\x18\
\xe1\xbd\xbe\x3f\xd4\x87\x0f\xbe\x1e\x58\x0d\x7b\xcc\x28\xcb\x22\
\x2b\x92\x48\x1a\x30\x68\xe6\xa9\x8f\x5f\xeb\xa8\x2e\xff\x12\x57\
\xbd\x07\x95\xd8\x83\x65\x5f\x13\x40\x2c\xc8\xba\x36\xec\x10\x7c\
\x94\x4c\xcb\x42\x1d\xce\xff\xfb\xc4\x45\xe7\x3d\xf5\xde\x21\x4e\
\x70\x75\xc7\x3e\x9b\xc8\x8a\x55\x5b\x7b\x12\x9a\xc7\xd8\x34\xfe\
\x56\x6f\x2e\x05\x16\x68\x5c\x20\x3e\xec\x50\xed\x0f\xa4\x52\x2c\
\xd2\x69\xb2\xb7\x9f\x31\x6b\x70\x9d\x77\xcc\xa3\x31\xd9\xeb\xd8\
\x02\xe7\x7c\xb0\x15\x10\x60\x01\xa5\xc2\x08\x23\xef\x6f\xcb\x31\
\x95\xb3\x3a\xd4\x7e\xd7\xc4\x67\xc7\x36\x83\xdf\x7b\x56\xd3\x1a\
\x17\xc8\x8e\x4b\x3d\xab\x56\x41\xa6\x5f\x4d\x7a\xf7\x8c\xbd\x6d\
\xa0\xbb\xfd\x33\xcf\x2b\xd9\xa5\xc1\x58\x8f\x15\xb9\xb2\x64\xb6\
\xad\xeb\x72\x5a\xdb\xf1\x63\x6f\x1a\x5b\x46\xc5\xc1\xb7\x53\x3e\
\x47\xe3\x7c\x95\x6e\x6e\xd2\x99\x31\x4f\x4d\x8d\x7a\x47\xfc\x6f\
\xd1\x96\x7d\x00\x8a\xb9\x48\x79\xfb\xfa\x29\xd7\x2e\x9f\xf4\x62\
\x0a\x2c\xfe\xde\xb3\xaf\x05\x80\x1a\x3e\x40\x9d\x93\x05\xa5\xc1\
\x00\xf1\xcd\x17\xff\xb4\x6b\xb7\x9d\xc3\xbe\x23\xfd\xae\xdf\x8c\
\x38\xdd\xea\x8b\x5c\x62\xb6\xc6\x08\x10\x11\x09\xb8\x22\x2c\x3d\
\xd3\x0e\x6d\xdb\x1f\xd6\xa1\xb6\x9f\x4f\x7c\x76\xec\xa2\x8e\xb7\
\xf9\xfb\x0e\x35\x31\x18\xd3\x30\x8d\xa6\x61\x5a\x85\x1a\xf8\xc9\
\x35\xa7\x18\x2c\x08\x64\x6f\x3d\xfb\xd6\xde\xf1\xb6\x13\x6f\xaf\
\x77\x7b\x5d\xec\xb1\x81\xb6\xbe\x06\x1b\x62\x10\x4b\x21\x55\x48\
\x84\x51\xd2\x6d\xb0\x36\xb7\xc8\xe7\xdc\x6c\x27\x5a\x7e\x3c\xf9\
\x4c\x50\xae\xbc\x1f\xf7\x8d\xbd\x67\x20\xb6\x0f\xba\xcf\x55\xbd\
\x87\x95\x6d\xd1\x00\x64\xe3\x88\x3a\x6d\x66\xed\xcd\x57\x2d\x3f\
\xf7\xeb\x9d\x30\x66\xc4\xfb\x9d\x7d\x9b\x9a\x9b\xf4\xbd\x23\xfe\
\xf4\xb3\x2e\xea\xe8\xef\xe5\x6d\xbb\x27\xe0\xba\x3e\xef\x6a\xb5\
\x7d\xd6\x7c\x66\xfc\x1f\xc7\xbf\x9d\x4a\xa5\x44\x3a\x9d\xae\x05\
\x80\x1a\xf6\x32\x55\xee\xf0\xb2\xde\x31\x72\xd6\xd1\x51\x6f\xe0\
\xf7\xa4\x88\x4e\x89\x3a\xdd\x54\xd1\x16\x0c\x93\xad\x6c\x9d\x08\
\x0a\x23\x2a\xcb\xba\x1d\x3e\x72\x73\xcb\xe5\x8d\x3f\x9f\xf2\x72\
\xe2\x85\xf7\x67\x04\x07\x68\xd6\x23\x08\x64\xc1\xa0\xb9\xc3\x9f\
\xfa\x9a\x40\xfd\x3f\xc5\xdc\x1e\x03\x3c\x6b\xe1\x73\x49\x03\x36\
\xe0\xf2\x93\x10\x21\x84\x05\xb1\x41\xc9\xdf\x95\xb7\xc4\xcb\xb4\
\x2c\x3e\x6b\x9d\xf6\xe7\x05\xc9\x9d\xc2\xca\x10\xb3\x7b\x96\xd2\
\xb1\xeb\x43\xb2\x5b\x4f\x0f\x45\x43\x00\x09\x84\x18\x36\x6f\x10\
\x5e\x77\xf2\xe7\x17\x7e\xfe\xb5\x20\xb8\x76\xde\xb3\xa8\xf6\x4b\
\xe6\x8c\x68\x9e\x5b\xaf\x06\x24\x0b\x36\xe7\xb9\x22\xe2\x16\xf5\
\xb6\x37\x5e\x8b\x7c\x7f\x48\xba\xb9\x59\xef\x0f\x1b\xf2\x5a\x00\
\xf8\x34\x95\x05\x09\xec\x56\x8d\x9d\x3d\x74\xf6\x48\x89\x01\xff\
\xec\xc8\x86\x4b\x15\x85\xe1\x51\xc9\x58\x66\x10\xc0\x82\x84\x88\
\x88\x98\xc8\xfb\x3b\x3d\xdf\xcf\xcd\xd6\x6a\xdb\xaf\x26\xaf\xf8\
\xc2\x2b\x07\x7a\x20\x08\xc6\x64\x82\x01\xc6\xad\xa7\xfd\xaa\x5b\
\x9c\x4f\xba\x4e\x72\xfd\xf5\x31\xd1\x73\xb0\x15\x40\x49\x17\xac\
\x05\x5b\x41\xc4\x0c\x22\x41\x52\x85\x28\x04\x09\x01\x6d\x4b\x30\
\xe4\x43\xb0\x82\x12\x61\x94\x51\x82\xb6\xbe\x05\x40\x52\xb8\x7e\
\x4c\xc6\xdc\x16\xfb\xe6\xbf\x8c\x7f\xee\xec\x1f\xef\x9f\xe6\x26\
\x13\x33\x61\xce\xd0\x67\x96\xd7\x85\x0f\x1b\x5a\xb6\x39\x2f\x24\
\x62\x6e\xbb\xbf\xf9\xb1\x09\x2b\xce\x18\xcb\xfc\xe9\x1e\x01\xd6\
\x02\x40\x27\xda\x4e\x55\xfd\xee\x00\xe0\xee\xd1\x8f\x9c\x17\x2a\
\x75\xfd\x9e\x8b\xfa\x73\x84\x1b\x82\x67\x3d\x4d\x30\xc4\x10\x4c\
\x92\x64\x98\x23\x54\xf4\x76\x96\xac\xf0\xe6\x18\xd1\xfa\xeb\x09\
\x4b\xc7\xbe\x5c\xbd\x71\xa7\xa5\x80\x03\x51\x7f\xbe\x63\xc6\xf3\
\xe8\xc4\x1b\xeb\x73\x6b\x4e\x4e\x92\x8d\x7c\xd1\xa1\xd8\x28\x17\
\x31\x14\xa9\x08\xb6\x46\x33\x71\xb0\x65\x6d\x01\xb0\x20\xa2\x40\
\x7d\xdf\x12\x5b\xb0\x11\x20\x61\x09\x52\xc5\x28\x4c\x3b\xf4\xea\
\xe9\x93\x96\x9f\xff\x95\x0e\x84\xa6\x4e\xdf\x02\xbc\xf5\xfc\x5b\
\xbb\xd5\xb5\x9e\xf4\xba\x2b\xbb\xf5\x34\xec\xf9\x51\x19\x73\x5a\
\x4a\x6b\x6f\x9e\xb4\xf2\x9c\x4e\x2f\x39\x50\x9b\x02\xe0\xd3\x3b\
\x36\xcc\x06\x07\x18\x00\xe8\x59\xfa\x13\x08\x7f\x9a\xf5\xd9\xc7\
\x12\x8e\xae\xff\xd7\x88\xea\x73\x92\x81\x85\xcf\x65\x0d\x6d\x6d\
\x11\x05\x26\x27\x1a\x8e\x53\xcf\x6b\xf3\x26\x3c\x7e\xce\xd0\x45\
\xb3\x7d\xd9\xf2\x1b\x5a\x46\x2f\x21\x1d\x64\x04\x89\x54\x82\xe9\
\x00\x0a\x04\xc9\x2c\x99\x6a\xc6\x33\x76\x16\xb5\x01\xb8\x0d\x02\
\xb7\xdd\x77\xe6\x9f\xce\xf5\x8b\xe1\x6b\x60\xc2\x63\xa3\x4e\xd7\
\xae\x4c\x02\x1e\x7b\x30\xa4\x2d\x07\xe6\x1b\x96\x61\x05\x41\x48\
\x29\xc2\x22\x44\x61\x59\xf2\x77\x96\x5b\xd5\x3b\xa9\x49\xcb\xcf\
\xff\x79\x0a\x2c\x92\x81\xde\x00\xef\x8f\x11\x60\x1d\xd7\xf5\x13\
\x56\x74\xb5\x42\x73\xb0\x7b\x68\x21\xc2\xfa\xd5\xfd\x6d\x41\x8e\
\x1a\x11\xe8\x53\x49\x2b\xb6\x04\xb2\x99\x44\x46\x32\x33\x4d\x7c\
\xf1\xa2\xec\xdb\x47\xfc\x7a\x64\x9e\xdf\xfc\x96\x6f\x76\xfc\x25\
\xc4\xae\x52\x32\x2c\x41\x04\xb6\xc6\x14\x4c\x9b\x81\x74\x43\x31\
\xb7\xef\x17\x43\xf6\xb0\x25\xf7\x8e\x58\x32\x6b\xf6\xe9\x8f\x0c\
\x4b\x22\x69\x28\x4d\x36\x05\x16\x15\x3f\x82\x03\x4a\x5b\xa1\x2a\
\xb2\x02\x4b\xb8\xb2\xf9\xbc\xa7\x12\xcb\xce\x9c\x24\x7a\xbc\xf5\
\x99\x36\x5e\xff\xcd\x82\x79\xf7\x49\x6d\x72\xdb\x61\xb5\x08\x43\
\xaa\x28\x85\x9c\x08\x85\x25\x59\x5f\x68\xbf\x6d\x63\xce\x7b\xe7\
\xd6\x42\x74\xe3\x69\xe3\x17\x9f\xff\xf3\x14\x52\x22\x1d\x48\x93\
\xf3\xfe\x70\x20\x06\x00\x2e\xb9\x47\xba\x32\xae\x98\xd9\x32\x43\
\x94\x6d\x11\xac\xf4\xc6\xda\x08\xb0\x96\x01\xec\x6f\xfe\x40\x95\
\x48\x54\x04\xb2\x37\xfd\x36\x91\x9a\xd1\x6d\xf5\x59\xd7\x2a\x19\
\xfb\x56\xc4\xe9\x79\x94\x61\x0b\xdf\x96\x35\xac\xb5\x25\x2e\xb0\
\x90\xa1\x70\x54\x74\x9b\x50\xf0\xdd\xc4\x9c\xa1\xcd\x73\xe1\x16\
\x7f\x37\x7e\x31\x3d\x57\xc9\x2c\x28\x9b\xc8\x8a\xce\x4e\x93\x3f\
\x4a\x20\xa8\x6e\x1f\x66\x12\x19\x89\x2c\xf0\x85\xc7\xbf\xf0\x0e\
\x80\xdf\x02\xf8\xed\xec\xb3\x67\xf7\x46\xbe\xfe\x08\x43\xe2\x28\
\x53\xb6\x5d\x1c\x27\x5c\x30\xb6\xf4\x86\xed\xfd\xd6\x6b\x13\x1f\
\xf9\x5a\xcb\xfe\x26\x34\x75\x54\x1e\xe2\x72\xec\x04\x25\xc2\xd0\
\x28\x58\x40\x3a\x65\xde\xe5\x21\xb4\xf5\xf5\x60\x09\x68\x1a\xd7\
\x2e\xad\x1a\x3e\xd6\x46\xe1\xf4\x73\xbf\xd7\xa5\xae\xbd\xe9\xcb\
\x8a\xbb\x7d\x25\x82\x6e\x47\xf9\x22\x18\xad\x59\xb2\x44\x4c\x2c\
\x04\xc9\x30\xc5\xa8\xe8\xb5\xb2\xa1\xc2\x13\xbe\x6a\xbf\x71\xf2\
\x92\x0b\x1f\xef\x58\x8b\x27\xb2\xb0\x07\x5a\xf3\x2a\xe8\x83\x4c\
\xa3\xff\xeb\x77\xfb\xb8\x1a\x9e\xd5\x09\xc6\xbd\x23\x16\xce\xad\
\x93\x03\x92\x05\x6e\xf7\x1d\x0a\x3b\x05\xbb\x65\x9d\x3e\x63\xc9\
\x49\x93\x7f\xf5\xdd\xfc\xa7\x7d\x02\x50\x0b\x00\x9f\x60\x20\xc8\
\x24\x7e\x1b\xf7\xd7\x9c\xf0\x25\x89\xc8\x37\x62\x6e\x8f\xa3\x34\
\x18\x9a\xbd\x60\xb4\xc6\x04\x12\x42\x84\x45\x4c\x68\x9d\x83\x6f\
\xda\x9b\xd9\x69\xbf\x99\x2e\xb8\xf5\x81\x64\x3a\xeb\x55\x03\xc1\
\xaa\xec\x34\x3e\x10\xad\xab\x3a\x92\x9c\xc6\x20\x90\x1e\x1f\xd2\
\x6b\x1b\x27\xb2\x89\x8f\x2b\x70\x11\x00\x7e\xf0\xfa\xe9\xd1\xc2\
\xcb\x27\xbe\x12\x11\xbd\x06\xf9\xa6\xe4\x85\x45\xdc\xcd\xd9\x77\
\x9e\x1e\xb7\xf4\xcc\x73\x3e\xed\x4b\x40\xb5\x00\x70\xa0\x04\x82\
\xc6\x54\xdc\x16\x47\x7f\x99\xd0\x30\x35\x82\x86\xe3\xac\x10\xf0\
\x6d\xc9\x30\x59\x04\xc4\x42\x22\x57\x44\x24\x8c\x8f\x92\x6e\x79\
\xc5\x47\xfb\xf4\x42\xf7\x3f\xcf\xbe\xee\xc9\xef\xec\xac\xde\xa8\
\x09\x24\x98\x3e\xc5\x6c\xb6\x0f\xba\xfd\x33\x8d\x0f\x9f\x2c\xca\
\xfd\x56\x80\x42\x02\x0c\x1d\x11\x11\xa7\x4d\xac\xf9\xd5\xf8\x45\
\xe7\xfd\x63\x95\x25\x58\x6b\x02\xd6\xf0\x89\x36\xd2\x92\xcd\xe9\
\xdc\xb8\x65\xe7\xff\x9a\x46\x3f\x73\x6a\xce\xbe\xfd\x25\x4f\x6f\
\x7f\x3e\x44\x8e\x0c\x8b\xa8\x14\x15\x35\xce\xb2\x29\xea\x32\x8c\
\x76\x9d\x9e\x27\x76\x71\x06\xdf\x14\xdf\x79\xc6\xcb\xb3\x87\xcd\
\xfb\x8f\x7b\xc6\xde\x36\x30\x89\xa4\x21\xbc\xe7\x47\xc0\x9f\xa0\
\x6f\xe1\x81\x82\xaa\xc6\x1f\xfb\x4e\x53\x44\x74\x91\x00\x34\x00\
\xe1\xdb\x22\x7c\x9d\x6b\xc6\x7e\xf0\x1e\xa8\x65\x00\x35\x74\x4a\
\x46\x30\x7f\x7e\xa3\xda\xf4\xfd\x1f\x5e\xa9\x6c\xfc\x1b\x8e\xa8\
\x1f\xed\x88\x18\xca\xb6\x64\x2d\x1b\x0b\x0a\xd2\x56\x25\x5c\xe5\
\xc2\x45\x4e\x6f\x6b\x65\x51\xbc\x5f\x53\xeb\x1d\x93\x96\x7c\xee\
\xd9\x03\xbd\x4f\xf0\xf1\x92\x97\x88\x67\x0e\x5b\xf8\x74\x83\xdb\
\xbf\xa9\xc4\x79\x5f\x91\xe3\x94\x4d\xeb\x36\xd1\xe5\xe5\xe3\x92\
\x4f\x5e\xb7\xb3\x56\x02\xd4\x02\xc0\x01\x59\x37\xef\x5e\xab\x15\
\xc0\x9c\x33\x9e\xb8\x88\x0a\xe1\x6f\x4b\xd4\x9f\x17\x76\xba\xa0\
\xc8\x79\x26\x86\x06\x5b\xc1\x24\x58\x42\xa9\xb0\x08\x21\xe7\xb7\
\x82\x51\xf8\x93\x8c\x15\x6e\xdd\xf4\xf9\x87\x1e\xbc\xe1\x86\x9b\
\xca\xef\xf5\x09\xc0\x9f\xa6\x65\x97\xea\x22\xd3\x9c\x73\xef\x3a\
\x5e\xee\x3a\xfe\x45\xa1\xea\x1c\x66\xad\x23\x32\xae\x72\xfe\xa6\
\x87\xc6\x2d\x1b\xfd\xb9\xdd\x14\xe7\x1a\x6a\x25\xc0\x81\x55\x1a\
\x04\xeb\xc7\x99\x44\x46\xc2\x12\xc6\x2f\xbc\xe0\xb1\x71\x2b\x1b\
\xcf\x2f\x85\xde\x69\x6a\xf3\x37\xdd\x07\xbf\xac\xc3\x14\x75\x44\
\x20\x6e\x07\xc3\xda\xe4\x4d\x5e\x93\x0c\x71\x54\xf5\x3b\xcf\x29\
\x1f\x96\xe9\x7b\xef\xb8\xe5\x33\x4f\x79\xfc\x9b\xb7\x9f\x7c\x7b\
\xcf\xc0\xb7\xf0\xaf\xf8\x04\x87\x7c\xc0\x1f\xf2\x6a\xf0\x19\x29\
\xd7\x7b\x7c\x5c\xf5\x70\x2d\x1b\x53\xb1\x1e\x23\x23\xdb\x1f\xf8\
\xb4\xcb\x80\xd7\x32\x00\x1c\x4c\x0b\x47\x19\xd9\xb1\x73\x7e\xef\
\xe8\x87\x3e\x8b\x52\xfc\x3a\x70\xf8\xea\x98\xdb\xa3\x5e\x03\xd0\
\xd6\xd3\x81\xd0\x65\x65\xbd\x86\x5c\x45\x4c\x28\x98\xd6\x2d\x2c\
\x73\xf7\x4a\x6a\xb9\x23\xb9\xe4\x8a\x3f\x77\x5c\x91\x9d\xd6\x3c\
\xe6\x90\xb4\xc0\xae\xf6\x3f\xee\xb9\xf0\x9e\x3a\x77\xc7\x91\xaf\
\x84\x54\xf7\xfe\xbe\xf5\xb4\x12\x21\xe5\x99\x96\x96\x1d\x72\xe5\
\x71\x5f\x5b\xfc\xb5\xad\xb5\xf4\xbf\x16\x00\x0e\xc6\x40\xb0\xbb\
\xd3\x7f\xd7\xb9\xd3\x07\x50\xcb\x11\x93\x5d\x6e\x98\x1c\x75\xba\
\x1e\x0d\x92\x28\x73\xd1\x32\xb3\x25\x66\x62\x21\x59\x91\x52\xae\
\xa3\x90\x2b\xb5\x78\xd6\x14\x1f\x63\xd1\x7e\xbb\xf3\x4f\x33\x1e\
\x4d\x26\xb3\xc1\xf4\x01\x2c\x57\xe1\xd0\x2a\x0f\xaa\xeb\xbf\xb3\
\x4f\x7b\xec\x2b\xf5\xe2\xa8\xdf\x15\x6d\x59\x33\x33\xe2\xb2\x4e\
\xb5\xfa\xab\x67\x4c\x58\x7e\xee\x17\x3b\x43\x45\xb9\x16\x00\x6a\
\xf8\x84\xc8\x36\x2c\x86\x24\x40\xbb\x49\x45\x97\xa4\xa2\xf1\xed\
\x67\x5c\xe1\x98\xf8\x75\xb0\x6e\x63\xc4\xe9\x8a\x32\x97\x60\xd9\
\xf8\x00\x13\x09\xc1\x0c\x52\x11\x8e\x92\xe6\x02\x4a\xdc\xf6\x82\
\x6f\x73\x33\xcb\x5d\xd6\xcf\xbe\xee\xe9\xeb\xde\xed\xd8\x7b\xf8\
\x18\x67\xf4\xfb\xed\xf6\x9f\x06\x50\xcf\xc4\xff\x44\x7b\xac\x3f\
\xf9\xa5\xb0\xd3\x6b\x90\x6f\xcb\x86\x84\x14\xf0\x8b\xec\xa9\xb5\
\xc3\x27\x2c\x4e\xbc\x50\x0b\x00\xb5\x00\x70\x48\x6c\x1f\xa2\x71\
\x8c\xd8\x3d\xc7\x26\xe0\xae\x91\x99\xc6\x90\xed\xf5\x75\x61\x63\
\x97\x44\x9d\x1e\x11\x8f\xcb\xd0\x6c\x34\xd8\x54\x45\xf0\x84\x2b\
\x5d\x21\x2c\x21\xef\x6d\x7d\x17\xaa\x90\xb1\x6e\xfb\x5d\x13\x17\
\x5d\xb1\xb2\x63\x79\xf0\x71\xab\x0f\x75\xda\x33\xa9\xcc\xf5\x67\
\x0f\x7f\x28\xdd\x55\x9d\xf8\x6f\x39\xce\x19\x30\x73\xc4\x89\xab\
\x96\xe2\xba\xc7\xae\x5e\x79\xce\xd8\x4f\xbb\xfa\x4f\x2d\x00\x1c\
\xa2\x93\x83\x8e\xb7\x77\xa6\xe9\x81\x63\x6d\xb1\xfb\xd5\xac\xdd\
\x6b\x62\xb2\xe1\x30\x4b\x02\x3e\x97\x0d\x88\x03\x09\x5e\x12\x2c\
\x58\x39\x2e\x29\xe4\x4d\x8b\x81\x28\xcd\x33\x4e\xee\xb6\xdc\x09\
\x7f\x78\x64\xea\x2d\xb7\x14\xaa\x44\x9a\x6c\x22\x4b\xc9\x6c\xc2\
\xe2\x20\xc8\x0a\x12\x89\x8c\xcc\x66\x93\x66\xe6\x19\x99\x13\x22\
\xde\x91\xcb\x85\x88\x86\x0c\xfb\x44\x24\x19\xec\x53\x91\x37\x8d\
\xbe\x7a\xd9\xd8\x25\xb5\xdb\xbf\x16\x00\x0e\xe9\x3e\xc1\xaa\xec\
\x7b\x1c\xfb\xe9\x8d\xbf\xec\x11\xcf\x1f\x97\x14\xd4\xf0\xa5\x30\
\x35\x9c\xaa\x44\x04\x65\x94\x61\xd9\x68\x80\x89\x58\x30\x04\xa9\
\x30\x85\x61\x6c\x09\x45\xbd\xf3\x4d\xc0\x9b\x89\x50\x79\xf6\xf8\
\xe7\xc6\xae\x39\x88\xb2\x02\xca\x24\x58\xac\x3a\x81\xf8\xb8\x87\
\x9a\x17\xd6\x45\xfa\x8f\x2e\x9a\x9c\x61\x26\x8e\xcb\x7a\xd5\x6a\
\xd7\xdc\x3b\x61\xc9\xd9\xe3\x6b\xa3\xbf\x5a\x00\xf8\x14\x89\x93\
\x4c\xdb\xdd\x27\xc8\x30\xa4\x3e\xfd\xb1\x0b\xe1\xc5\xae\x15\xd6\
\xb9\x28\x1e\xea\x15\xf5\xe0\xc3\xb7\xbe\x26\x58\x22\x00\x4c\x8a\
\x1d\xe1\x2a\xc5\x84\x82\xdf\x92\xb7\x5c\x7c\xdc\x3a\xa5\x3b\xb6\
\x8f\x78\x6d\xde\x0d\x37\xdd\x50\x7e\xaf\xff\x90\xa5\x03\xad\x57\
\x30\x7d\xe8\x74\x67\xea\xca\xa9\xfe\x3d\x43\x1f\xfb\x69\x57\xe7\
\xd8\xef\x17\x90\xd7\xcc\x2c\x1c\x11\x86\xaf\x5b\x76\xc1\xdd\x70\
\x72\xe2\xd9\xc4\xdb\xd3\x30\x8d\x0e\xc6\xd2\xa6\x16\x00\x6a\xe8\
\x14\x86\x21\x00\xdc\x71\xd6\x1d\x47\xbb\x85\xc3\xa6\x28\x5b\x3f\
\x39\xe6\x76\xeb\x6f\x21\x51\x46\x89\xc1\x30\x04\x4b\x80\x60\x01\
\xa9\x42\x32\x04\xdf\x14\xe0\xe9\x5d\xaf\xb1\x2a\xcd\x36\xa1\x96\
\xb9\x13\x17\x5e\xf9\xe6\xfb\x98\x86\x9f\xf8\xfe\xc1\xf4\xa1\x2b\
\x9c\xa9\x2b\x87\xf9\xf7\x8c\xfc\xc3\x35\x75\x7c\xd4\x0c\x5f\x28\
\xcd\xac\x15\x91\xd4\x11\x11\x52\x2d\xfe\x9a\xaf\x4e\x5a\x7e\xfe\
\xff\xd6\x94\x7f\x6a\x01\xe0\x53\xfd\x1d\x67\x12\x19\xd1\x71\x8c\
\x78\xf3\xc5\x37\x77\xed\xb6\xe3\x98\x2f\x48\x5b\x77\x8d\xb0\xee\
\x68\x57\xd5\xa1\x04\x1f\x6c\xb5\x06\x18\x24\x88\x09\x82\x24\x39\
\xca\x61\x85\x76\xef\xdd\x92\xa5\xf2\x02\x11\xf1\x66\x87\xbb\xaf\
\x7a\xe8\x8a\x3f\x7e\xbb\xb5\xaa\xb9\x97\x6a\x5c\x20\x3f\x89\x12\
\xa1\x3a\xf2\xbb\xf9\xd4\xbb\x2e\xe8\x29\x86\xfc\x51\xca\xb8\xd2\
\x28\x13\x91\x34\x31\x11\x73\x5a\xf5\xfa\xfb\x27\x2c\x6b\xfa\x42\
\xed\xf0\xd7\x02\x40\x0d\x1f\x34\x3d\x10\xc0\xac\x11\x0f\x36\x0a\
\x53\xf7\x45\x42\xec\xb2\x98\xec\xd6\x60\xc9\xa2\x6c\xcb\x16\xcc\
\x81\x40\x01\x29\x96\x10\xca\xa5\x10\x98\x7d\x14\xed\x8e\xb7\x2d\
\x97\x7e\xaf\xa9\x7d\xee\xd5\xcb\x3f\xb7\xa4\x83\x17\x80\xc8\x7e\
\x0c\x25\x42\x47\x7f\x86\x3b\x4e\xbb\xf7\xd2\xb8\x1d\x74\xaf\x92\
\x0d\x11\x6d\x4b\x4c\x20\xeb\x8a\x88\x2a\xea\x6d\x6b\xca\x87\xbd\
\x39\x72\xf2\x03\x93\x77\xd6\x52\xff\x5a\x00\xa8\xe1\x03\xcb\x03\
\x61\xaa\x7a\x18\x73\x2e\x98\x73\x84\x69\xe9\x99\x94\x26\x9a\x74\
\x28\x32\x34\xac\xba\xa0\xcc\x1e\x0c\xb4\x4f\x6c\x45\xe0\xab\x2b\
\xe0\xa8\x20\x2b\xc8\x79\x2d\x6c\xd9\x5f\x6c\x43\xed\x73\x11\xde\
\xf5\xc7\x49\xf3\xaf\xdc\xf0\x9e\xe8\x07\x4b\x24\xb2\xe8\xec\x60\
\x10\x74\xf1\xaf\x32\x00\x63\xe6\xf0\xc7\xfe\x5f\x98\x7a\xfd\x52\
\xc8\x18\xac\xf5\x2c\x00\x48\x72\x85\xb5\xf9\xb6\x16\x5a\x7b\xd6\
\x75\x4b\x13\x2f\x77\xb6\xcc\x78\x2d\x00\xd4\x80\x43\x71\x7a\x80\
\xec\x6e\x77\x64\xa4\x52\x10\xc7\x3c\xf1\xc0\xd9\xb0\xb1\x29\xd2\
\xd6\x5d\x12\x53\x3d\x1a\x2c\x00\x8f\x4b\xd6\x32\x5b\xaa\x88\x6d\
\x10\x91\x0c\x89\x30\x11\x31\x0a\xde\xae\x36\xa6\xfc\x93\x46\x15\
\x32\x3a\xba\xf5\xe9\x29\xf3\xa6\xec\xe8\xd8\x2f\x00\xb2\xf8\x28\
\x72\x66\x29\xa4\xc4\x10\x4c\xa3\x24\xc8\xdc\x78\xe1\x85\xa1\x5e\
\x3b\xbf\xfb\xdb\x3a\x75\xf8\x97\xcb\x6c\xac\xb1\x3e\x88\x88\x25\
\x85\x84\xe5\x9c\x2e\x84\xde\xb9\x6c\x72\xf3\xe7\x1e\xaf\xa5\xfe\
\xb5\x00\x50\xc3\x47\x29\x0f\x00\xcc\x6c\xbc\xe5\x70\x59\x3c\x32\
\x41\xd6\x1d\xe7\x50\x7c\x44\x44\x75\x81\xc7\x3e\x7c\xf6\x35\x81\
\x99\x19\x04\x01\x08\x52\x2a\x04\x17\x96\x3d\x78\x7e\xdb\x46\x43\
\xfa\x71\x70\xe9\x7e\xaf\xdb\xf3\xcd\x93\xff\xf4\xdd\x7c\xc7\x91\
\xe2\x9e\x2b\x03\x31\x65\x12\x59\xd1\x31\x38\xdd\x73\xda\x7d\xa3\
\xa5\xe9\xfb\x5f\xf5\x6e\xbf\x11\x45\x5b\xd4\xcc\xbe\x60\x26\xeb\
\x50\x58\x19\x9b\xf3\x72\x6a\x5d\xe2\x9a\xe7\xbe\xf0\x60\x4d\xec\
\xa3\x16\x00\x6a\xf8\x88\x4d\xc3\x8e\x07\x0f\x02\xc8\x8c\x7a\xf4\
\x0c\x5b\x8e\x4e\x10\x14\xb9\x3c\x22\x1a\xfa\x02\x0a\x65\x94\x60\
\xc1\x9a\xd8\x12\x07\xdc\x63\x52\xe4\x4a\x57\x84\xe0\xdb\x02\x3c\
\xbf\x7d\x9d\x41\xfe\x21\x13\xd9\x91\x71\xbf\x75\xe5\x92\x64\x12\
\xe6\x6f\x7c\x0f\xf1\xd7\xe2\x1c\xab\xb6\xf6\xa4\x21\xcd\x63\x38\
\x89\xf7\x6e\xef\xd9\x4d\xb3\x87\xa8\x7c\xbf\xef\x12\xea\x27\xbb\
\xaa\x0b\x79\xb6\xa8\x01\x23\x41\xa4\x43\x14\x77\x3c\x6f\xe7\x8e\
\x42\x68\xe3\xf8\xc9\xcf\x7e\xee\x4f\xb5\xc3\x5f\x0b\x00\x35\x74\
\x26\xbf\xbe\x71\x81\x4c\x37\x9f\xad\xab\xd9\x7b\x26\x91\xe9\x66\
\xb7\x74\xbd\x48\x94\x62\xe3\x61\x9d\x73\xa2\xb2\x6b\x58\x13\xc3\
\x43\xd9\x32\xac\x15\x5c\x29\x12\x88\x48\x0a\x57\xba\x70\x50\x32\
\xbb\x50\x36\xed\x2f\x0b\x32\x8f\xb0\xca\x3f\xa5\x0e\xff\xf3\xca\
\x64\xf6\xfb\xbb\x3e\xec\xdf\x9e\x31\x65\x4a\x38\xbc\x66\xe2\x68\
\x2e\x87\x26\x2b\xc4\x92\x11\xd5\x3d\x5c\xe2\x82\x05\x1b\x66\x80\
\x84\x50\x26\x42\x51\x27\xef\x6d\xf9\x73\x6b\x68\xed\xf8\xeb\x9f\
\x9d\xb0\xaa\x76\xf8\x6b\x01\xa0\x86\xfd\xda\x2b\x48\xa0\xe3\xcd\
\x3c\xe7\xac\xfb\x8f\xb7\xf9\xd8\x55\x8c\xd0\x95\x21\xd9\x30\x24\
\x22\xbb\x04\xa6\x20\xd6\x33\x4c\xe0\x20\x68\x10\x08\x24\x5d\x11\
\x22\x45\x0a\x65\x93\x83\x67\xf3\x1b\x85\xf0\x5f\xf4\xb9\xbc\x8c\
\xa4\x7e\x47\xc5\xc4\x76\xd2\xc8\x73\x58\xd4\xdb\x76\xd3\x8b\x3c\
\xf7\x14\x32\xa1\x31\xca\xe9\x72\x6c\x48\xc6\x51\xb4\x39\x58\xb6\
\x1a\x64\x25\x20\xb4\xe2\xb0\xa3\x08\x68\xf7\x36\xce\x7d\x2b\xfa\
\xf8\x57\x7f\xb0\xe8\x67\x2d\xb5\xc3\x5f\x0b\x00\x35\x7c\x9c\x8a\
\xbf\x1d\x68\xc7\x99\x4c\xc2\x35\xbf\xb9\xf6\x4c\xf6\x63\x49\xc1\
\xd1\x8b\xc2\x88\xf5\x97\x22\x04\x8f\x7d\x18\x68\x03\xb2\x0c\x8b\
\x80\x5f\x40\x42\x4a\x11\x12\x0e\x2b\x30\x2c\x98\x0d\x2c\xfb\xb0\
\x6c\x21\x85\x82\x60\x05\x21\x14\x34\x59\x78\xa6\x64\xc1\xd6\x32\
\x59\x01\x90\x15\x10\x2a\x2c\xc2\x28\x99\x9d\x9b\x3c\xb1\xe3\x5f\
\x27\x2c\xbe\xf0\x8e\x0e\xfe\x0b\xb5\x86\x5f\x2d\x00\xd4\x80\x4f\
\xb8\x71\x98\x39\x37\xd3\x25\xdf\x12\x6b\x72\x10\xb9\x4a\x52\xe4\
\xbc\xa8\xe8\xd6\x9d\xa4\x03\x8f\x3d\x58\xd6\x1a\x04\x46\x65\xac\
\x58\x59\x34\x22\x80\x28\x28\x1c\x98\x41\x15\xcb\x61\x58\xc1\x0c\
\x26\x21\x58\x0a\xd7\x09\x93\x8b\xbc\xb7\x75\x57\x99\x5a\x6f\xf7\
\x7b\xbc\xf1\x9f\xd7\x3e\xfa\x8d\x2d\x29\xb0\x98\x06\x70\x4d\xdc\
\xa3\x16\x00\x6a\x38\xd0\x1a\x87\x00\x66\x24\x66\xf4\x09\x6d\xec\
\x77\x2e\xf9\xb1\xa4\x40\xe8\x8c\x30\xd5\x75\x95\xc2\x85\x4f\x16\
\x9a\xcb\x00\xb3\x61\x06\x07\x21\x00\xcc\x0c\xa2\x20\x42\x48\x45\
\x8a\x1c\x72\x41\x60\x14\x4c\xcb\xbb\x56\x14\x67\x79\xf5\x9b\x7f\
\x37\xf9\xc9\xe4\xea\xda\xad\x5f\x0b\x00\x35\x1c\xe0\x25\xc2\xfb\
\x83\xc1\xec\x73\x67\xf7\xf3\xb6\xd5\x9f\xe1\x50\xfc\x22\xa9\xc2\
\xa3\x19\x6a\x40\x48\x46\x43\x12\x0a\x42\x4a\x10\x08\xd6\x32\x98\
\x0d\x7c\x93\x87\x86\xbf\x95\xa4\x5e\xe6\xdb\xf2\x83\xe5\xd0\xda\
\x07\xbe\xb4\xe8\x4b\xdb\x3a\xf8\x20\xd8\xda\xad\x5f\x0b\x00\x35\
\x1c\x24\x53\x04\x34\x8f\xb1\x1d\x85\x38\x6e\xfc\xe6\x37\x43\xbd\
\x5e\x6d\x1a\x58\xd8\x81\x23\xa3\xd1\xfa\xde\x12\xaa\x1b\x0b\x38\
\x16\xa6\x4d\x97\xf5\x16\x11\x29\x6f\x89\x74\x6b\x79\xe3\xf3\x0f\
\xfc\x35\xa1\xe8\x40\x75\x42\xaa\xa1\x86\x1a\xf6\x20\x18\x64\x12\
\x19\x99\x01\xcb\xbd\x91\x40\x4b\x35\xce\x57\x35\xb3\x93\x5a\x06\
\x50\xc3\xa1\x96\x19\x60\x1a\x0d\x49\x0c\xa1\xaa\x8b\x6f\x15\x55\
\x52\xd0\xc1\xae\x51\x58\x43\x0d\x35\xd4\x50\x43\x0d\x35\xd4\x50\
\x43\x0d\x35\xd4\x50\x43\x0d\x35\xd4\x50\x43\x0d\x35\xd4\x50\x43\
\x0d\x35\xd4\x50\x43\x0d\x35\xd4\x50\x43\x0d\x35\xd4\x50\x43\x0d\
\x35\xd4\x50\x43\x0d\x35\xd4\x50\x43\x0d\x35\xd4\x50\x43\x0d\x35\
\xd4\x50\x43\x0d\x35\xd4\x50\x43\x0d\x35\xd4\x50\x43\x0d\x35\xd4\
\x50\x43\x0d\x35\xd4\x50\x43\x0d\x35\xd4\x50\x43\x0d\x35\xd4\x50\
\x43\x0d\x35\xd4\x50\x43\x0d\x35\xd4\x50\x43\x0d\x35\xd4\xf0\x77\
\xf1\xff\x01\xbf\xa1\x04\x47\x54\xb1\x42\x1a\x00\x00\x00\x00\x49\
\x45\x4e\x44\xae\x42\x60\x82\
"

qt_resource_name = b"\
\x00\x05\
\x00\x70\x37\xd5\
\x00\x69\
\x00\x6d\x00\x61\x00\x67\x00\x65\
\x00\x0d\
\x0d\x5c\xdb\xe7\
\x00\x69\
\x00\x63\x00\x6f\x00\x6e\x00\x5f\x00\x79\x00\x6f\x00\x6b\x00\x65\x00\x2e\x00\x70\x00\x6e\x00\x67\
"

qt_resource_struct_v1 = b"\
\x00\x00\x00\x00\x00\x02\x00\x00\x00\x01\x00\x00\x00\x01\
\x00\x00\x00\x00\x00\x02\x00\x00\x00\x01\x00\x00\x00\x02\
\x00\x00\x00\x10\x00\x00\x00\x00\x00\x01\x00\x00\x00\x00\
"

qt_resource_struct_v2 = b"\
\x00\x00\x00\x00\x00\x02\x00\x00\x00\x01\x00\x00\x00\x01\
\x00\x00\x00\x00\x00\x00\x00\x00\
\x00\x00\x00\x00\x00\x02\x00\x00\x00\x01\x00\x00\x00\x02\
\x00\x00\x00\x00\x00\x00\x00\x00\
\x00\x00\x00\x10\x00\x00\x00\x00\x00\x01\x00\x00\x00\x00\
\x00\x00\x01\xa0\x31\xb4\x42\x59\
"

qt_version = [int(v) for v in QtCore.qVersion().split('.')]
if qt_version < [5, 8, 0]:
    rcc_version = 1
    qt_resource_struct = qt_resource_struct_v1
else:
    rcc_version = 2
    qt_resource_struct = qt_resource_struct_v2

def qInitResources():
    QtCore.qRegisterResourceData(rcc_version, qt_resource_struct, qt_resource_name, qt_resource_data)

def qCleanupResources():
    QtCore.qUnregisterResourceData(rcc_version, qt_resource_struct, qt_resource_name, qt_resource_data)

qInitResources()
